image_path,label,split,image_id,label_name,true_label,weak_label_kmeans,confidence_score,weak_label_kmeans_filtered
data\labelled\normal\d86f39ec-55a1-4484-bcfd-78d5debb43f8.jpg,0,train,d86f39ec-55a1-4484-bcfd-78d5debb43f8,normal,0,0,0.5727045,0
data\labelled\normal\6eb7dfc4-dd36-41cb-b5ea-f68c01aab86b.jpg,0,train,6eb7dfc4-dd36-41cb-b5ea-f68c01aab86b,normal,0,0,0.55330956,0
data\labelled\cancer\e3d3fa80-8a89-4051-b0fa-0c8b4afd2c0a.jpg,1,train,e3d3fa80-8a89-4051-b0fa-0c8b4afd2c0a,cancer,1,1,0.57314205,1
data\labelled\cancer\9de0f27b-f3db-4bd7-a2ad-6e785ef36cdc.jpg,1,train,9de0f27b-f3db-4bd7-a2ad-6e785ef36cdc,cancer,1,1,0.57550657,1
data\labelled\normal\b8a6c84a-b258-475d-b97d-7612bad79cad.jpg,0,train,b8a6c84a-b258-475d-b97d-7612bad79cad,normal,0,1,0.5668499,1
data\labelled\normal\4131a20d-a19d-4cd9-8791-ee358e6f42d6.jpg,0,train,4131a20d-a19d-4cd9-8791-ee358e6f42d6,normal,0,0,0.5495743,0
data\labelled\cancer\b6a41ca0-aeea-43a8-b629-7c433cf03143.jpg,1,train,b6a41ca0-aeea-43a8-b629-7c433cf03143,cancer,1,1,0.55379677,1
data\labelled\cancer\ad5ff4c2-0fe6-4e8c-a022-c11fff3643f3.jpg,1,train,ad5ff4c2-0fe6-4e8c-a022-c11fff3643f3,cancer,1,1,0.5501174,1
data\labelled\cancer\9c3a8bbd-8bdb-4fdc-8573-7897d77224c9.jpg,1,train,9c3a8bbd-8bdb-4fdc-8573-7897d77224c9,cancer,1,1,0.57793176,1
data\labelled\normal\0161f9bf-fa93-4d02-8dce-84bfd49fe6a2.jpg,0,train,0161f9bf-fa93-4d02-8dce-84bfd49fe6a2,normal,0,0,0.5785064,0
data\labelled\cancer\bbde529e-fccd-4dc5-adfa-622852402a67.jpg,1,train,bbde529e-fccd-4dc5-adfa-622852402a67,cancer,1,1,0.58949614,1
data\labelled\normal\e30c2ce4-50bd-44a9-8db0-d54f47cc61b5.jpg,0,train,e30c2ce4-50bd-44a9-8db0-d54f47cc61b5,normal,0,0,0.57677364,0
data\labelled\normal\c04639ab-3a69-4632-8740-651317d7a382.jpg,0,train,c04639ab-3a69-4632-8740-651317d7a382,normal,0,0,0.55921483,0
data\labelled\cancer\1c043dbb-4623-4769-8e5e-0223bd745040.jpg,1,train,1c043dbb-4623-4769-8e5e-0223bd745040,cancer,1,1,0.55959445,1
data\labelled\cancer\fb26fe09-029a-4386-a7eb-0b00c87a675d.jpg,1,train,fb26fe09-029a-4386-a7eb-0b00c87a675d,cancer,1,0,0.55127597,0
data\labelled\cancer\c6acea0d-0c31-4ce8-b0f8-b4a610a9477d.jpg,1,train,c6acea0d-0c31-4ce8-b0f8-b4a610a9477d,cancer,1,1,0.5662948,1
data\labelled\normal\cb46329d-12f5-451d-94c6-cb094c101742.jpg,0,train,cb46329d-12f5-451d-94c6-cb094c101742,normal,0,0,0.56853306,0
data\labelled\cancer\d66dbd3f-d03a-43c9-bf95-a97503acc602.jpg,1,train,d66dbd3f-d03a-43c9-bf95-a97503acc602,cancer,1,1,0.57855356,1
data\labelled\cancer\7e3f6acd-c9cc-440e-ba01-fedab0462fed.jpg,1,train,7e3f6acd-c9cc-440e-ba01-fedab0462fed,cancer,1,0,0.5191205,0
data\labelled\cancer\bb6a90e9-c19c-4a19-b5f8-b11460f393fe.jpg,1,train,bb6a90e9-c19c-4a19-b5f8-b11460f393fe,cancer,1,1,0.57144314,1
data\labelled\normal\b1453a6d-1a6e-4749-a86d-0650eda15190.jpg,0,train,b1453a6d-1a6e-4749-a86d-0650eda15190,normal,0,0,0.5605266,0
data\labelled\cancer\a038584c-fc3c-4f82-9a7c-1c4bb7339c2e.jpg,1,train,a038584c-fc3c-4f82-9a7c-1c4bb7339c2e,cancer,1,1,0.567376,1
data\labelled\cancer\972144a3-6ecd-47af-a5dd-e91ab48a21b9.jpg,1,train,972144a3-6ecd-47af-a5dd-e91ab48a21b9,cancer,1,1,0.5435275,1
data\labelled\normal\9e761fb7-da77-4feb-b268-2d873293ee78.jpg,0,train,9e761fb7-da77-4feb-b268-2d873293ee78,normal,0,0,0.5768921,0
data\labelled\cancer\ed12774e-df91-40f1-aed6-77a5a53ede2d.jpg,1,train,ed12774e-df91-40f1-aed6-77a5a53ede2d,cancer,1,1,0.56101876,1
data\labelled\normal\2251259e-64fd-44cd-b813-357d0a47e563.jpg,0,train,2251259e-64fd-44cd-b813-357d0a47e563,normal,0,0,0.576247,0
data\labelled\normal\3ebe5f3a-90d3-4e79-af97-3d9584215044.jpg,0,train,3ebe5f3a-90d3-4e79-af97-3d9584215044,normal,0,0,0.5832491,0
data\labelled\normal\22164f5b-9b9f-4fcc-897a-9f902d730bbe.jpg,0,train,22164f5b-9b9f-4fcc-897a-9f902d730bbe,normal,0,0,0.56998205,0
data\labelled\cancer\be3210d7-e2d1-4cc3-ba77-c1941fd0042a.jpg,1,train,be3210d7-e2d1-4cc3-ba77-c1941fd0042a,cancer,1,1,0.52264655,1
data\labelled\cancer\fc219ce8-d4b3-4015-bb19-3ee1bb963e3e.jpg,1,train,fc219ce8-d4b3-4015-bb19-3ee1bb963e3e,cancer,1,0,0.5417263,0
data\labelled\normal\525c8281-5980-4d11-b608-5176bdeb092b.jpg,0,train,525c8281-5980-4d11-b608-5176bdeb092b,normal,0,0,0.5425081,0
data\labelled\cancer\5af7f2cb-a82b-4635-865e-5b57dbc7a087.jpg,1,train,5af7f2cb-a82b-4635-865e-5b57dbc7a087,cancer,1,1,0.53787106,1
data\labelled\cancer\cb4e6fda-be13-454b-bbda-f75e184444d5.jpg,1,train,cb4e6fda-be13-454b-bbda-f75e184444d5,cancer,1,1,0.58758974,1
data\labelled\normal\3f4cb3e9-75fc-4b40-942c-327f2498b37d.jpg,0,train,3f4cb3e9-75fc-4b40-942c-327f2498b37d,normal,0,0,0.5588443,0
data\labelled\normal\89b229af-866b-4625-82ea-5e8041b9236c.jpg,0,train,89b229af-866b-4625-82ea-5e8041b9236c,normal,0,0,0.52644044,0
data\labelled\cancer\b79ca26b-a909-4d31-a657-c4f357e3c8e3.jpg,1,train,b79ca26b-a909-4d31-a657-c4f357e3c8e3,cancer,1,1,0.57808757,1
data\labelled\normal\09316c60-86c8-4f24-934e-8d433b8b9d72.jpg,0,train,09316c60-86c8-4f24-934e-8d433b8b9d72,normal,0,0,0.6199466,0
data\labelled\cancer\3c3d07cb-ec2a-43b0-b8a3-3a51573ad930.jpg,1,train,3c3d07cb-ec2a-43b0-b8a3-3a51573ad930,cancer,1,0,0.5274029,0
data\labelled\normal\692bfc6f-bcec-42a8-90e9-a867895b9a4b.jpg,0,train,692bfc6f-bcec-42a8-90e9-a867895b9a4b,normal,0,0,0.61141306,0
data\labelled\normal\4a08dc59-4f77-4ae0-80b4-749dbde82b82.jpg,0,train,4a08dc59-4f77-4ae0-80b4-749dbde82b82,normal,0,1,0.5785566,1
data\labelled\cancer\695f9d7a-083f-4856-83d1-638d13b39c99.jpg,1,train,695f9d7a-083f-4856-83d1-638d13b39c99,cancer,1,1,0.5661572,1
data\labelled\normal\4660cb59-2980-4933-a315-3326eb72148e.jpg,0,train,4660cb59-2980-4933-a315-3326eb72148e,normal,0,0,0.5719005,0
data\labelled\cancer\d018fae6-42d9-4de3-acbf-6c2637c28482.jpg,1,train,d018fae6-42d9-4de3-acbf-6c2637c28482,cancer,1,1,0.5798633,1
data\labelled\normal\1953e998-29b8-4d36-975f-007c4fcb84a3.jpg,0,train,1953e998-29b8-4d36-975f-007c4fcb84a3,normal,0,0,0.54642665,0
data\labelled\normal\ab973d15-084b-402c-9ffe-3b953ad26f4b.jpg,0,train,ab973d15-084b-402c-9ffe-3b953ad26f4b,normal,0,0,0.55735564,0
data\labelled\cancer\e4412dd3-fd1e-44cc-8258-f136b540c401.jpg,1,train,e4412dd3-fd1e-44cc-8258-f136b540c401,cancer,1,1,0.5757617,1
data\labelled\normal\71f8bd3d-58a9-485f-860d-cfca5fd01bae.jpg,0,train,71f8bd3d-58a9-485f-860d-cfca5fd01bae,normal,0,0,0.5727045,0
data\labelled\cancer\c6c3d533-e366-42ff-9e69-fa2823910709.jpg,1,train,c6c3d533-e366-42ff-9e69-fa2823910709,cancer,1,0,0.53600246,0
data\labelled\normal\42ba7707-26c1-42bc-a00f-3d456741ef96.jpg,0,train,42ba7707-26c1-42bc-a00f-3d456741ef96,normal,0,0,0.5565334,0
data\labelled\normal\14703976-0467-4acb-ade4-8a375ebfd4f9.jpg,0,train,14703976-0467-4acb-ade4-8a375ebfd4f9,normal,0,0,0.5448433,0
data\labelled\cancer\90f3723c-bc7e-4ad4-a0d7-574a70952231.jpg,1,train,90f3723c-bc7e-4ad4-a0d7-574a70952231,cancer,1,1,0.5385546,1
data\labelled\cancer\05340cd4-3bb2-459d-9937-bf27d52d8351.jpg,1,train,05340cd4-3bb2-459d-9937-bf27d52d8351,cancer,1,1,0.5797835,1
data\labelled\normal\9e28ecf2-b8cd-4ea5-84b3-bf8f92d21f99.jpg,0,train,9e28ecf2-b8cd-4ea5-84b3-bf8f92d21f99,normal,0,0,0.56070745,0
data\labelled\cancer\d8178c68-a01b-4d41-973d-bbd052aa7a4a.jpg,1,train,d8178c68-a01b-4d41-973d-bbd052aa7a4a,cancer,1,1,0.56915605,1
data\labelled\normal\4a71d847-c91b-481d-b112-3550c6655893.jpg,0,train,4a71d847-c91b-481d-b112-3550c6655893,normal,0,0,0.5986935,0
data\labelled\cancer\7565fa51-16fd-4a71-a942-b91713a7a0d6.jpg,1,train,7565fa51-16fd-4a71-a942-b91713a7a0d6,cancer,1,0,0.56348747,0
data\labelled\cancer\46587a13-4250-4d3e-b930-7d7be8f96425.jpg,1,train,46587a13-4250-4d3e-b930-7d7be8f96425,cancer,1,0,0.53425884,0
data\labelled\normal\7b966204-9ca7-4960-b261-026b29b427c4.jpg,0,train,7b966204-9ca7-4960-b261-026b29b427c4,normal,0,0,0.57004344,0
data\labelled\normal\cfda6929-14c5-41b9-b754-6922cb0920dc.jpg,0,train,cfda6929-14c5-41b9-b754-6922cb0920dc,normal,0,0,0.5490082,0
data\labelled\cancer\cc0ae8e9-036f-4ee9-a4ee-6828120e0ea3.jpg,1,val,cc0ae8e9-036f-4ee9-a4ee-6828120e0ea3,cancer,1,1,0.62702096,1
data\labelled\normal\8e1cc70d-cccd-416c-99a5-df64bcadeb26.jpg,0,val,8e1cc70d-cccd-416c-99a5-df64bcadeb26,normal,0,0,0.5829688,0
data\labelled\cancer\9973120d-7335-43da-bd9b-3c686afbcf32.jpg,1,val,9973120d-7335-43da-bd9b-3c686afbcf32,cancer,1,0,0.52023584,0
data\labelled\cancer\4d14c944-eed4-4c4f-8fd9-cbbb53e8f35d.jpg,1,val,4d14c944-eed4-4c4f-8fd9-cbbb53e8f35d,cancer,1,1,0.59737587,1
data\labelled\cancer\5066bf9b-d944-4d40-ba06-d3242c7a4fd1.jpg,1,val,5066bf9b-d944-4d40-ba06-d3242c7a4fd1,cancer,1,1,0.59964037,1
data\labelled\normal\9922995f-dc68-4b39-87c8-68e54635ce32.jpg,0,val,9922995f-dc68-4b39-87c8-68e54635ce32,normal,0,0,0.6167658,0
data\labelled\normal\2794c549-1ec3-4d08-abed-84ccd53791f3.jpg,0,val,2794c549-1ec3-4d08-abed-84ccd53791f3,normal,0,0,0.58679736,0
data\labelled\cancer\0f718241-8f63-4b55-81ce-315324b51069.jpg,1,val,0f718241-8f63-4b55-81ce-315324b51069,cancer,1,0,0.5080853,0
data\labelled\normal\3c213abc-ab17-4037-a8e5-caa7bc1babe1.jpg,0,val,3c213abc-ab17-4037-a8e5-caa7bc1babe1,normal,0,0,0.5861254,0
data\labelled\normal\6c861380-76ee-490d-bf28-a0232af08c43.jpg,0,val,6c861380-76ee-490d-bf28-a0232af08c43,normal,0,0,0.54292035,0
data\labelled\normal\defdbef3-bea2-4f32-9d9a-62af1102ebfd.jpg,0,val,defdbef3-bea2-4f32-9d9a-62af1102ebfd,normal,0,0,0.57751775,0
data\labelled\normal\b24be149-f92f-41bf-bc4f-bf1953122ab8.jpg,0,test,b24be149-f92f-41bf-bc4f-bf1953122ab8,normal,0,0,0.6015323,0
data\labelled\normal\c5a4a35f-f192-4df8-b2c7-025b3619cbae.jpg,0,test,c5a4a35f-f192-4df8-b2c7-025b3619cbae,normal,0,0,0.56547433,0
data\labelled\cancer\bf7004d5-af81-4cf6-8411-b5105eeecda1.jpg,1,test,bf7004d5-af81-4cf6-8411-b5105eeecda1,cancer,1,1,0.62731904,1
data\labelled\normal\64b1b1ba-52e5-449d-9537-d2a1e07c0b10.jpg,0,test,64b1b1ba-52e5-449d-9537-d2a1e07c0b10,normal,0,0,0.5349515,0
data\labelled\normal\c3c504f7-a12a-42e5-92dc-41d0c0ef0ecd.jpg,0,test,c3c504f7-a12a-42e5-92dc-41d0c0ef0ecd,normal,0,0,0.57441235,0
data\labelled\cancer\11a7a426-4806-401e-98b2-b96e7094d1a6.jpg,1,test,11a7a426-4806-401e-98b2-b96e7094d1a6,cancer,1,0,0.4992943,0
data\labelled\cancer\27149ff6-8363-4942-a72a-eb7e38e77099.jpg,1,test,27149ff6-8363-4942-a72a-eb7e38e77099,cancer,1,1,0.59718925,1
data\labelled\cancer\c2df5b36-1533-44b3-8a2e-e74e26bfde2c.jpg,1,test,c2df5b36-1533-44b3-8a2e-e74e26bfde2c,cancer,1,1,0.59300005,1
data\labelled\cancer\f72a85aa-c5ab-4a91-98ec-01bf004d87e3.jpg,1,test,f72a85aa-c5ab-4a91-98ec-01bf004d87e3,cancer,1,0,0.50911653,0
data\labelled\normal\500ef89c-b724-4799-9d49-37f8fdafa1f6.jpg,0,test,500ef89c-b724-4799-9d49-37f8fdafa1f6,normal,0,0,0.5699853,0
data\labelled\cancer\0c6f3641-60d9-4a76-abe5-de89d55d5f2c.jpg,1,test,0c6f3641-60d9-4a76-abe5-de89d55d5f2c,cancer,1,0,0.5723036,0
data\labelled\cancer\e0eb623a-d168-445a-9ac7-b8736568b57c.jpg,1,test,e0eb623a-d168-445a-9ac7-b8736568b57c,cancer,1,1,0.5219208,1
data\labelled\normal\b9b56b95-43de-4c35-8362-400e9271af71.jpg,0,test,b9b56b95-43de-4c35-8362-400e9271af71,normal,0,0,0.60651046,0
data\labelled\normal\747fe2f6-6c50-4e01-8316-f12c9a0d10e6.jpg,0,test,747fe2f6-6c50-4e01-8316-f12c9a0d10e6,normal,0,0,0.5817794,0
data\labelled\cancer\546ccef0-d10d-4e24-b3dd-660365910236.jpg,1,test,546ccef0-d10d-4e24-b3dd-660365910236,cancer,1,0,0.58004653,0
data\labelled\cancer\2fa551e9-5b85-44f6-ab71-6035b4e3f8aa.jpg,1,test,2fa551e9-5b85-44f6-ab71-6035b4e3f8aa,cancer,1,1,0.5885384,1
data\labelled\normal\4a2102b8-0fb8-479a-ad2a-0b5e704489e5.jpg,0,test,4a2102b8-0fb8-479a-ad2a-0b5e704489e5,normal,0,0,0.51708174,0
data\labelled\normal\3e3f6d78-0983-46a9-8755-a67b5f3f5b20.jpg,0,test,3e3f6d78-0983-46a9-8755-a67b5f3f5b20,normal,0,0,0.5711723,0
data\labelled\cancer\9ff6e310-b23a-4240-ac18-9fd99bd48e80.jpg,1,test,9ff6e310-b23a-4240-ac18-9fd99bd48e80,cancer,1,0,0.5336078,0
data\labelled\normal\a0b8c8bc-8784-4af3-843c-f91b0d1e503f.jpg,0,test,a0b8c8bc-8784-4af3-843c-f91b0d1e503f,normal,0,0,0.58901954,0
data\labelled\normal\e3257bee-1143-4866-9d50-618c4ce1413e.jpg,0,test,e3257bee-1143-4866-9d50-618c4ce1413e,normal,0,0,0.58749557,0
data\labelled\normal\41ba782a-10f9-4c8d-8a43-e0b74e3f2329.jpg,0,test,41ba782a-10f9-4c8d-8a43-e0b74e3f2329,normal,0,0,0.57314044,0
data\labelled\cancer\73352791-6331-48a0-b0d1-045fb31d376c.jpg,1,test,73352791-6331-48a0-b0d1-045fb31d376c,cancer,1,0,0.49865288,0
data\labelled\cancer\85b4ab96-9a8b-4cbf-a771-55f4830978fc.jpg,1,test,85b4ab96-9a8b-4cbf-a771-55f4830978fc,cancer,1,1,0.57385314,1
data\labelled\normal\11825cf3-9b35-42d3-ac99-21f26dd2f94e.jpg,0,test,11825cf3-9b35-42d3-ac99-21f26dd2f94e,normal,0,0,0.61299396,0
data\labelled\normal\595aa054-274a-4e4b-9a1b-c0c477c80463.jpg,0,test,595aa054-274a-4e4b-9a1b-c0c477c80463,normal,0,0,0.60418963,0
data\labelled\cancer\2b810835-844c-49ff-b0f1-c7a71a0c696c.jpg,1,test,2b810835-844c-49ff-b0f1-c7a71a0c696c,cancer,1,1,0.5698328,1
data\labelled\cancer\2d662cc1-509b-4657-a208-6d181aedd5e3.jpg,1,test,2d662cc1-509b-4657-a208-6d181aedd5e3,cancer,1,0,0.4907664,0
data\labelled\cancer\a8319ab8-471b-4d18-bb47-a377c4f9bd38.jpg,1,test,a8319ab8-471b-4d18-bb47-a377c4f9bd38,cancer,1,1,0.55465674,1
data\labelled\normal\2593c9b2-36d5-433b-81bf-44ab993a795e.jpg,0,test,2593c9b2-36d5-433b-81bf-44ab993a795e,normal,0,0,0.5809955,0
data\unlabelled\001b158a-7af8-451e-bf31-3a9116265f3a.jpg,-1,unlabeled,001b158a-7af8-451e-bf31-3a9116265f3a,unlabeled,-1,1,0.5746903,-1
data\unlabelled\00366e8d-5520-4d3c-a70b-91a7eec1f521.jpg,-1,unlabeled,00366e8d-5520-4d3c-a70b-91a7eec1f521,unlabeled,-1,0,0.54087293,-1
data\unlabelled\00455a62-f79f-4072-9a23-4951e759acdc.jpg,-1,unlabeled,00455a62-f79f-4072-9a23-4951e759acdc,unlabeled,-1,0,0.5636558,-1
data\unlabelled\004ce5f5-ca6b-490f-9b2f-c322c152e2ee.jpg,-1,unlabeled,004ce5f5-ca6b-490f-9b2f-c322c152e2ee,unlabeled,-1,0,0.50977725,-1
data\unlabelled\005d9a37-8894-4eb5-8367-1015d4a43638.jpg,-1,unlabeled,005d9a37-8894-4eb5-8367-1015d4a43638,unlabeled,-1,1,0.6162207,1
data\unlabelled\009e9d31-9f37-4d97-a941-81501294c403.jpg,-1,unlabeled,009e9d31-9f37-4d97-a941-81501294c403,unlabeled,-1,1,0.59060353,-1
data\unlabelled\009eac4a-c951-4da9-852a-b32e9ce20c6e.jpg,-1,unlabeled,009eac4a-c951-4da9-852a-b32e9ce20c6e,unlabeled,-1,1,0.55125016,-1
data\unlabelled\00e9e198-79de-47ab-9f4e-7b76152324bb.jpg,-1,unlabeled,00e9e198-79de-47ab-9f4e-7b76152324bb,unlabeled,-1,1,0.5764013,-1
data\unlabelled\01274f5e-3064-4efd-af4b-38e164188c31.jpg,-1,unlabeled,01274f5e-3064-4efd-af4b-38e164188c31,unlabeled,-1,1,0.5988647,-1
data\unlabelled\01717fbf-4bcf-475a-a718-361ed07d2854.jpg,-1,unlabeled,01717fbf-4bcf-475a-a718-361ed07d2854,unlabeled,-1,1,0.53916734,-1
data\unlabelled\01d1f0ed-5070-45a8-ad26-f8a95ebec98d.jpg,-1,unlabeled,01d1f0ed-5070-45a8-ad26-f8a95ebec98d,unlabeled,-1,0,0.52687424,-1
data\unlabelled\01d4471e-7c83-4335-ab49-c650d0da1dea.jpg,-1,unlabeled,01d4471e-7c83-4335-ab49-c650d0da1dea,unlabeled,-1,1,0.5643826,-1
data\unlabelled\01e09766-fcd9-4df0-82f7-265f9ffecdf6.jpg,-1,unlabeled,01e09766-fcd9-4df0-82f7-265f9ffecdf6,unlabeled,-1,1,0.6194684,1
data\unlabelled\01f4b8d2-56ed-4d82-ad41-6864de091425.jpg,-1,unlabeled,01f4b8d2-56ed-4d82-ad41-6864de091425,unlabeled,-1,1,0.5749886,-1
data\unlabelled\01fa1329-7524-49f5-8f11-bb9d8717a3fe.jpg,-1,unlabeled,01fa1329-7524-49f5-8f11-bb9d8717a3fe,unlabeled,-1,1,0.5781473,-1
data\unlabelled\0208c07c-bc4b-4741-ad0f-d5beeb18cc52.jpg,-1,unlabeled,0208c07c-bc4b-4741-ad0f-d5beeb18cc52,unlabeled,-1,1,0.5500808,-1
data\unlabelled\02af8a8e-3c79-4a3c-8412-52f483eb9411.jpg,-1,unlabeled,02af8a8e-3c79-4a3c-8412-52f483eb9411,unlabeled,-1,0,0.5150989,-1
data\unlabelled\02d2c771-7bf5-4771-972c-7f123088b7b0.jpg,-1,unlabeled,02d2c771-7bf5-4771-972c-7f123088b7b0,unlabeled,-1,1,0.6149817,1
data\unlabelled\0303753e-919b-4947-8e55-4fc922bfbe35.jpg,-1,unlabeled,0303753e-919b-4947-8e55-4fc922bfbe35,unlabeled,-1,1,0.5855729,-1
data\unlabelled\030d0b45-ee70-41f9-9e56-2581052b2c18.jpg,-1,unlabeled,030d0b45-ee70-41f9-9e56-2581052b2c18,unlabeled,-1,1,0.5770501,-1
data\unlabelled\03bd85ef-651a-4f93-8569-786dbfd37965.jpg,-1,unlabeled,03bd85ef-651a-4f93-8569-786dbfd37965,unlabeled,-1,0,0.52836627,-1
data\unlabelled\03c5ec29-9720-4c07-a8e1-4a8a70852f40.jpg,-1,unlabeled,03c5ec29-9720-4c07-a8e1-4a8a70852f40,unlabeled,-1,0,0.596074,0
data\unlabelled\046474d2-fe65-4639-b211-4d0bb8ad7a43.jpg,-1,unlabeled,046474d2-fe65-4639-b211-4d0bb8ad7a43,unlabeled,-1,0,0.49630177,-1
data\unlabelled\0477e002-4775-44e2-84d9-52b93f5ee697.jpg,-1,unlabeled,0477e002-4775-44e2-84d9-52b93f5ee697,unlabeled,-1,1,0.60804504,1
data\unlabelled\047c949c-1610-4094-bee7-10b6ea7064a5.jpg,-1,unlabeled,047c949c-1610-4094-bee7-10b6ea7064a5,unlabeled,-1,1,0.6176199,1
data\unlabelled\0490c1d6-1860-4838-b5b4-b8f5d0ee5b6e.jpg,-1,unlabeled,0490c1d6-1860-4838-b5b4-b8f5d0ee5b6e,unlabeled,-1,1,0.5780276,-1
data\unlabelled\04b806ad-e6ed-47bc-a2e8-ce0d2d790de4.jpg,-1,unlabeled,04b806ad-e6ed-47bc-a2e8-ce0d2d790de4,unlabeled,-1,0,0.60620564,0
data\unlabelled\04d076ce-4216-47ba-9013-6fe6956c7aed.jpg,-1,unlabeled,04d076ce-4216-47ba-9013-6fe6956c7aed,unlabeled,-1,1,0.6099145,1
data\unlabelled\04d0fcb7-0b6c-4c7b-8dd2-aa70037a0b29.jpg,-1,unlabeled,04d0fcb7-0b6c-4c7b-8dd2-aa70037a0b29,unlabeled,-1,0,0.54651535,-1
data\unlabelled\04dd2b78-0aa3-4364-b762-21a6e71d3658.jpg,-1,unlabeled,04dd2b78-0aa3-4364-b762-21a6e71d3658,unlabeled,-1,0,0.60651046,0
data\unlabelled\050d57f6-aebf-45d9-b4c5-045e92c9e88e.jpg,-1,unlabeled,050d57f6-aebf-45d9-b4c5-045e92c9e88e,unlabeled,-1,1,0.5473701,-1
data\unlabelled\0526db38-5dff-48c0-b682-0c4ae12fc125.jpg,-1,unlabeled,0526db38-5dff-48c0-b682-0c4ae12fc125,unlabeled,-1,1,0.5894891,-1
data\unlabelled\0598d2d0-ffa7-4d6a-9a58-0fb41dc6536e.jpg,-1,unlabeled,0598d2d0-ffa7-4d6a-9a58-0fb41dc6536e,unlabeled,-1,1,0.60096407,-1
data\unlabelled\05e808fc-a00c-4f1e-9682-1f73915f6902.jpg,-1,unlabeled,05e808fc-a00c-4f1e-9682-1f73915f6902,unlabeled,-1,1,0.55054563,-1
data\unlabelled\063a6210-0d77-4f8d-96ea-6a4814c37995.jpg,-1,unlabeled,063a6210-0d77-4f8d-96ea-6a4814c37995,unlabeled,-1,0,0.581069,-1
data\unlabelled\06738ba6-51e3-493c-a215-6fcd19d005ca.jpg,-1,unlabeled,06738ba6-51e3-493c-a215-6fcd19d005ca,unlabeled,-1,1,0.529743,-1
data\unlabelled\06819cc7-d34d-484f-b79a-60c01e7770f4.jpg,-1,unlabeled,06819cc7-d34d-484f-b79a-60c01e7770f4,unlabeled,-1,1,0.5826057,-1
data\unlabelled\06952e36-f936-456d-91b3-fd950445dcc9.jpg,-1,unlabeled,06952e36-f936-456d-91b3-fd950445dcc9,unlabeled,-1,1,0.58136696,-1
data\unlabelled\06a76102-9548-4dab-9572-e78259fa082e.jpg,-1,unlabeled,06a76102-9548-4dab-9572-e78259fa082e,unlabeled,-1,0,0.5714162,-1
data\unlabelled\06b17341-f3bb-4f31-8198-1ebdccbe2367.jpg,-1,unlabeled,06b17341-f3bb-4f31-8198-1ebdccbe2367,unlabeled,-1,0,0.55494577,-1
data\unlabelled\06c78a2d-9a5c-4249-b2ea-a4b267021c70.jpg,-1,unlabeled,06c78a2d-9a5c-4249-b2ea-a4b267021c70,unlabeled,-1,0,0.5337311,-1
data\unlabelled\06dd4af6-faf7-4661-a3cc-c5a30e01bb74.jpg,-1,unlabeled,06dd4af6-faf7-4661-a3cc-c5a30e01bb74,unlabeled,-1,1,0.57664186,-1
data\unlabelled\070e4686-675c-4c4a-a61b-d9d8ed236c7a.jpg,-1,unlabeled,070e4686-675c-4c4a-a61b-d9d8ed236c7a,unlabeled,-1,0,0.5522383,-1
data\unlabelled\0746ecad-9485-4245-a119-cdbe6f074d7a.jpg,-1,unlabeled,0746ecad-9485-4245-a119-cdbe6f074d7a,unlabeled,-1,0,0.5864174,-1
data\unlabelled\07eab220-96c1-466e-b2eb-ab8789548e89.jpg,-1,unlabeled,07eab220-96c1-466e-b2eb-ab8789548e89,unlabeled,-1,0,0.5647159,-1
data\unlabelled\07ee903a-9246-4463-8250-6cd90eeaf08c.jpg,-1,unlabeled,07ee903a-9246-4463-8250-6cd90eeaf08c,unlabeled,-1,1,0.5951706,-1
data\unlabelled\0822f067-f5e2-477d-8005-3ad857c4c1fa.jpg,-1,unlabeled,0822f067-f5e2-477d-8005-3ad857c4c1fa,unlabeled,-1,0,0.5729543,-1
data\unlabelled\0850ca4c-e6e0-44ef-be80-ba3fe3d84483.jpg,-1,unlabeled,0850ca4c-e6e0-44ef-be80-ba3fe3d84483,unlabeled,-1,1,0.5887135,-1
data\unlabelled\08d0d2e6-01f2-4344-b1a4-d603101b76a3.jpg,-1,unlabeled,08d0d2e6-01f2-4344-b1a4-d603101b76a3,unlabeled,-1,1,0.6067577,1
data\unlabelled\0905a879-d869-4756-ab7a-b2f01e7dd122.jpg,-1,unlabeled,0905a879-d869-4756-ab7a-b2f01e7dd122,unlabeled,-1,0,0.5613358,-1
data\unlabelled\096ae32e-065a-4a00-959a-e63b1b5c77d6.jpg,-1,unlabeled,096ae32e-065a-4a00-959a-e63b1b5c77d6,unlabeled,-1,0,0.56617695,-1
data\unlabelled\097aeae8-d3da-4201-ac6c-fb697ee9df68.jpg,-1,unlabeled,097aeae8-d3da-4201-ac6c-fb697ee9df68,unlabeled,-1,1,0.5928932,-1
data\unlabelled\09d56396-71e1-4c05-bf3f-ad755cb175a3.jpg,-1,unlabeled,09d56396-71e1-4c05-bf3f-ad755cb175a3,unlabeled,-1,0,0.5717172,-1
data\unlabelled\09dece73-b184-494f-b636-f5d3113b6f3e.jpg,-1,unlabeled,09dece73-b184-494f-b636-f5d3113b6f3e,unlabeled,-1,0,0.5873212,-1
data\unlabelled\09f30dac-5d5f-42bd-b9b9-43befa636dfd.jpg,-1,unlabeled,09f30dac-5d5f-42bd-b9b9-43befa636dfd,unlabeled,-1,1,0.5562909,-1
data\unlabelled\0a196d89-4764-48b9-ac68-a8b1cb03d713.jpg,-1,unlabeled,0a196d89-4764-48b9-ac68-a8b1cb03d713,unlabeled,-1,1,0.61145395,1
data\unlabelled\0a2bf85c-5b87-4069-8d47-059594d7fe95.jpg,-1,unlabeled,0a2bf85c-5b87-4069-8d47-059594d7fe95,unlabeled,-1,1,0.6040291,-1
data\unlabelled\0a3ac056-66c2-4c74-a857-07670a84928e.jpg,-1,unlabeled,0a3ac056-66c2-4c74-a857-07670a84928e,unlabeled,-1,0,0.59288347,0
data\unlabelled\0a592d17-b235-4d1f-950d-c90598e5d19e.jpg,-1,unlabeled,0a592d17-b235-4d1f-950d-c90598e5d19e,unlabeled,-1,1,0.5828583,-1
data\unlabelled\0a648d43-8eac-4a02-a654-e003192e6647.jpg,-1,unlabeled,0a648d43-8eac-4a02-a654-e003192e6647,unlabeled,-1,0,0.59179384,0
data\unlabelled\0a781fe5-1d36-4035-8553-590e618b8ff2.jpg,-1,unlabeled,0a781fe5-1d36-4035-8553-590e618b8ff2,unlabeled,-1,1,0.53415054,-1
data\unlabelled\0a82d661-71fa-4297-a271-e0f105fb5493.jpg,-1,unlabeled,0a82d661-71fa-4297-a271-e0f105fb5493,unlabeled,-1,0,0.5085155,-1
data\unlabelled\0abaa5bb-40b8-4646-ba24-fae12891b8a4.jpg,-1,unlabeled,0abaa5bb-40b8-4646-ba24-fae12891b8a4,unlabeled,-1,0,0.51663023,-1
data\unlabelled\0aed155d-d211-4e46-b762-25feff9a042d.jpg,-1,unlabeled,0aed155d-d211-4e46-b762-25feff9a042d,unlabeled,-1,1,0.60008985,-1
data\unlabelled\0b1c07b9-ac3e-4107-8832-5399525f3b1f.jpg,-1,unlabeled,0b1c07b9-ac3e-4107-8832-5399525f3b1f,unlabeled,-1,1,0.59201545,-1
data\unlabelled\0b52ef0e-2a70-40c9-902d-2fd6ce8f37bf.jpg,-1,unlabeled,0b52ef0e-2a70-40c9-902d-2fd6ce8f37bf,unlabeled,-1,1,0.6113009,1
data\unlabelled\0b89c970-7727-4316-af01-1b2ea58abecb.jpg,-1,unlabeled,0b89c970-7727-4316-af01-1b2ea58abecb,unlabeled,-1,0,0.6208075,0
data\unlabelled\0b95d2b0-db4a-4f15-a620-032b1b40cbea.jpg,-1,unlabeled,0b95d2b0-db4a-4f15-a620-032b1b40cbea,unlabeled,-1,1,0.6087556,1
data\unlabelled\0bc4000a-21dc-4b24-9d43-888d8696b860.jpg,-1,unlabeled,0bc4000a-21dc-4b24-9d43-888d8696b860,unlabeled,-1,0,0.5545505,-1
data\unlabelled\0beafed8-1e3b-48a3-9bdb-4dbf96432dfd.jpg,-1,unlabeled,0beafed8-1e3b-48a3-9bdb-4dbf96432dfd,unlabeled,-1,1,0.60170984,-1
data\unlabelled\0c0e7e81-ea8a-4854-901e-bf26be7514a0.jpg,-1,unlabeled,0c0e7e81-ea8a-4854-901e-bf26be7514a0,unlabeled,-1,1,0.58179,-1
data\unlabelled\0c2d6a27-24c2-43ff-9743-f080dca7d2aa.jpg,-1,unlabeled,0c2d6a27-24c2-43ff-9743-f080dca7d2aa,unlabeled,-1,1,0.56882524,-1
data\unlabelled\0c4c60e4-3201-429c-93dd-30c36ef4e2b4.jpg,-1,unlabeled,0c4c60e4-3201-429c-93dd-30c36ef4e2b4,unlabeled,-1,0,0.56648165,-1
data\unlabelled\0c62cd9f-f625-4fc3-8e93-264a2436701c.jpg,-1,unlabeled,0c62cd9f-f625-4fc3-8e93-264a2436701c,unlabeled,-1,0,0.5691539,-1
data\unlabelled\0cca1e2e-17f6-4f0d-a3f6-c2af1ca03d8a.jpg,-1,unlabeled,0cca1e2e-17f6-4f0d-a3f6-c2af1ca03d8a,unlabeled,-1,0,0.5809303,-1
data\unlabelled\0ccc544b-06cd-4130-9864-0a94a632093b.jpg,-1,unlabeled,0ccc544b-06cd-4130-9864-0a94a632093b,unlabeled,-1,1,0.6178888,1
data\unlabelled\0cd4183f-123d-44ca-bb0d-040f9e698d24.jpg,-1,unlabeled,0cd4183f-123d-44ca-bb0d-040f9e698d24,unlabeled,-1,1,0.55515504,-1
data\unlabelled\0d0ce970-cc7f-4ce2-8e42-65e259b5d2f7.jpg,-1,unlabeled,0d0ce970-cc7f-4ce2-8e42-65e259b5d2f7,unlabeled,-1,0,0.5652127,-1
data\unlabelled\0d525cdf-aa38-4dd1-bc4b-df94ebdad32f.jpg,-1,unlabeled,0d525cdf-aa38-4dd1-bc4b-df94ebdad32f,unlabeled,-1,0,0.5769316,-1
data\unlabelled\0d76d3dc-2285-4901-94c9-ee2fc0773dad.jpg,-1,unlabeled,0d76d3dc-2285-4901-94c9-ee2fc0773dad,unlabeled,-1,1,0.51747495,-1
data\unlabelled\0de779c6-c7ba-46c7-a6be-3ada2795c545.jpg,-1,unlabeled,0de779c6-c7ba-46c7-a6be-3ada2795c545,unlabeled,-1,1,0.56967944,-1
data\unlabelled\0de780a4-968f-41d7-9729-af487ddfa1a2.jpg,-1,unlabeled,0de780a4-968f-41d7-9729-af487ddfa1a2,unlabeled,-1,1,0.581607,-1
data\unlabelled\0e03c995-5e01-4d93-99bc-24db1ad09cd7.jpg,-1,unlabeled,0e03c995-5e01-4d93-99bc-24db1ad09cd7,unlabeled,-1,0,0.6225442,0
data\unlabelled\0e330b05-12c4-46f5-bcc8-edde0faa0b9e.jpg,-1,unlabeled,0e330b05-12c4-46f5-bcc8-edde0faa0b9e,unlabeled,-1,1,0.60117316,-1
data\unlabelled\0e41c296-eebe-4d49-aa8c-b267bae40310.jpg,-1,unlabeled,0e41c296-eebe-4d49-aa8c-b267bae40310,unlabeled,-1,0,0.5122711,-1
data\unlabelled\0e429956-8bfe-4517-8fe8-be42f0eab341.jpg,-1,unlabeled,0e429956-8bfe-4517-8fe8-be42f0eab341,unlabeled,-1,1,0.5998392,-1
data\unlabelled\0e50ebae-64c8-4178-bca4-de37b348acdf.jpg,-1,unlabeled,0e50ebae-64c8-4178-bca4-de37b348acdf,unlabeled,-1,0,0.5399082,-1
data\unlabelled\0e6c3f73-189a-420c-b17e-17dd19ac7736.jpg,-1,unlabeled,0e6c3f73-189a-420c-b17e-17dd19ac7736,unlabeled,-1,1,0.57507527,-1
data\unlabelled\0e6c5eff-a995-4729-8dec-e46350621ceb.jpg,-1,unlabeled,0e6c5eff-a995-4729-8dec-e46350621ceb,unlabeled,-1,1,0.584476,-1
data\unlabelled\0e9a78ff-666b-49c6-bfd0-6ae96f650027.jpg,-1,unlabeled,0e9a78ff-666b-49c6-bfd0-6ae96f650027,unlabeled,-1,0,0.5395193,-1
data\unlabelled\0ed34dbb-a47e-48d9-a528-e67aa13562e7.jpg,-1,unlabeled,0ed34dbb-a47e-48d9-a528-e67aa13562e7,unlabeled,-1,1,0.5919149,-1
data\unlabelled\0f0acf02-b85a-4338-9eed-30a6ec0964a8.jpg,-1,unlabeled,0f0acf02-b85a-4338-9eed-30a6ec0964a8,unlabeled,-1,0,0.49788764,-1
data\unlabelled\0f1671c9-0387-484e-8e31-61e1fe074e7b.jpg,-1,unlabeled,0f1671c9-0387-484e-8e31-61e1fe074e7b,unlabeled,-1,1,0.60575414,1
data\unlabelled\0f4162e3-e08f-4d7c-b4a9-6241511b0d74.jpg,-1,unlabeled,0f4162e3-e08f-4d7c-b4a9-6241511b0d74,unlabeled,-1,0,0.576096,-1
data\unlabelled\0f716a6b-8467-459c-bf58-4d34e9439d1d.jpg,-1,unlabeled,0f716a6b-8467-459c-bf58-4d34e9439d1d,unlabeled,-1,1,0.6050112,-1
data\unlabelled\0f8e0e52-d574-48d4-91a4-9bd2ae88b4c6.jpg,-1,unlabeled,0f8e0e52-d574-48d4-91a4-9bd2ae88b4c6,unlabeled,-1,0,0.5715652,-1
data\unlabelled\0ff7db8a-f8c2-4038-ab40-1d21295598dd.jpg,-1,unlabeled,0ff7db8a-f8c2-4038-ab40-1d21295598dd,unlabeled,-1,0,0.54351425,-1
data\unlabelled\100d0f9e-344d-466b-99a7-ff8dd90b7611.jpg,-1,unlabeled,100d0f9e-344d-466b-99a7-ff8dd90b7611,unlabeled,-1,1,0.59472346,-1
data\unlabelled\101076bc-091a-49ae-bd72-2ca97933f5a9.jpg,-1,unlabeled,101076bc-091a-49ae-bd72-2ca97933f5a9,unlabeled,-1,1,0.58942616,-1
data\unlabelled\101be262-63cd-4a5d-ba17-15a92e881c50.jpg,-1,unlabeled,101be262-63cd-4a5d-ba17-15a92e881c50,unlabeled,-1,1,0.58226585,-1
data\unlabelled\107d8f7a-af33-493c-aed2-895db3dd948f.jpg,-1,unlabeled,107d8f7a-af33-493c-aed2-895db3dd948f,unlabeled,-1,0,0.5831156,-1
data\unlabelled\10ac7600-4206-4e17-a866-e4bbc536eaa7.jpg,-1,unlabeled,10ac7600-4206-4e17-a866-e4bbc536eaa7,unlabeled,-1,0,0.56518686,-1
data\unlabelled\10d86392-5ab8-404c-9332-939a323dc8de.jpg,-1,unlabeled,10d86392-5ab8-404c-9332-939a323dc8de,unlabeled,-1,1,0.6079484,1
data\unlabelled\111a5049-e459-445e-919c-28af38320bd1.jpg,-1,unlabeled,111a5049-e459-445e-919c-28af38320bd1,unlabeled,-1,0,0.540729,-1
data\unlabelled\113a89a4-4822-45a2-8bb8-d21c629fac38.jpg,-1,unlabeled,113a89a4-4822-45a2-8bb8-d21c629fac38,unlabeled,-1,1,0.59280133,-1
data\unlabelled\11698a42-88ac-4e65-8ea8-2e246db28656.jpg,-1,unlabeled,11698a42-88ac-4e65-8ea8-2e246db28656,unlabeled,-1,1,0.59041166,-1
data\unlabelled\118bb3c1-4c17-4741-a7f2-b178f838fa6c.jpg,-1,unlabeled,118bb3c1-4c17-4741-a7f2-b178f838fa6c,unlabeled,-1,1,0.5939056,-1
data\unlabelled\1194593c-7ccd-4bbd-bbec-fd08b75afe1e.jpg,-1,unlabeled,1194593c-7ccd-4bbd-bbec-fd08b75afe1e,unlabeled,-1,1,0.57426435,-1
data\unlabelled\11c78766-42e7-4fd3-b335-ec952c7825a3.jpg,-1,unlabeled,11c78766-42e7-4fd3-b335-ec952c7825a3,unlabeled,-1,0,0.5027827,-1
data\unlabelled\11e90ad1-ddfd-4104-9776-db82c455b47c.jpg,-1,unlabeled,11e90ad1-ddfd-4104-9776-db82c455b47c,unlabeled,-1,1,0.5719652,-1
data\unlabelled\11f03e5d-e170-46cd-a732-e0a47e31ddd0.jpg,-1,unlabeled,11f03e5d-e170-46cd-a732-e0a47e31ddd0,unlabeled,-1,0,0.58754605,0
data\unlabelled\11f2b893-2739-4cef-9433-3b4a724270e9.jpg,-1,unlabeled,11f2b893-2739-4cef-9433-3b4a724270e9,unlabeled,-1,1,0.5487781,-1
data\unlabelled\11fbbab2-b71f-43f1-b216-9232232322e9.jpg,-1,unlabeled,11fbbab2-b71f-43f1-b216-9232232322e9,unlabeled,-1,1,0.5524304,-1
data\unlabelled\12067690-f1f6-4efc-b570-afc510336f10.jpg,-1,unlabeled,12067690-f1f6-4efc-b570-afc510336f10,unlabeled,-1,0,0.52008224,-1
data\unlabelled\12098862-5468-4b73-b0ae-8c1708d0054f.jpg,-1,unlabeled,12098862-5468-4b73-b0ae-8c1708d0054f,unlabeled,-1,1,0.5884597,-1
data\unlabelled\1212636e-421c-4f33-aa73-2abf061cd729.jpg,-1,unlabeled,1212636e-421c-4f33-aa73-2abf061cd729,unlabeled,-1,0,0.5245285,-1
data\unlabelled\122a8afc-70ef-4cab-ba59-fc621d43fe19.jpg,-1,unlabeled,122a8afc-70ef-4cab-ba59-fc621d43fe19,unlabeled,-1,0,0.572577,-1
data\unlabelled\131400bc-ac37-42f8-9e8a-f96e5deae7d5.jpg,-1,unlabeled,131400bc-ac37-42f8-9e8a-f96e5deae7d5,unlabeled,-1,1,0.6050217,-1
data\unlabelled\13a6b485-3471-4a4d-b3bd-0d26e374938d.jpg,-1,unlabeled,13a6b485-3471-4a4d-b3bd-0d26e374938d,unlabeled,-1,1,0.5552058,-1
data\unlabelled\13eb3ad4-a065-4e25-888f-b125463dba24.jpg,-1,unlabeled,13eb3ad4-a065-4e25-888f-b125463dba24,unlabeled,-1,1,0.60187066,-1
data\unlabelled\140df938-9d81-4fd3-806b-2b429eeb54cc.jpg,-1,unlabeled,140df938-9d81-4fd3-806b-2b429eeb54cc,unlabeled,-1,1,0.6192048,1
data\unlabelled\141ef676-419a-4247-af1b-b5635821ba29.jpg,-1,unlabeled,141ef676-419a-4247-af1b-b5635821ba29,unlabeled,-1,0,0.5407823,-1
data\unlabelled\14285322-faf1-4587-8681-b1637e90abe1.jpg,-1,unlabeled,14285322-faf1-4587-8681-b1637e90abe1,unlabeled,-1,0,0.5649557,-1
data\unlabelled\1447c990-df09-44f9-bbc6-a8e4ec3e7c33.jpg,-1,unlabeled,1447c990-df09-44f9-bbc6-a8e4ec3e7c33,unlabeled,-1,1,0.60231566,-1
data\unlabelled\14f9055c-e72f-4d6e-8120-3cabaa1a1911.jpg,-1,unlabeled,14f9055c-e72f-4d6e-8120-3cabaa1a1911,unlabeled,-1,0,0.5919578,0
data\unlabelled\15127f32-b7fc-4c5a-9721-c885bfedef71.jpg,-1,unlabeled,15127f32-b7fc-4c5a-9721-c885bfedef71,unlabeled,-1,0,0.56988955,-1
data\unlabelled\1528e169-3252-4de9-add4-03c497faa42b.jpg,-1,unlabeled,1528e169-3252-4de9-add4-03c497faa42b,unlabeled,-1,1,0.60021824,-1
data\unlabelled\153bfc9b-79f5-4e36-b253-78d5a1dd8066.jpg,-1,unlabeled,153bfc9b-79f5-4e36-b253-78d5a1dd8066,unlabeled,-1,1,0.608636,1
data\unlabelled\1567a15d-5f22-46ca-a77c-cd88ee60b7fd.jpg,-1,unlabeled,1567a15d-5f22-46ca-a77c-cd88ee60b7fd,unlabeled,-1,1,0.59131783,-1
data\unlabelled\156ff8c8-8941-4692-8d13-a6e19a755277.jpg,-1,unlabeled,156ff8c8-8941-4692-8d13-a6e19a755277,unlabeled,-1,1,0.61480165,1
data\unlabelled\15e2a58c-8b50-481e-bcb0-b9b4b2e16a26.jpg,-1,unlabeled,15e2a58c-8b50-481e-bcb0-b9b4b2e16a26,unlabeled,-1,1,0.5706704,-1
data\unlabelled\160219f1-5b85-4655-b7ca-038a20164df1.jpg,-1,unlabeled,160219f1-5b85-4655-b7ca-038a20164df1,unlabeled,-1,1,0.5778532,-1
data\unlabelled\165b8eae-0f3c-47c8-b5ba-eabf18b15000.jpg,-1,unlabeled,165b8eae-0f3c-47c8-b5ba-eabf18b15000,unlabeled,-1,1,0.58126837,-1
data\unlabelled\1672b52c-2238-4e29-91b7-0be7113b6870.jpg,-1,unlabeled,1672b52c-2238-4e29-91b7-0be7113b6870,unlabeled,-1,1,0.5745815,-1
data\unlabelled\16a16991-7c89-47c9-b96d-256ea1566f7c.jpg,-1,unlabeled,16a16991-7c89-47c9-b96d-256ea1566f7c,unlabeled,-1,0,0.5607074,-1
data\unlabelled\16c95930-a0c3-49d7-9d09-813d796db9e7.jpg,-1,unlabeled,16c95930-a0c3-49d7-9d09-813d796db9e7,unlabeled,-1,1,0.55219585,-1
data\unlabelled\16cf3809-cbe8-45b9-8cec-3fc528ec5f31.jpg,-1,unlabeled,16cf3809-cbe8-45b9-8cec-3fc528ec5f31,unlabeled,-1,1,0.567484,-1
data\unlabelled\16d0e74d-62f5-40d8-8f2f-3ca4752c3203.jpg,-1,unlabeled,16d0e74d-62f5-40d8-8f2f-3ca4752c3203,unlabeled,-1,0,0.5694688,-1
data\unlabelled\16f86049-de6f-44e6-a7f0-5d46a223cee1.jpg,-1,unlabeled,16f86049-de6f-44e6-a7f0-5d46a223cee1,unlabeled,-1,1,0.6281123,1
data\unlabelled\1734f1c3-dc3a-4130-a94f-9836c8db4458.jpg,-1,unlabeled,1734f1c3-dc3a-4130-a94f-9836c8db4458,unlabeled,-1,1,0.5317065,-1
data\unlabelled\17435d59-0819-4e99-b85a-435e13079291.jpg,-1,unlabeled,17435d59-0819-4e99-b85a-435e13079291,unlabeled,-1,1,0.626718,1
data\unlabelled\176911ef-fb4a-4bd2-b480-df63e7ef8ea7.jpg,-1,unlabeled,176911ef-fb4a-4bd2-b480-df63e7ef8ea7,unlabeled,-1,0,0.5620831,-1
data\unlabelled\1782f7fc-1cda-46c0-a644-e2d6d6ab8301.jpg,-1,unlabeled,1782f7fc-1cda-46c0-a644-e2d6d6ab8301,unlabeled,-1,1,0.5724515,-1
data\unlabelled\17a0afbb-f7eb-415b-a909-14d625a20c49.jpg,-1,unlabeled,17a0afbb-f7eb-415b-a909-14d625a20c49,unlabeled,-1,1,0.5997957,-1
data\unlabelled\17a51238-6b2e-4a63-9fa4-232fc89bf6a5.jpg,-1,unlabeled,17a51238-6b2e-4a63-9fa4-232fc89bf6a5,unlabeled,-1,1,0.6020293,-1
data\unlabelled\17fa3bf0-3fe1-44ae-b516-d6ef2f23fa48.jpg,-1,unlabeled,17fa3bf0-3fe1-44ae-b516-d6ef2f23fa48,unlabeled,-1,1,0.56230724,-1
data\unlabelled\18011cd7-53f6-4189-93f0-9e5456154720.jpg,-1,unlabeled,18011cd7-53f6-4189-93f0-9e5456154720,unlabeled,-1,0,0.5023169,-1
data\unlabelled\18322501-e80d-4458-8d1b-1d3485ca3a6a.jpg,-1,unlabeled,18322501-e80d-4458-8d1b-1d3485ca3a6a,unlabeled,-1,1,0.6193668,1
data\unlabelled\18599c4b-13b7-434f-a6fc-4ab53c41aa95.jpg,-1,unlabeled,18599c4b-13b7-434f-a6fc-4ab53c41aa95,unlabeled,-1,0,0.5727045,-1
data\unlabelled\1890fd3b-fbd5-49e8-86d8-ffedb7e73814.jpg,-1,unlabeled,1890fd3b-fbd5-49e8-86d8-ffedb7e73814,unlabeled,-1,0,0.53589547,-1
data\unlabelled\189fe672-dc1c-48b9-a4e7-aaa7ebee30f3.jpg,-1,unlabeled,189fe672-dc1c-48b9-a4e7-aaa7ebee30f3,unlabeled,-1,0,0.53580564,-1
data\unlabelled\194106ce-8b9a-4a6f-b82d-643f09169c9f.jpg,-1,unlabeled,194106ce-8b9a-4a6f-b82d-643f09169c9f,unlabeled,-1,0,0.6114131,0
data\unlabelled\195f3bcf-ce89-41d8-a330-8fe8389a9a63.jpg,-1,unlabeled,195f3bcf-ce89-41d8-a330-8fe8389a9a63,unlabeled,-1,0,0.584685,-1
data\unlabelled\198fc151-a170-4ede-8b54-6a8d66af4741.jpg,-1,unlabeled,198fc151-a170-4ede-8b54-6a8d66af4741,unlabeled,-1,1,0.61005443,1
data\unlabelled\19c67523-55dc-44b2-8887-a1e7f3f7eddf.jpg,-1,unlabeled,19c67523-55dc-44b2-8887-a1e7f3f7eddf,unlabeled,-1,0,0.48707852,-1
data\unlabelled\1a308b44-87af-4ff2-8b88-da32c6df05af.jpg,-1,unlabeled,1a308b44-87af-4ff2-8b88-da32c6df05af,unlabeled,-1,1,0.6115335,1
data\unlabelled\1a3bf8e3-abb6-4200-b899-c756bee02d81.jpg,-1,unlabeled,1a3bf8e3-abb6-4200-b899-c756bee02d81,unlabeled,-1,1,0.56765676,-1
data\unlabelled\1ac88e1b-f635-42c4-81d2-e8c784b8fd33.jpg,-1,unlabeled,1ac88e1b-f635-42c4-81d2-e8c784b8fd33,unlabeled,-1,1,0.60856575,1
data\unlabelled\1b12dae4-85d9-4b23-b93c-ebbab0eef531.jpg,-1,unlabeled,1b12dae4-85d9-4b23-b93c-ebbab0eef531,unlabeled,-1,1,0.57220256,-1
data\unlabelled\1b73a930-df46-4138-9999-c2196a5dfe55.jpg,-1,unlabeled,1b73a930-df46-4138-9999-c2196a5dfe55,unlabeled,-1,1,0.5953734,-1
data\unlabelled\1b9cf459-c862-4782-9464-49f0a37a484d.jpg,-1,unlabeled,1b9cf459-c862-4782-9464-49f0a37a484d,unlabeled,-1,0,0.5797255,-1
data\unlabelled\1bc063fa-c3ce-44e1-bd90-7e9aab3fee83.jpg,-1,unlabeled,1bc063fa-c3ce-44e1-bd90-7e9aab3fee83,unlabeled,-1,1,0.591069,-1
data\unlabelled\1be0ace1-a982-4cb1-ba98-7f17518035ca.jpg,-1,unlabeled,1be0ace1-a982-4cb1-ba98-7f17518035ca,unlabeled,-1,0,0.5305692,-1
data\unlabelled\1be11da9-3864-4551-b6b3-e5a860d5bc3d.jpg,-1,unlabeled,1be11da9-3864-4551-b6b3-e5a860d5bc3d,unlabeled,-1,1,0.59922093,-1
data\unlabelled\1bfd6d5d-3222-4643-8bcb-2aee360b7c0e.jpg,-1,unlabeled,1bfd6d5d-3222-4643-8bcb-2aee360b7c0e,unlabeled,-1,1,0.6084417,1
data\unlabelled\1c33c5bf-5966-4745-9ba0-1b0b2e724c6f.jpg,-1,unlabeled,1c33c5bf-5966-4745-9ba0-1b0b2e724c6f,unlabeled,-1,1,0.5708164,-1
data\unlabelled\1c4c6352-597e-4e49-8cb3-3e6197d9661a.jpg,-1,unlabeled,1c4c6352-597e-4e49-8cb3-3e6197d9661a,unlabeled,-1,1,0.5326068,-1
data\unlabelled\1ca0593f-48ae-478a-b80e-6c70b5fc180c.jpg,-1,unlabeled,1ca0593f-48ae-478a-b80e-6c70b5fc180c,unlabeled,-1,0,0.53070617,-1
data\unlabelled\1cbec944-70f1-415e-a62d-192ca92c0cf9.jpg,-1,unlabeled,1cbec944-70f1-415e-a62d-192ca92c0cf9,unlabeled,-1,0,0.50886214,-1
data\unlabelled\1cdb5a0b-e8e5-46b1-a9aa-da15d21d070b.jpg,-1,unlabeled,1cdb5a0b-e8e5-46b1-a9aa-da15d21d070b,unlabeled,-1,0,0.55751336,-1
data\unlabelled\1cee76e0-5ad8-4ae2-be33-b5779fc7ca5b.jpg,-1,unlabeled,1cee76e0-5ad8-4ae2-be33-b5779fc7ca5b,unlabeled,-1,0,0.5499912,-1
data\unlabelled\1d9eb250-cca0-4666-834c-640166b27b3e.jpg,-1,unlabeled,1d9eb250-cca0-4666-834c-640166b27b3e,unlabeled,-1,0,0.5990327,0
data\unlabelled\1dc2c0d1-bf36-4b03-a250-1ecc3be7e8fe.jpg,-1,unlabeled,1dc2c0d1-bf36-4b03-a250-1ecc3be7e8fe,unlabeled,-1,1,0.57563907,-1
data\unlabelled\1dd22de5-a53a-4697-a3b0-9f24f35fa7e9.jpg,-1,unlabeled,1dd22de5-a53a-4697-a3b0-9f24f35fa7e9,unlabeled,-1,0,0.5817151,-1
data\unlabelled\1ddf5fa5-9379-423f-b599-cd9c7e6aa42c.jpg,-1,unlabeled,1ddf5fa5-9379-423f-b599-cd9c7e6aa42c,unlabeled,-1,1,0.5551521,-1
data\unlabelled\1def01bc-1c88-40a1-8c55-e1c748952af2.jpg,-1,unlabeled,1def01bc-1c88-40a1-8c55-e1c748952af2,unlabeled,-1,0,0.48985937,-1
data\unlabelled\1e07b53a-7dff-496f-8e56-9ffbda1f3062.jpg,-1,unlabeled,1e07b53a-7dff-496f-8e56-9ffbda1f3062,unlabeled,-1,0,0.49936756,-1
data\unlabelled\1e6bf052-8e82-45c3-95fe-40f996e5d6e5.jpg,-1,unlabeled,1e6bf052-8e82-45c3-95fe-40f996e5d6e5,unlabeled,-1,1,0.6024968,-1
data\unlabelled\1e7b48e7-c206-4428-ad08-20dc11a6b5a5.jpg,-1,unlabeled,1e7b48e7-c206-4428-ad08-20dc11a6b5a5,unlabeled,-1,0,0.57114094,-1
data\unlabelled\1e88fb67-f3b6-4cd1-a6c0-70ec6c6c3b1e.jpg,-1,unlabeled,1e88fb67-f3b6-4cd1-a6c0-70ec6c6c3b1e,unlabeled,-1,0,0.5635456,-1
data\unlabelled\1eb51839-c8dc-4410-a22f-548285e2ecdf.jpg,-1,unlabeled,1eb51839-c8dc-4410-a22f-548285e2ecdf,unlabeled,-1,1,0.51816714,-1
data\unlabelled\1f1d3f05-58a4-43bb-9757-2663d06dc45b.jpg,-1,unlabeled,1f1d3f05-58a4-43bb-9757-2663d06dc45b,unlabeled,-1,1,0.5746778,-1
data\unlabelled\1f34ffca-95a8-40d1-8ce5-daf2d5186c84.jpg,-1,unlabeled,1f34ffca-95a8-40d1-8ce5-daf2d5186c84,unlabeled,-1,0,0.55231965,-1
data\unlabelled\1f3e3789-04a9-4350-8b79-69adf73ce077.jpg,-1,unlabeled,1f3e3789-04a9-4350-8b79-69adf73ce077,unlabeled,-1,0,0.5180441,-1
data\unlabelled\1f43b1d5-d6fb-4da9-b952-153230b3d786.jpg,-1,unlabeled,1f43b1d5-d6fb-4da9-b952-153230b3d786,unlabeled,-1,0,0.48938102,-1
data\unlabelled\1fa28180-7d76-4715-9775-331fc368a61b.jpg,-1,unlabeled,1fa28180-7d76-4715-9775-331fc368a61b,unlabeled,-1,0,0.58374494,-1
data\unlabelled\1fa589e0-0d6d-4bd3-9134-961fb3e14f8f.jpg,-1,unlabeled,1fa589e0-0d6d-4bd3-9134-961fb3e14f8f,unlabeled,-1,1,0.6076863,1
data\unlabelled\1fafde0a-7b47-476d-943e-47b0018d58db.jpg,-1,unlabeled,1fafde0a-7b47-476d-943e-47b0018d58db,unlabeled,-1,0,0.60082585,0
data\unlabelled\1fc889f8-e3d2-4483-92d2-4f81bcaefe7d.jpg,-1,unlabeled,1fc889f8-e3d2-4483-92d2-4f81bcaefe7d,unlabeled,-1,1,0.5871393,-1
data\unlabelled\1fca4a00-3eb2-4667-9f39-697ae1480926.jpg,-1,unlabeled,1fca4a00-3eb2-4667-9f39-697ae1480926,unlabeled,-1,1,0.62068015,1
data\unlabelled\2003b9d5-b9f6-40c3-b0e1-dd6118850112.jpg,-1,unlabeled,2003b9d5-b9f6-40c3-b0e1-dd6118850112,unlabeled,-1,0,0.5927703,0
data\unlabelled\201a4b53-cca5-4923-a87f-36178d619635.jpg,-1,unlabeled,201a4b53-cca5-4923-a87f-36178d619635,unlabeled,-1,1,0.5844995,-1
data\unlabelled\2032cd73-403b-4732-ab13-c731bba7d370.jpg,-1,unlabeled,2032cd73-403b-4732-ab13-c731bba7d370,unlabeled,-1,1,0.59443045,-1
data\unlabelled\20583523-e96c-48b1-9e05-0f9bd74bcd92.jpg,-1,unlabeled,20583523-e96c-48b1-9e05-0f9bd74bcd92,unlabeled,-1,1,0.5928333,-1
data\unlabelled\2067808c-0990-433a-a8a1-b663f1a460b3.jpg,-1,unlabeled,2067808c-0990-433a-a8a1-b663f1a460b3,unlabeled,-1,1,0.6300116,1
data\unlabelled\20a81a33-5a41-4ea5-8a1c-e6411ad18fad.jpg,-1,unlabeled,20a81a33-5a41-4ea5-8a1c-e6411ad18fad,unlabeled,-1,1,0.6097726,1
data\unlabelled\20f6276d-b530-40a1-9000-6fa99c78af38.jpg,-1,unlabeled,20f6276d-b530-40a1-9000-6fa99c78af38,unlabeled,-1,0,0.5655877,-1
data\unlabelled\21012c06-2739-4789-8c6c-7d9dd3a8c0c9.jpg,-1,unlabeled,21012c06-2739-4789-8c6c-7d9dd3a8c0c9,unlabeled,-1,0,0.49841267,-1
data\unlabelled\210facbb-8d77-4a08-9f8e-f52d0c9872c9.jpg,-1,unlabeled,210facbb-8d77-4a08-9f8e-f52d0c9872c9,unlabeled,-1,0,0.49475425,-1
data\unlabelled\214ae8cc-6d28-4f2a-8172-7023efb00d06.jpg,-1,unlabeled,214ae8cc-6d28-4f2a-8172-7023efb00d06,unlabeled,-1,0,0.5776019,-1
data\unlabelled\2150e80f-cc5c-4be3-a102-f288c418631c.jpg,-1,unlabeled,2150e80f-cc5c-4be3-a102-f288c418631c,unlabeled,-1,1,0.58348393,-1
data\unlabelled\21797d47-01df-487a-a98c-5bc0c9bf6f41.jpg,-1,unlabeled,21797d47-01df-487a-a98c-5bc0c9bf6f41,unlabeled,-1,0,0.50278264,-1
data\unlabelled\21915aea-8e4a-462a-a9f0-f28f88d739a5.jpg,-1,unlabeled,21915aea-8e4a-462a-a9f0-f28f88d739a5,unlabeled,-1,1,0.56674176,-1
data\unlabelled\21ba4389-dd6d-420f-a764-8fec9af826e7.jpg,-1,unlabeled,21ba4389-dd6d-420f-a764-8fec9af826e7,unlabeled,-1,1,0.5803845,-1
data\unlabelled\21e0f7bc-571d-4917-b59d-94acf6e2ebb6.jpg,-1,unlabeled,21e0f7bc-571d-4917-b59d-94acf6e2ebb6,unlabeled,-1,0,0.5583392,-1
data\unlabelled\224880e9-c10f-4de6-b2f2-32d06dd8a295.jpg,-1,unlabeled,224880e9-c10f-4de6-b2f2-32d06dd8a295,unlabeled,-1,0,0.53050315,-1
data\unlabelled\227fd1b8-0717-4aad-839f-606c00e59b2c.jpg,-1,unlabeled,227fd1b8-0717-4aad-839f-606c00e59b2c,unlabeled,-1,0,0.5373572,-1
data\unlabelled\2290b921-dacb-455d-9f85-d91dc2ce5ccd.jpg,-1,unlabeled,2290b921-dacb-455d-9f85-d91dc2ce5ccd,unlabeled,-1,1,0.5905976,-1
data\unlabelled\22b4faf1-e172-4bae-86f9-d2635bdcdf5c.jpg,-1,unlabeled,22b4faf1-e172-4bae-86f9-d2635bdcdf5c,unlabeled,-1,1,0.5336667,-1
data\unlabelled\22e19048-13e2-4291-aa71-662bfad293fc.jpg,-1,unlabeled,22e19048-13e2-4291-aa71-662bfad293fc,unlabeled,-1,1,0.5738042,-1
data\unlabelled\22efad41-71a8-4ac4-8ba7-731a22fc8f0f.jpg,-1,unlabeled,22efad41-71a8-4ac4-8ba7-731a22fc8f0f,unlabeled,-1,0,0.5892137,0
data\unlabelled\23506eb1-8cd8-4558-836c-1835ee1ca61b.jpg,-1,unlabeled,23506eb1-8cd8-4558-836c-1835ee1ca61b,unlabeled,-1,1,0.5560502,-1
data\unlabelled\2376fe70-b559-4581-bb79-205dc68cb714.jpg,-1,unlabeled,2376fe70-b559-4581-bb79-205dc68cb714,unlabeled,-1,0,0.53826624,-1
data\unlabelled\239b9986-e7d3-4a2f-a259-0947eef56f52.jpg,-1,unlabeled,239b9986-e7d3-4a2f-a259-0947eef56f52,unlabeled,-1,1,0.61973065,1
data\unlabelled\23ca8438-4ed8-44b3-98fc-be7c9ec11e73.jpg,-1,unlabeled,23ca8438-4ed8-44b3-98fc-be7c9ec11e73,unlabeled,-1,0,0.5764554,-1
data\unlabelled\2430d4d6-160d-4b17-b479-6ba9a4181379.jpg,-1,unlabeled,2430d4d6-160d-4b17-b479-6ba9a4181379,unlabeled,-1,0,0.5003467,-1
data\unlabelled\243243ad-a8e1-4761-9800-6d32fb4cdfe6.jpg,-1,unlabeled,243243ad-a8e1-4761-9800-6d32fb4cdfe6,unlabeled,-1,1,0.6246543,1
data\unlabelled\2433d50c-ce05-4641-8db6-515a8a1bf78e.jpg,-1,unlabeled,2433d50c-ce05-4641-8db6-515a8a1bf78e,unlabeled,-1,1,0.5553572,-1
data\unlabelled\2437d69e-8b9e-41e8-ac0f-06b1b9595cd3.jpg,-1,unlabeled,2437d69e-8b9e-41e8-ac0f-06b1b9595cd3,unlabeled,-1,1,0.5790341,-1
data\unlabelled\2439ba57-aa49-4cab-8b55-b20309852f4d.jpg,-1,unlabeled,2439ba57-aa49-4cab-8b55-b20309852f4d,unlabeled,-1,1,0.60832304,1
data\unlabelled\246f3294-b91c-47cf-9436-0c214197be2e.jpg,-1,unlabeled,246f3294-b91c-47cf-9436-0c214197be2e,unlabeled,-1,0,0.54250807,-1
data\unlabelled\24747dd0-93e1-43bd-b824-15b973b1585e.jpg,-1,unlabeled,24747dd0-93e1-43bd-b824-15b973b1585e,unlabeled,-1,0,0.61932504,0
data\unlabelled\249b655c-d37c-4e75-be45-0e687624b238.jpg,-1,unlabeled,249b655c-d37c-4e75-be45-0e687624b238,unlabeled,-1,1,0.5945191,-1
data\unlabelled\24e82706-723d-419a-8f93-519ebabbd8a4.jpg,-1,unlabeled,24e82706-723d-419a-8f93-519ebabbd8a4,unlabeled,-1,0,0.59855336,0
data\unlabelled\25250488-7283-4694-9748-af05b55cb8d1.jpg,-1,unlabeled,25250488-7283-4694-9748-af05b55cb8d1,unlabeled,-1,1,0.58683676,-1
data\unlabelled\25262647-af5a-4f96-b728-b440d0e854b5.jpg,-1,unlabeled,25262647-af5a-4f96-b728-b440d0e854b5,unlabeled,-1,1,0.5763612,-1
data\unlabelled\254784f6-116e-4b70-a5b3-44e924817123.jpg,-1,unlabeled,254784f6-116e-4b70-a5b3-44e924817123,unlabeled,-1,1,0.5873956,-1
data\unlabelled\2572db89-6df6-47a4-b395-a834b8541a28.jpg,-1,unlabeled,2572db89-6df6-47a4-b395-a834b8541a28,unlabeled,-1,0,0.57781005,-1
data\unlabelled\25e31a25-25eb-4c22-a414-0fb8eae6cf09.jpg,-1,unlabeled,25e31a25-25eb-4c22-a414-0fb8eae6cf09,unlabeled,-1,1,0.587153,-1
data\unlabelled\25f9bbfb-a9ec-46ef-8d26-70ff3b5ef97e.jpg,-1,unlabeled,25f9bbfb-a9ec-46ef-8d26-70ff3b5ef97e,unlabeled,-1,1,0.63001573,1
data\unlabelled\26677725-4da4-4321-866b-63a12675640b.jpg,-1,unlabeled,26677725-4da4-4321-866b-63a12675640b,unlabeled,-1,1,0.59213346,-1
data\unlabelled\269f1282-607d-4700-a8fa-3b560422946c.jpg,-1,unlabeled,269f1282-607d-4700-a8fa-3b560422946c,unlabeled,-1,0,0.56600964,-1
data\unlabelled\26ff3a8d-93cb-43de-aa5a-e71b74348b3b.jpg,-1,unlabeled,26ff3a8d-93cb-43de-aa5a-e71b74348b3b,unlabeled,-1,0,0.58953774,0
data\unlabelled\278518df-2894-4e70-8a6f-96d47064ee24.jpg,-1,unlabeled,278518df-2894-4e70-8a6f-96d47064ee24,unlabeled,-1,1,0.59604347,-1
data\unlabelled\27ca19d4-03b2-4968-90c0-855c32d76c13.jpg,-1,unlabeled,27ca19d4-03b2-4968-90c0-855c32d76c13,unlabeled,-1,1,0.55905044,-1
data\unlabelled\27d67b82-affc-4e61-862d-6e2945bede3c.jpg,-1,unlabeled,27d67b82-affc-4e61-862d-6e2945bede3c,unlabeled,-1,0,0.5899074,0
data\unlabelled\281e0073-c700-4afe-80a6-560e62e13c9a.jpg,-1,unlabeled,281e0073-c700-4afe-80a6-560e62e13c9a,unlabeled,-1,0,0.5549544,-1
data\unlabelled\2836c6e4-a50e-4f96-a057-33405b18de0d.jpg,-1,unlabeled,2836c6e4-a50e-4f96-a057-33405b18de0d,unlabeled,-1,1,0.5737748,-1
data\unlabelled\28b8dde6-866d-4f55-921b-ba2c9829dac1.jpg,-1,unlabeled,28b8dde6-866d-4f55-921b-ba2c9829dac1,unlabeled,-1,0,0.4930244,-1
data\unlabelled\28f55fc6-1d27-4aed-9b19-96b9075a5622.jpg,-1,unlabeled,28f55fc6-1d27-4aed-9b19-96b9075a5622,unlabeled,-1,1,0.594696,-1
data\unlabelled\2912ea6b-9800-49be-95bf-43b21cc4d196.jpg,-1,unlabeled,2912ea6b-9800-49be-95bf-43b21cc4d196,unlabeled,-1,0,0.53585774,-1
data\unlabelled\2918e699-5fee-4936-90a8-7e61827ee531.jpg,-1,unlabeled,2918e699-5fee-4936-90a8-7e61827ee531,unlabeled,-1,0,0.6000945,0
data\unlabelled\29db9197-93a5-47c7-bb20-038cf02d25a1.jpg,-1,unlabeled,29db9197-93a5-47c7-bb20-038cf02d25a1,unlabeled,-1,0,0.58496803,-1
data\unlabelled\2a098f48-f13b-462e-9f59-7232cf01db8e.jpg,-1,unlabeled,2a098f48-f13b-462e-9f59-7232cf01db8e,unlabeled,-1,1,0.5872947,-1
data\unlabelled\2a103299-4ee4-416e-bf86-cb4f06c96897.jpg,-1,unlabeled,2a103299-4ee4-416e-bf86-cb4f06c96897,unlabeled,-1,1,0.5719999,-1
data\unlabelled\2a1ec20f-9ca1-4804-b5cf-301be078be80.jpg,-1,unlabeled,2a1ec20f-9ca1-4804-b5cf-301be078be80,unlabeled,-1,0,0.52640104,-1
data\unlabelled\2a28835d-bf8b-4a84-88ca-822c5e411b6a.jpg,-1,unlabeled,2a28835d-bf8b-4a84-88ca-822c5e411b6a,unlabeled,-1,1,0.573974,-1
data\unlabelled\2a6017d7-244c-49ae-90f0-f3e5f445d90c.jpg,-1,unlabeled,2a6017d7-244c-49ae-90f0-f3e5f445d90c,unlabeled,-1,1,0.5869171,-1
data\unlabelled\2a87b19d-f000-4432-b702-9608707d35af.jpg,-1,unlabeled,2a87b19d-f000-4432-b702-9608707d35af,unlabeled,-1,1,0.58490366,-1
data\unlabelled\2aaee55e-bd7c-4b53-bc10-f0655e9c343c.jpg,-1,unlabeled,2aaee55e-bd7c-4b53-bc10-f0655e9c343c,unlabeled,-1,1,0.626549,1
data\unlabelled\2ba54f20-318c-4c04-b110-0ae0b80f60df.jpg,-1,unlabeled,2ba54f20-318c-4c04-b110-0ae0b80f60df,unlabeled,-1,0,0.61605614,0
data\unlabelled\2baa54db-96b9-4ec0-ab61-c948aaac28e9.jpg,-1,unlabeled,2baa54db-96b9-4ec0-ab61-c948aaac28e9,unlabeled,-1,1,0.5307287,-1
data\unlabelled\2bc7df2a-1e79-4217-8c1d-8ed01ea05d34.jpg,-1,unlabeled,2bc7df2a-1e79-4217-8c1d-8ed01ea05d34,unlabeled,-1,0,0.57082653,-1
data\unlabelled\2c053bfd-7f9c-46f1-99fb-36320171040c.jpg,-1,unlabeled,2c053bfd-7f9c-46f1-99fb-36320171040c,unlabeled,-1,1,0.5826931,-1
data\unlabelled\2c2f3300-5848-4b58-a872-b46d7f8c9833.jpg,-1,unlabeled,2c2f3300-5848-4b58-a872-b46d7f8c9833,unlabeled,-1,0,0.52059925,-1
data\unlabelled\2c4fa56e-5827-4398-8d9c-9b7a8ad5b1cf.jpg,-1,unlabeled,2c4fa56e-5827-4398-8d9c-9b7a8ad5b1cf,unlabeled,-1,1,0.607986,1
data\unlabelled\2c6c06be-eb1f-464a-88f8-6f6ad0f639f2.jpg,-1,unlabeled,2c6c06be-eb1f-464a-88f8-6f6ad0f639f2,unlabeled,-1,1,0.5980321,-1
data\unlabelled\2d1efda4-14be-478c-922e-4949e3580eb4.jpg,-1,unlabeled,2d1efda4-14be-478c-922e-4949e3580eb4,unlabeled,-1,0,0.59047544,0
data\unlabelled\2daa3746-ce60-4272-a2ea-397e5b761951.jpg,-1,unlabeled,2daa3746-ce60-4272-a2ea-397e5b761951,unlabeled,-1,1,0.5514353,-1
data\unlabelled\2e039f72-ee1f-4bef-a7ee-ac814fb510b6.jpg,-1,unlabeled,2e039f72-ee1f-4bef-a7ee-ac814fb510b6,unlabeled,-1,1,0.58697814,-1
data\unlabelled\2e0fca33-43ed-4b12-b24e-3d232e89c380.jpg,-1,unlabeled,2e0fca33-43ed-4b12-b24e-3d232e89c380,unlabeled,-1,0,0.56842077,-1
data\unlabelled\2e255b7b-ccf0-4e3a-95cf-eb4460d5ae85.jpg,-1,unlabeled,2e255b7b-ccf0-4e3a-95cf-eb4460d5ae85,unlabeled,-1,1,0.5923702,-1
data\unlabelled\2e671412-32fd-4136-9844-f7053b0696c9.jpg,-1,unlabeled,2e671412-32fd-4136-9844-f7053b0696c9,unlabeled,-1,1,0.5998634,-1
data\unlabelled\2e851a56-15c3-4063-b004-382142142e97.jpg,-1,unlabeled,2e851a56-15c3-4063-b004-382142142e97,unlabeled,-1,1,0.6139409,1
data\unlabelled\2e9e766f-a7c2-4f8c-92e1-5cddb977bca6.jpg,-1,unlabeled,2e9e766f-a7c2-4f8c-92e1-5cddb977bca6,unlabeled,-1,0,0.5683452,-1
data\unlabelled\2eadfe64-153b-4bd5-901e-13081fb7255b.jpg,-1,unlabeled,2eadfe64-153b-4bd5-901e-13081fb7255b,unlabeled,-1,0,0.57222533,-1
data\unlabelled\2eb47d1a-f7b6-447b-832d-5d56ef7be20c.jpg,-1,unlabeled,2eb47d1a-f7b6-447b-832d-5d56ef7be20c,unlabeled,-1,1,0.5785368,-1
data\unlabelled\2eba5393-94d5-4341-b3cd-2f6f26e27b78.jpg,-1,unlabeled,2eba5393-94d5-4341-b3cd-2f6f26e27b78,unlabeled,-1,1,0.5306115,-1
data\unlabelled\2ebe1d0a-8b43-4ca1-b375-8aad317ab286.jpg,-1,unlabeled,2ebe1d0a-8b43-4ca1-b375-8aad317ab286,unlabeled,-1,0,0.5923768,0
data\unlabelled\2f0c7977-339e-4e46-b412-c8fd1a8d05b0.jpg,-1,unlabeled,2f0c7977-339e-4e46-b412-c8fd1a8d05b0,unlabeled,-1,0,0.5768921,-1
data\unlabelled\2f29298b-db7b-4513-97c2-fed64d1f884c.jpg,-1,unlabeled,2f29298b-db7b-4513-97c2-fed64d1f884c,unlabeled,-1,1,0.56513244,-1
data\unlabelled\2f4afc63-e538-4ff1-9171-cfec5ea3ac60.jpg,-1,unlabeled,2f4afc63-e538-4ff1-9171-cfec5ea3ac60,unlabeled,-1,0,0.5775016,-1
data\unlabelled\2f75f594-2252-4e72-98a3-19b63f7a8bb0.jpg,-1,unlabeled,2f75f594-2252-4e72-98a3-19b63f7a8bb0,unlabeled,-1,1,0.58665764,-1
data\unlabelled\2f8b9176-5606-4628-9a01-8ba1870e4eba.jpg,-1,unlabeled,2f8b9176-5606-4628-9a01-8ba1870e4eba,unlabeled,-1,0,0.5873268,-1
data\unlabelled\2fac4138-8d2b-45bb-811b-0f0890b0af58.jpg,-1,unlabeled,2fac4138-8d2b-45bb-811b-0f0890b0af58,unlabeled,-1,0,0.5302951,-1
data\unlabelled\3019cc7d-ae57-4887-9d9a-b1b063478a62.jpg,-1,unlabeled,3019cc7d-ae57-4887-9d9a-b1b063478a62,unlabeled,-1,1,0.5736412,-1
data\unlabelled\302226bb-03f5-437b-8f97-f023756010ae.jpg,-1,unlabeled,302226bb-03f5-437b-8f97-f023756010ae,unlabeled,-1,1,0.6066165,1
data\unlabelled\30244647-0ef7-459e-b72f-1aafa4b277c6.jpg,-1,unlabeled,30244647-0ef7-459e-b72f-1aafa4b277c6,unlabeled,-1,1,0.5874906,-1
data\unlabelled\30542835-e44f-4f33-b4ab-2cdaa7095eaf.jpg,-1,unlabeled,30542835-e44f-4f33-b4ab-2cdaa7095eaf,unlabeled,-1,1,0.513424,-1
data\unlabelled\3058ed0b-2e00-4383-9cb6-8d425be1d69b.jpg,-1,unlabeled,3058ed0b-2e00-4383-9cb6-8d425be1d69b,unlabeled,-1,0,0.5489336,-1
data\unlabelled\30c19127-f3e9-421f-9847-dcf07db7d493.jpg,-1,unlabeled,30c19127-f3e9-421f-9847-dcf07db7d493,unlabeled,-1,0,0.54282534,-1
data\unlabelled\30f4d898-458b-420e-b687-9fd4a12eedcc.jpg,-1,unlabeled,30f4d898-458b-420e-b687-9fd4a12eedcc,unlabeled,-1,0,0.6110227,0
data\unlabelled\30ffee72-6e84-4d01-88a3-a09769c1b6cf.jpg,-1,unlabeled,30ffee72-6e84-4d01-88a3-a09769c1b6cf,unlabeled,-1,1,0.53728324,-1
data\unlabelled\3131e231-a5f8-4a5d-99e2-166cd2bc6122.jpg,-1,unlabeled,3131e231-a5f8-4a5d-99e2-166cd2bc6122,unlabeled,-1,1,0.5926351,-1
data\unlabelled\31456af0-7c27-436d-9ca4-d9bb1477ad63.jpg,-1,unlabeled,31456af0-7c27-436d-9ca4-d9bb1477ad63,unlabeled,-1,0,0.5714189,-1
data\unlabelled\317c9a6a-1657-4c88-9c01-fb2ea0863b01.jpg,-1,unlabeled,317c9a6a-1657-4c88-9c01-fb2ea0863b01,unlabeled,-1,1,0.5865849,-1
data\unlabelled\31a2a5e5-aa2b-423f-ac11-509e43e10517.jpg,-1,unlabeled,31a2a5e5-aa2b-423f-ac11-509e43e10517,unlabeled,-1,1,0.59649247,-1
data\unlabelled\31cb7436-c933-4e01-a60a-d8e7ede8fe68.jpg,-1,unlabeled,31cb7436-c933-4e01-a60a-d8e7ede8fe68,unlabeled,-1,0,0.5635207,-1
data\unlabelled\31d0ec8d-0411-438f-9ab2-ac02f0bb5775.jpg,-1,unlabeled,31d0ec8d-0411-438f-9ab2-ac02f0bb5775,unlabeled,-1,0,0.5744711,-1
data\unlabelled\31dfb326-02c8-43d8-9fe9-b71554519dbb.jpg,-1,unlabeled,31dfb326-02c8-43d8-9fe9-b71554519dbb,unlabeled,-1,1,0.60601646,1
data\unlabelled\31e15e3c-5481-462d-99cb-29091c42cab8.jpg,-1,unlabeled,31e15e3c-5481-462d-99cb-29091c42cab8,unlabeled,-1,0,0.5724054,-1
data\unlabelled\32179fa4-f41e-45cb-b8fd-a5ed748b6e0c.jpg,-1,unlabeled,32179fa4-f41e-45cb-b8fd-a5ed748b6e0c,unlabeled,-1,1,0.57034534,-1
data\unlabelled\322e02de-5c43-40b3-ba94-1c8992d000a9.jpg,-1,unlabeled,322e02de-5c43-40b3-ba94-1c8992d000a9,unlabeled,-1,0,0.5414735,-1
data\unlabelled\3274a331-b75d-4a2d-98ef-9a479a6c0bb4.jpg,-1,unlabeled,3274a331-b75d-4a2d-98ef-9a479a6c0bb4,unlabeled,-1,1,0.580851,-1
data\unlabelled\32caf3b1-12a7-4479-8100-ba6bc4871c19.jpg,-1,unlabeled,32caf3b1-12a7-4479-8100-ba6bc4871c19,unlabeled,-1,0,0.5577229,-1
data\unlabelled\32e39df2-7d70-4840-9499-a67e3732c15e.jpg,-1,unlabeled,32e39df2-7d70-4840-9499-a67e3732c15e,unlabeled,-1,1,0.5749192,-1
data\unlabelled\3321576b-367a-4938-8d64-67e51250b119.jpg,-1,unlabeled,3321576b-367a-4938-8d64-67e51250b119,unlabeled,-1,1,0.6206144,1
data\unlabelled\3387325e-d04f-474f-b92c-ddcd30ec1459.jpg,-1,unlabeled,3387325e-d04f-474f-b92c-ddcd30ec1459,unlabeled,-1,0,0.53951716,-1
data\unlabelled\33a155f9-8a6b-44fc-a8ae-7113b07b8f91.jpg,-1,unlabeled,33a155f9-8a6b-44fc-a8ae-7113b07b8f91,unlabeled,-1,0,0.49498865,-1
data\unlabelled\33a6d838-67db-4ad2-a67a-b4d4b641ec8a.jpg,-1,unlabeled,33a6d838-67db-4ad2-a67a-b4d4b641ec8a,unlabeled,-1,1,0.58685976,-1
data\unlabelled\342d6428-161c-44ed-9d64-06bcf5dce28e.jpg,-1,unlabeled,342d6428-161c-44ed-9d64-06bcf5dce28e,unlabeled,-1,1,0.55770105,-1
data\unlabelled\3439c8c8-38fc-4eee-9cf8-2aa45984ef2f.jpg,-1,unlabeled,3439c8c8-38fc-4eee-9cf8-2aa45984ef2f,unlabeled,-1,0,0.58449525,-1
data\unlabelled\344323e8-0de6-4be6-96c8-8500ac8cc99a.jpg,-1,unlabeled,344323e8-0de6-4be6-96c8-8500ac8cc99a,unlabeled,-1,1,0.5909599,-1
data\unlabelled\34540c92-4a23-4cfd-98ad-f3c6b3945f4d.jpg,-1,unlabeled,34540c92-4a23-4cfd-98ad-f3c6b3945f4d,unlabeled,-1,1,0.5412192,-1
data\unlabelled\3467158c-3697-47f1-a536-52cca45f79c2.jpg,-1,unlabeled,3467158c-3697-47f1-a536-52cca45f79c2,unlabeled,-1,1,0.588116,-1
data\unlabelled\349a5dee-ae7f-4de8-a34f-b34f593d1b60.jpg,-1,unlabeled,349a5dee-ae7f-4de8-a34f-b34f593d1b60,unlabeled,-1,0,0.61091214,0
data\unlabelled\34b18f32-9585-47b3-8b06-e3f3f824cc4f.jpg,-1,unlabeled,34b18f32-9585-47b3-8b06-e3f3f824cc4f,unlabeled,-1,1,0.60005176,-1
data\unlabelled\34e338eb-7878-434e-91c2-02c21dd0ef90.jpg,-1,unlabeled,34e338eb-7878-434e-91c2-02c21dd0ef90,unlabeled,-1,0,0.5624716,-1
data\unlabelled\356d690f-490f-45e0-8eef-70159517d826.jpg,-1,unlabeled,356d690f-490f-45e0-8eef-70159517d826,unlabeled,-1,1,0.55688566,-1
data\unlabelled\356e6bfb-7450-4b8c-bbcd-a249aff5df0b.jpg,-1,unlabeled,356e6bfb-7450-4b8c-bbcd-a249aff5df0b,unlabeled,-1,1,0.5787654,-1
data\unlabelled\3606e8dc-a4e9-445b-a8ee-bf5c97132bbd.jpg,-1,unlabeled,3606e8dc-a4e9-445b-a8ee-bf5c97132bbd,unlabeled,-1,1,0.5309223,-1
data\unlabelled\36237878-c00d-4943-9ae5-66858bf5f88c.jpg,-1,unlabeled,36237878-c00d-4943-9ae5-66858bf5f88c,unlabeled,-1,0,0.6111976,0
data\unlabelled\363de948-eb0e-44f4-91dd-c2dc770cd908.jpg,-1,unlabeled,363de948-eb0e-44f4-91dd-c2dc770cd908,unlabeled,-1,0,0.50618345,-1
data\unlabelled\36aa97d2-9e9b-4d5a-8b69-ac719d8012e9.jpg,-1,unlabeled,36aa97d2-9e9b-4d5a-8b69-ac719d8012e9,unlabeled,-1,1,0.602509,-1
data\unlabelled\36d73f55-0c1c-4e0e-8d95-44a7a86f2bce.jpg,-1,unlabeled,36d73f55-0c1c-4e0e-8d95-44a7a86f2bce,unlabeled,-1,1,0.5969223,-1
data\unlabelled\36f49b25-9b44-4539-a281-133ea3b82e57.jpg,-1,unlabeled,36f49b25-9b44-4539-a281-133ea3b82e57,unlabeled,-1,1,0.63646984,1
data\unlabelled\37930978-9a33-452a-9f2b-514a882cfcb1.jpg,-1,unlabeled,37930978-9a33-452a-9f2b-514a882cfcb1,unlabeled,-1,1,0.5884423,-1
data\unlabelled\379370a3-44c0-419c-941f-dd99692e70e2.jpg,-1,unlabeled,379370a3-44c0-419c-941f-dd99692e70e2,unlabeled,-1,1,0.6301767,1
data\unlabelled\38330f8d-b1b3-4c5d-a9aa-5637ea96a44d.jpg,-1,unlabeled,38330f8d-b1b3-4c5d-a9aa-5637ea96a44d,unlabeled,-1,1,0.5883133,-1
data\unlabelled\391fa099-33ae-4f27-bbbc-248f072a9373.jpg,-1,unlabeled,391fa099-33ae-4f27-bbbc-248f072a9373,unlabeled,-1,1,0.5710623,-1
data\unlabelled\39212733-698a-40da-9b79-43ba2eb9917c.jpg,-1,unlabeled,39212733-698a-40da-9b79-43ba2eb9917c,unlabeled,-1,1,0.57914054,-1
data\unlabelled\39adbd1c-e78f-4e0f-97e6-af1cdbbe8789.jpg,-1,unlabeled,39adbd1c-e78f-4e0f-97e6-af1cdbbe8789,unlabeled,-1,1,0.57047826,-1
data\unlabelled\3a0ffe76-2d79-4426-bb1c-e3ae39ef3c03.jpg,-1,unlabeled,3a0ffe76-2d79-4426-bb1c-e3ae39ef3c03,unlabeled,-1,1,0.6015089,-1
data\unlabelled\3a1ca119-8f2b-4337-9df5-89dfc23dc9e4.jpg,-1,unlabeled,3a1ca119-8f2b-4337-9df5-89dfc23dc9e4,unlabeled,-1,1,0.5643826,-1
data\unlabelled\3a572471-d25c-44a5-a164-1c015e03e655.jpg,-1,unlabeled,3a572471-d25c-44a5-a164-1c015e03e655,unlabeled,-1,0,0.5489336,-1
data\unlabelled\3a6c4f41-df0e-4234-aff8-ada90e4a99db.jpg,-1,unlabeled,3a6c4f41-df0e-4234-aff8-ada90e4a99db,unlabeled,-1,0,0.57583654,-1
data\unlabelled\3ae4539c-96a8-4428-a555-29753b701ce0.jpg,-1,unlabeled,3ae4539c-96a8-4428-a555-29753b701ce0,unlabeled,-1,1,0.63274354,1
data\unlabelled\3afd9d56-d6e9-4d81-bdf7-2ee60e20f366.jpg,-1,unlabeled,3afd9d56-d6e9-4d81-bdf7-2ee60e20f366,unlabeled,-1,1,0.58399105,-1
data\unlabelled\3aff54be-b7ff-4071-abce-a25915bb0453.jpg,-1,unlabeled,3aff54be-b7ff-4071-abce-a25915bb0453,unlabeled,-1,1,0.6128177,1
data\unlabelled\3b0a6481-33b8-47b5-b1b5-a87f612468c8.jpg,-1,unlabeled,3b0a6481-33b8-47b5-b1b5-a87f612468c8,unlabeled,-1,1,0.58514917,-1
data\unlabelled\3b1f05e1-7b97-4e82-9574-61f36a179d1c.jpg,-1,unlabeled,3b1f05e1-7b97-4e82-9574-61f36a179d1c,unlabeled,-1,1,0.605726,1
data\unlabelled\3b44606b-e7fe-4d15-9609-d11cc657fd6f.jpg,-1,unlabeled,3b44606b-e7fe-4d15-9609-d11cc657fd6f,unlabeled,-1,1,0.58045465,-1
data\unlabelled\3b763d9e-91a1-403e-8c0c-edd716c08251.jpg,-1,unlabeled,3b763d9e-91a1-403e-8c0c-edd716c08251,unlabeled,-1,0,0.5686703,-1
data\unlabelled\3b9acde3-0830-4ad3-95ac-fd47b5a7f2e7.jpg,-1,unlabeled,3b9acde3-0830-4ad3-95ac-fd47b5a7f2e7,unlabeled,-1,1,0.585883,-1
data\unlabelled\3bf6c1a5-f039-4408-8034-4c575ab55e7b.jpg,-1,unlabeled,3bf6c1a5-f039-4408-8034-4c575ab55e7b,unlabeled,-1,0,0.5572451,-1
data\unlabelled\3d044239-3bcc-4511-a52f-c415b51e5f58.jpg,-1,unlabeled,3d044239-3bcc-4511-a52f-c415b51e5f58,unlabeled,-1,1,0.5647144,-1
data\unlabelled\3d09671b-9479-4ec9-a9cf-2934ad88657b.jpg,-1,unlabeled,3d09671b-9479-4ec9-a9cf-2934ad88657b,unlabeled,-1,0,0.50911653,-1
data\unlabelled\3d19107a-9578-481b-9063-791dd3c2f06f.jpg,-1,unlabeled,3d19107a-9578-481b-9063-791dd3c2f06f,unlabeled,-1,1,0.59800357,-1
data\unlabelled\3d6aa1fe-6c9f-4afa-a499-dc909d838e98.jpg,-1,unlabeled,3d6aa1fe-6c9f-4afa-a499-dc909d838e98,unlabeled,-1,1,0.5908208,-1
data\unlabelled\3d793a95-4fa0-4cd9-8017-0dd7e5fd1d20.jpg,-1,unlabeled,3d793a95-4fa0-4cd9-8017-0dd7e5fd1d20,unlabeled,-1,1,0.5931805,-1
data\unlabelled\3d93aeef-b3f6-4b56-a9db-271eb2a012bf.jpg,-1,unlabeled,3d93aeef-b3f6-4b56-a9db-271eb2a012bf,unlabeled,-1,1,0.60297334,-1
data\unlabelled\3dba1589-a66c-4282-afe8-5b25c19a2990.jpg,-1,unlabeled,3dba1589-a66c-4282-afe8-5b25c19a2990,unlabeled,-1,0,0.5114138,-1
data\unlabelled\3de3c09a-52bc-4915-bb84-61a0cfedf855.jpg,-1,unlabeled,3de3c09a-52bc-4915-bb84-61a0cfedf855,unlabeled,-1,1,0.5599965,-1
data\unlabelled\3e3bc53d-e0df-450f-b93b-9d3e6060e195.jpg,-1,unlabeled,3e3bc53d-e0df-450f-b93b-9d3e6060e195,unlabeled,-1,0,0.59770024,0
data\unlabelled\3e5acc42-321e-45eb-ba51-ecca20a29587.jpg,-1,unlabeled,3e5acc42-321e-45eb-ba51-ecca20a29587,unlabeled,-1,1,0.6062313,1
data\unlabelled\3ead2ab0-c386-48b7-8e2f-77b0a7219695.jpg,-1,unlabeled,3ead2ab0-c386-48b7-8e2f-77b0a7219695,unlabeled,-1,1,0.5215427,-1
data\unlabelled\3efef3cf-866e-477d-8371-ce2de57bdb8b.jpg,-1,unlabeled,3efef3cf-866e-477d-8371-ce2de57bdb8b,unlabeled,-1,0,0.58736014,-1
data\unlabelled\3f29902a-53f3-4335-9b45-fea429402145.jpg,-1,unlabeled,3f29902a-53f3-4335-9b45-fea429402145,unlabeled,-1,0,0.57153755,-1
data\unlabelled\3f344776-95e6-403b-9624-08234c01d2c2.jpg,-1,unlabeled,3f344776-95e6-403b-9624-08234c01d2c2,unlabeled,-1,1,0.58524096,-1
data\unlabelled\3f5ace85-69f1-4cad-82d3-2d85ba19c5d9.jpg,-1,unlabeled,3f5ace85-69f1-4cad-82d3-2d85ba19c5d9,unlabeled,-1,1,0.5867609,-1
data\unlabelled\3faa6891-dd9c-41b2-aca3-0b87b22eb6b6.jpg,-1,unlabeled,3faa6891-dd9c-41b2-aca3-0b87b22eb6b6,unlabeled,-1,1,0.5932581,-1
data\unlabelled\3fc6f478-c3ef-4df8-a016-17c9c28805d5.jpg,-1,unlabeled,3fc6f478-c3ef-4df8-a016-17c9c28805d5,unlabeled,-1,1,0.5578573,-1
data\unlabelled\3fd266be-c678-4720-a098-e03acdd357ec.jpg,-1,unlabeled,3fd266be-c678-4720-a098-e03acdd357ec,unlabeled,-1,1,0.59315205,-1
data\unlabelled\40077be9-cf60-4d6c-a01b-6de6bb7cf4c1.jpg,-1,unlabeled,40077be9-cf60-4d6c-a01b-6de6bb7cf4c1,unlabeled,-1,1,0.6002355,-1
data\unlabelled\40a84ff8-47bf-4962-80d1-98ab2bf63a4d.jpg,-1,unlabeled,40a84ff8-47bf-4962-80d1-98ab2bf63a4d,unlabeled,-1,0,0.6005134,0
data\unlabelled\40b1313e-6c50-488f-9066-bfefc7c5b2e1.jpg,-1,unlabeled,40b1313e-6c50-488f-9066-bfefc7c5b2e1,unlabeled,-1,0,0.5860593,-1
data\unlabelled\40b5615a-890b-458f-af87-20cec67dc51b.jpg,-1,unlabeled,40b5615a-890b-458f-af87-20cec67dc51b,unlabeled,-1,1,0.60793704,1
data\unlabelled\40e7db67-c2e3-4f79-943d-d6ac5b35cf2e.jpg,-1,unlabeled,40e7db67-c2e3-4f79-943d-d6ac5b35cf2e,unlabeled,-1,0,0.581074,-1
data\unlabelled\41360b65-66a4-47c0-a2c6-6db7bb2c6518.jpg,-1,unlabeled,41360b65-66a4-47c0-a2c6-6db7bb2c6518,unlabeled,-1,1,0.58673143,-1
data\unlabelled\41393bf4-fb5c-46a7-8f81-5262658865f8.jpg,-1,unlabeled,41393bf4-fb5c-46a7-8f81-5262658865f8,unlabeled,-1,1,0.51698667,-1
data\unlabelled\4167f137-70aa-4295-9237-e6f3d8ddec87.jpg,-1,unlabeled,4167f137-70aa-4295-9237-e6f3d8ddec87,unlabeled,-1,1,0.5661285,-1
data\unlabelled\4171779c-96fe-4b29-afa0-c71919507cc3.jpg,-1,unlabeled,4171779c-96fe-4b29-afa0-c71919507cc3,unlabeled,-1,1,0.54116213,-1
data\unlabelled\41b08a1e-2cff-48e3-a659-c0e1e658e7fc.jpg,-1,unlabeled,41b08a1e-2cff-48e3-a659-c0e1e658e7fc,unlabeled,-1,1,0.54666245,-1
data\unlabelled\41d0f225-4842-4b7b-9e54-9952e603e03f.jpg,-1,unlabeled,41d0f225-4842-4b7b-9e54-9952e603e03f,unlabeled,-1,1,0.6138734,1
data\unlabelled\420bc65c-4456-45ff-b5b4-19ba112649c3.jpg,-1,unlabeled,420bc65c-4456-45ff-b5b4-19ba112649c3,unlabeled,-1,0,0.5889727,0
data\unlabelled\4212e469-4106-4e65-bd52-814351f05619.jpg,-1,unlabeled,4212e469-4106-4e65-bd52-814351f05619,unlabeled,-1,1,0.5983007,-1
data\unlabelled\4235abf9-6849-4a61-b70e-96317f1548c6.jpg,-1,unlabeled,4235abf9-6849-4a61-b70e-96317f1548c6,unlabeled,-1,1,0.58957773,-1
data\unlabelled\4245d386-f23e-4f0e-b5e6-dc141da90edb.jpg,-1,unlabeled,4245d386-f23e-4f0e-b5e6-dc141da90edb,unlabeled,-1,0,0.5592223,-1
data\unlabelled\425208de-a7b6-48b4-a44c-3e5199b97fef.jpg,-1,unlabeled,425208de-a7b6-48b4-a44c-3e5199b97fef,unlabeled,-1,1,0.57454216,-1
data\unlabelled\425c79ee-7d27-4f56-bc4a-1379504fc2a7.jpg,-1,unlabeled,425c79ee-7d27-4f56-bc4a-1379504fc2a7,unlabeled,-1,0,0.5905907,0
data\unlabelled\4277ef53-5782-4d64-a82d-6b44fbac28db.jpg,-1,unlabeled,4277ef53-5782-4d64-a82d-6b44fbac28db,unlabeled,-1,1,0.57441616,-1
data\unlabelled\42d9ce05-9a99-4f86-b7fa-807a3f62396b.jpg,-1,unlabeled,42d9ce05-9a99-4f86-b7fa-807a3f62396b,unlabeled,-1,0,0.576247,-1
data\unlabelled\438833fd-6e2c-4a08-915e-dd984764fa0e.jpg,-1,unlabeled,438833fd-6e2c-4a08-915e-dd984764fa0e,unlabeled,-1,0,0.5941903,0
data\unlabelled\43dbbbbc-4970-46ef-8f45-20aec836e19a.jpg,-1,unlabeled,43dbbbbc-4970-46ef-8f45-20aec836e19a,unlabeled,-1,1,0.5909192,-1
data\unlabelled\43e52669-bf1e-468a-a962-e2cb5b258314.jpg,-1,unlabeled,43e52669-bf1e-468a-a962-e2cb5b258314,unlabeled,-1,1,0.58444524,-1
data\unlabelled\44139282-f2e8-4ab1-b16c-d459a0a33a89.jpg,-1,unlabeled,44139282-f2e8-4ab1-b16c-d459a0a33a89,unlabeled,-1,1,0.5562899,-1
data\unlabelled\4424d3a7-1d99-4e69-9e1b-ca4b6f3c9cbf.jpg,-1,unlabeled,4424d3a7-1d99-4e69-9e1b-ca4b6f3c9cbf,unlabeled,-1,1,0.53083676,-1
data\unlabelled\44303155-6799-420d-a55d-99e018674515.jpg,-1,unlabeled,44303155-6799-420d-a55d-99e018674515,unlabeled,-1,1,0.60212183,-1
data\unlabelled\444fe6ac-f7e6-47ae-acbb-3a50c39d9c6e.jpg,-1,unlabeled,444fe6ac-f7e6-47ae-acbb-3a50c39d9c6e,unlabeled,-1,1,0.5902638,-1
data\unlabelled\445cf17d-d94e-4c4d-928f-75ef64f771e9.jpg,-1,unlabeled,445cf17d-d94e-4c4d-928f-75ef64f771e9,unlabeled,-1,1,0.5818937,-1
data\unlabelled\448dad51-615d-4a17-84bc-588412fb79f4.jpg,-1,unlabeled,448dad51-615d-4a17-84bc-588412fb79f4,unlabeled,-1,0,0.56373197,-1
data\unlabelled\4542a953-9f45-49ca-b90b-502fd29732c7.jpg,-1,unlabeled,4542a953-9f45-49ca-b90b-502fd29732c7,unlabeled,-1,1,0.62530535,1
data\unlabelled\4545f8d2-4fb5-49c2-bb0d-eb2d5372e1f6.jpg,-1,unlabeled,4545f8d2-4fb5-49c2-bb0d-eb2d5372e1f6,unlabeled,-1,0,0.51746243,-1
data\unlabelled\45d918bb-f290-4a21-8cc9-a139377498d8.jpg,-1,unlabeled,45d918bb-f290-4a21-8cc9-a139377498d8,unlabeled,-1,0,0.5447389,-1
data\unlabelled\46718442-5923-4b9f-b2f4-c64d55cdbb7b.jpg,-1,unlabeled,46718442-5923-4b9f-b2f4-c64d55cdbb7b,unlabeled,-1,1,0.5816567,-1
data\unlabelled\470ac80f-4c53-41b5-a903-6054e4f7d424.jpg,-1,unlabeled,470ac80f-4c53-41b5-a903-6054e4f7d424,unlabeled,-1,1,0.57875866,-1
data\unlabelled\470fdac5-3acb-4d5a-aa31-aaf866697c44.jpg,-1,unlabeled,470fdac5-3acb-4d5a-aa31-aaf866697c44,unlabeled,-1,1,0.57478243,-1
data\unlabelled\473788b6-9e8e-449e-82fe-c4f75c13ad96.jpg,-1,unlabeled,473788b6-9e8e-449e-82fe-c4f75c13ad96,unlabeled,-1,1,0.51786965,-1
data\unlabelled\478a4925-c244-4ad7-9df0-a22840d9a508.jpg,-1,unlabeled,478a4925-c244-4ad7-9df0-a22840d9a508,unlabeled,-1,1,0.5707097,-1
data\unlabelled\47abe1b3-9a05-4d39-bae6-f3287dfffa60.jpg,-1,unlabeled,47abe1b3-9a05-4d39-bae6-f3287dfffa60,unlabeled,-1,1,0.61621,1
data\unlabelled\4847c338-78a2-4d87-a820-058ce5ebb809.jpg,-1,unlabeled,4847c338-78a2-4d87-a820-058ce5ebb809,unlabeled,-1,1,0.6021529,-1
data\unlabelled\4855f846-6416-4708-8d81-e9e077c340b3.jpg,-1,unlabeled,4855f846-6416-4708-8d81-e9e077c340b3,unlabeled,-1,1,0.5432902,-1
data\unlabelled\48707112-26c5-4351-ba2d-ea391da2c900.jpg,-1,unlabeled,48707112-26c5-4351-ba2d-ea391da2c900,unlabeled,-1,0,0.5842818,-1
data\unlabelled\487ce1da-e303-4e8d-bcc4-9e857ad7b982.jpg,-1,unlabeled,487ce1da-e303-4e8d-bcc4-9e857ad7b982,unlabeled,-1,1,0.59950703,-1
data\unlabelled\48a96c9e-737b-4604-b619-9ba6d533a449.jpg,-1,unlabeled,48a96c9e-737b-4604-b619-9ba6d533a449,unlabeled,-1,1,0.6190237,1
data\unlabelled\48db0c1b-9bf0-4260-8de9-59ba582b8c64.jpg,-1,unlabeled,48db0c1b-9bf0-4260-8de9-59ba582b8c64,unlabeled,-1,1,0.5241331,-1
data\unlabelled\4940c0e4-2564-446d-a31e-49730bace275.jpg,-1,unlabeled,4940c0e4-2564-446d-a31e-49730bace275,unlabeled,-1,0,0.59234446,0
data\unlabelled\49439d86-3c4a-4e7a-ae95-f5c545a07faf.jpg,-1,unlabeled,49439d86-3c4a-4e7a-ae95-f5c545a07faf,unlabeled,-1,1,0.5486685,-1
data\unlabelled\4969375d-41fa-4be7-bd79-ac39227781ab.jpg,-1,unlabeled,4969375d-41fa-4be7-bd79-ac39227781ab,unlabeled,-1,1,0.56323266,-1
data\unlabelled\49a9090d-d087-46e5-9309-8a6ba68df5cb.jpg,-1,unlabeled,49a9090d-d087-46e5-9309-8a6ba68df5cb,unlabeled,-1,0,0.5670331,-1
data\unlabelled\4a0dcb3d-b143-4a64-8665-d150a0397f9d.jpg,-1,unlabeled,4a0dcb3d-b143-4a64-8665-d150a0397f9d,unlabeled,-1,0,0.49476478,-1
data\unlabelled\4a4822ad-22e0-4dac-a072-18fe2824cc9f.jpg,-1,unlabeled,4a4822ad-22e0-4dac-a072-18fe2824cc9f,unlabeled,-1,0,0.5691664,-1
data\unlabelled\4a607152-f955-4c6c-becd-44d73e22988d.jpg,-1,unlabeled,4a607152-f955-4c6c-becd-44d73e22988d,unlabeled,-1,0,0.56072086,-1
data\unlabelled\4a64d369-e33e-46fc-812a-b02ef91337c0.jpg,-1,unlabeled,4a64d369-e33e-46fc-812a-b02ef91337c0,unlabeled,-1,1,0.5935296,-1
data\unlabelled\4a84d005-84db-4ce5-81c1-ef1b39b9c219.jpg,-1,unlabeled,4a84d005-84db-4ce5-81c1-ef1b39b9c219,unlabeled,-1,0,0.5592355,-1
data\unlabelled\4ab4a1fe-973b-4d6f-9efd-3803308a3554.jpg,-1,unlabeled,4ab4a1fe-973b-4d6f-9efd-3803308a3554,unlabeled,-1,0,0.5990327,0
data\unlabelled\4ad95ffb-24ab-40f0-88f2-22b36a6b2906.jpg,-1,unlabeled,4ad95ffb-24ab-40f0-88f2-22b36a6b2906,unlabeled,-1,1,0.56505555,-1
data\unlabelled\4b1c65e8-d1c8-46d2-a32f-f47da2f7b33e.jpg,-1,unlabeled,4b1c65e8-d1c8-46d2-a32f-f47da2f7b33e,unlabeled,-1,1,0.59643674,-1
data\unlabelled\4b217ca0-4e5f-4d5e-a71d-b9f992e43281.jpg,-1,unlabeled,4b217ca0-4e5f-4d5e-a71d-b9f992e43281,unlabeled,-1,1,0.5827273,-1
data\unlabelled\4bc797d8-30f1-45b4-ae60-1eb83188c8db.jpg,-1,unlabeled,4bc797d8-30f1-45b4-ae60-1eb83188c8db,unlabeled,-1,1,0.5968795,-1
data\unlabelled\4beb7ae1-51f0-48f2-bc18-a13500e164ef.jpg,-1,unlabeled,4beb7ae1-51f0-48f2-bc18-a13500e164ef,unlabeled,-1,1,0.60727954,1
data\unlabelled\4c7dd03b-a2d7-4008-9f72-b62d0f958e63.jpg,-1,unlabeled,4c7dd03b-a2d7-4008-9f72-b62d0f958e63,unlabeled,-1,0,0.55864114,-1
data\unlabelled\4ca7ee0c-f302-4ffa-af58-0e845e4e2aba.jpg,-1,unlabeled,4ca7ee0c-f302-4ffa-af58-0e845e4e2aba,unlabeled,-1,1,0.5844833,-1
data\unlabelled\4cc8628e-3700-45cc-9bd3-30c727c42a46.jpg,-1,unlabeled,4cc8628e-3700-45cc-9bd3-30c727c42a46,unlabeled,-1,1,0.5924423,-1
data\unlabelled\4d0e8bfd-1207-471b-9266-384ee890470a.jpg,-1,unlabeled,4d0e8bfd-1207-471b-9266-384ee890470a,unlabeled,-1,1,0.61447173,1
data\unlabelled\4d16f5d0-bb48-4571-a231-ed67a5d6dd5e.jpg,-1,unlabeled,4d16f5d0-bb48-4571-a231-ed67a5d6dd5e,unlabeled,-1,0,0.56300366,-1
data\unlabelled\4d276aed-3ddd-4af8-a79b-2649a9cfcd2b.jpg,-1,unlabeled,4d276aed-3ddd-4af8-a79b-2649a9cfcd2b,unlabeled,-1,0,0.5762963,-1
data\unlabelled\4de2f2d2-e55a-419f-9180-cb248afd5546.jpg,-1,unlabeled,4de2f2d2-e55a-419f-9180-cb248afd5546,unlabeled,-1,1,0.6003009,-1
data\unlabelled\4dea203c-6caf-4232-a8d8-af8b1eb5b286.jpg,-1,unlabeled,4dea203c-6caf-4232-a8d8-af8b1eb5b286,unlabeled,-1,0,0.52935684,-1
data\unlabelled\4e2a2ed8-cc16-4b42-b67e-59f949e07654.jpg,-1,unlabeled,4e2a2ed8-cc16-4b42-b67e-59f949e07654,unlabeled,-1,0,0.5929381,0
data\unlabelled\4e3b417f-147f-4fe8-8539-e21bdf25ae7c.jpg,-1,unlabeled,4e3b417f-147f-4fe8-8539-e21bdf25ae7c,unlabeled,-1,0,0.58400023,-1
data\unlabelled\4e485909-c17c-473b-a216-2ff0609db39f.jpg,-1,unlabeled,4e485909-c17c-473b-a216-2ff0609db39f,unlabeled,-1,0,0.58380806,-1
data\unlabelled\4ed9890b-5bc7-4467-ae5f-2e10bd59040c.jpg,-1,unlabeled,4ed9890b-5bc7-4467-ae5f-2e10bd59040c,unlabeled,-1,1,0.62277955,1
data\unlabelled\4f5106a7-6369-43e6-88d8-d751965465ab.jpg,-1,unlabeled,4f5106a7-6369-43e6-88d8-d751965465ab,unlabeled,-1,0,0.5529342,-1
data\unlabelled\4f57aa56-f70c-40b1-bf05-e8b4b5a96665.jpg,-1,unlabeled,4f57aa56-f70c-40b1-bf05-e8b4b5a96665,unlabeled,-1,0,0.5425437,-1
data\unlabelled\4f843f10-b692-4744-a9db-754727f78b1b.jpg,-1,unlabeled,4f843f10-b692-4744-a9db-754727f78b1b,unlabeled,-1,1,0.57423663,-1
data\unlabelled\4f957598-f192-4dca-863d-f854b6a794a5.jpg,-1,unlabeled,4f957598-f192-4dca-863d-f854b6a794a5,unlabeled,-1,0,0.5337473,-1
data\unlabelled\4fa53d5a-5b60-45ce-8df5-73bc1fc53fcc.jpg,-1,unlabeled,4fa53d5a-5b60-45ce-8df5-73bc1fc53fcc,unlabeled,-1,1,0.5457957,-1
data\unlabelled\4fc6fd73-542f-4f22-a4c1-db9804334e69.jpg,-1,unlabeled,4fc6fd73-542f-4f22-a4c1-db9804334e69,unlabeled,-1,1,0.60409606,-1
data\unlabelled\4ff209cf-48f8-4f62-a113-e34ca9b65ce2.jpg,-1,unlabeled,4ff209cf-48f8-4f62-a113-e34ca9b65ce2,unlabeled,-1,1,0.5751623,-1
data\unlabelled\4ff27469-de3a-4025-8ae9-7ca95650115c.jpg,-1,unlabeled,4ff27469-de3a-4025-8ae9-7ca95650115c,unlabeled,-1,0,0.6152948,0
data\unlabelled\5068407e-c4f6-4d77-9a17-eb936200b368.jpg,-1,unlabeled,5068407e-c4f6-4d77-9a17-eb936200b368,unlabeled,-1,1,0.55368966,-1
data\unlabelled\50b98648-0e5b-4fbd-bb2b-bef1be46a55b.jpg,-1,unlabeled,50b98648-0e5b-4fbd-bb2b-bef1be46a55b,unlabeled,-1,1,0.59773487,-1
data\unlabelled\511fbc9c-fe8c-4612-9cc4-46490987601f.jpg,-1,unlabeled,511fbc9c-fe8c-4612-9cc4-46490987601f,unlabeled,-1,1,0.58927417,-1
data\unlabelled\5161b562-dee2-4274-bfa3-71ee764d2f3a.jpg,-1,unlabeled,5161b562-dee2-4274-bfa3-71ee764d2f3a,unlabeled,-1,0,0.595275,0
data\unlabelled\51a311cf-b0df-4759-8b4b-0dae8eee2a4e.jpg,-1,unlabeled,51a311cf-b0df-4759-8b4b-0dae8eee2a4e,unlabeled,-1,1,0.6155613,1
data\unlabelled\51a964bd-5916-45b8-91ae-81a0635143a9.jpg,-1,unlabeled,51a964bd-5916-45b8-91ae-81a0635143a9,unlabeled,-1,1,0.5605012,-1
data\unlabelled\51d94c32-e7d6-4c12-871f-60aa862442fe.jpg,-1,unlabeled,51d94c32-e7d6-4c12-871f-60aa862442fe,unlabeled,-1,0,0.5854776,-1
data\unlabelled\526c8abe-325b-4e72-bff7-3476900bee6c.jpg,-1,unlabeled,526c8abe-325b-4e72-bff7-3476900bee6c,unlabeled,-1,0,0.58355397,-1
data\unlabelled\52b3b597-7397-4e1c-8e8b-8f8b84af20b7.jpg,-1,unlabeled,52b3b597-7397-4e1c-8e8b-8f8b84af20b7,unlabeled,-1,0,0.5692801,-1
data\unlabelled\52cc60ff-dedd-4ed0-be2a-7538d2ed96d7.jpg,-1,unlabeled,52cc60ff-dedd-4ed0-be2a-7538d2ed96d7,unlabeled,-1,0,0.59607506,0
data\unlabelled\52d8deef-b6a8-4772-8a02-be9a7f6b3741.jpg,-1,unlabeled,52d8deef-b6a8-4772-8a02-be9a7f6b3741,unlabeled,-1,0,0.59359246,0
data\unlabelled\52f16dc2-f3c0-499c-9a50-59e02341b0fa.jpg,-1,unlabeled,52f16dc2-f3c0-499c-9a50-59e02341b0fa,unlabeled,-1,1,0.59272933,-1
data\unlabelled\52fe9479-660b-47f8-955e-ebf52fe8c9aa.jpg,-1,unlabeled,52fe9479-660b-47f8-955e-ebf52fe8c9aa,unlabeled,-1,1,0.6054766,1
data\unlabelled\530336b1-b63c-4693-a842-088374c12d4b.jpg,-1,unlabeled,530336b1-b63c-4693-a842-088374c12d4b,unlabeled,-1,1,0.54371166,-1
data\unlabelled\531d1c0c-a400-41ea-b3a0-d73f59885416.jpg,-1,unlabeled,531d1c0c-a400-41ea-b3a0-d73f59885416,unlabeled,-1,1,0.6124217,1
data\unlabelled\533b4415-879e-490c-b039-eb272938ba83.jpg,-1,unlabeled,533b4415-879e-490c-b039-eb272938ba83,unlabeled,-1,0,0.5224414,-1
data\unlabelled\5343b736-574c-4a8b-8a26-606a727a3ba2.jpg,-1,unlabeled,5343b736-574c-4a8b-8a26-606a727a3ba2,unlabeled,-1,1,0.60942566,1
data\unlabelled\53af10d9-bad5-48ff-ba27-f26153fb11a1.jpg,-1,unlabeled,53af10d9-bad5-48ff-ba27-f26153fb11a1,unlabeled,-1,1,0.5243705,-1
data\unlabelled\53e9498b-de30-45f9-9653-768b3838b364.jpg,-1,unlabeled,53e9498b-de30-45f9-9653-768b3838b364,unlabeled,-1,0,0.52672136,-1
data\unlabelled\5408cb44-850a-49d9-8f6e-8e7d7d6ea44a.jpg,-1,unlabeled,5408cb44-850a-49d9-8f6e-8e7d7d6ea44a,unlabeled,-1,0,0.5349515,-1
data\unlabelled\5434d6b2-b0dd-42d7-832c-ae465e64ddc2.jpg,-1,unlabeled,5434d6b2-b0dd-42d7-832c-ae465e64ddc2,unlabeled,-1,1,0.5611996,-1
data\unlabelled\5441bcd3-665f-4140-ac1f-ac21f65b8f49.jpg,-1,unlabeled,5441bcd3-665f-4140-ac1f-ac21f65b8f49,unlabeled,-1,1,0.5544974,-1
data\unlabelled\544f03e7-a98e-4337-8fc0-01ace3ec18e1.jpg,-1,unlabeled,544f03e7-a98e-4337-8fc0-01ace3ec18e1,unlabeled,-1,1,0.56444937,-1
data\unlabelled\553cf3fa-ab91-47b4-98c9-9e6c9f3c964f.jpg,-1,unlabeled,553cf3fa-ab91-47b4-98c9-9e6c9f3c964f,unlabeled,-1,0,0.5370264,-1
data\unlabelled\5544c82f-910d-4207-a46f-7e89a740c22e.jpg,-1,unlabeled,5544c82f-910d-4207-a46f-7e89a740c22e,unlabeled,-1,1,0.5803503,-1
data\unlabelled\55651521-e806-425c-8314-9fd20864b090.jpg,-1,unlabeled,55651521-e806-425c-8314-9fd20864b090,unlabeled,-1,1,0.6404531,1
data\unlabelled\55938246-aacc-4725-8e13-59d3bfaaf974.jpg,-1,unlabeled,55938246-aacc-4725-8e13-59d3bfaaf974,unlabeled,-1,0,0.57165074,-1
data\unlabelled\55e150d8-7be4-4d4b-88b9-8dfaf3ab7d86.jpg,-1,unlabeled,55e150d8-7be4-4d4b-88b9-8dfaf3ab7d86,unlabeled,-1,0,0.5522383,-1
data\unlabelled\55e65112-e914-4360-a2cb-3245bb02005a.jpg,-1,unlabeled,55e65112-e914-4360-a2cb-3245bb02005a,unlabeled,-1,0,0.50127935,-1
data\unlabelled\55ff4348-5711-47d8-9482-11fdfae5a64a.jpg,-1,unlabeled,55ff4348-5711-47d8-9482-11fdfae5a64a,unlabeled,-1,0,0.5661837,-1
data\unlabelled\56349c6c-aa8c-49a4-9112-f50938eecfed.jpg,-1,unlabeled,56349c6c-aa8c-49a4-9112-f50938eecfed,unlabeled,-1,0,0.5531747,-1
data\unlabelled\566df089-a010-4e9a-8038-48bafb8d65c4.jpg,-1,unlabeled,566df089-a010-4e9a-8038-48bafb8d65c4,unlabeled,-1,1,0.6142458,1
data\unlabelled\5674a7bf-6fe6-4c43-b574-fdd81608e18b.jpg,-1,unlabeled,5674a7bf-6fe6-4c43-b574-fdd81608e18b,unlabeled,-1,1,0.5811907,-1
data\unlabelled\5678f634-63d9-4f7a-8d1e-a5d05a324747.jpg,-1,unlabeled,5678f634-63d9-4f7a-8d1e-a5d05a324747,unlabeled,-1,1,0.5866436,-1
data\unlabelled\56839f79-a382-40e1-854d-312d7e2e7c11.jpg,-1,unlabeled,56839f79-a382-40e1-854d-312d7e2e7c11,unlabeled,-1,1,0.5895674,-1
data\unlabelled\56c4e87b-d26c-4163-aad6-cc18cdb31c4d.jpg,-1,unlabeled,56c4e87b-d26c-4163-aad6-cc18cdb31c4d,unlabeled,-1,1,0.56945276,-1
data\unlabelled\56dad7f7-9054-468b-9714-10589af74613.jpg,-1,unlabeled,56dad7f7-9054-468b-9714-10589af74613,unlabeled,-1,1,0.6251693,1
data\unlabelled\56e37c03-c9a4-4e39-8d6f-12bf8e03dcb4.jpg,-1,unlabeled,56e37c03-c9a4-4e39-8d6f-12bf8e03dcb4,unlabeled,-1,1,0.5497736,-1
data\unlabelled\56f2989c-2983-4d9e-8cfd-2aceae7cad0e.jpg,-1,unlabeled,56f2989c-2983-4d9e-8cfd-2aceae7cad0e,unlabeled,-1,0,0.56059957,-1
data\unlabelled\56f43b5b-e894-4a26-9117-e12b45937248.jpg,-1,unlabeled,56f43b5b-e894-4a26-9117-e12b45937248,unlabeled,-1,1,0.5758528,-1
data\unlabelled\5735cc06-85b0-48a3-84c0-b636f7817ac5.jpg,-1,unlabeled,5735cc06-85b0-48a3-84c0-b636f7817ac5,unlabeled,-1,1,0.62557995,1
data\unlabelled\5795682e-91f2-4aa7-917a-55b589fda78b.jpg,-1,unlabeled,5795682e-91f2-4aa7-917a-55b589fda78b,unlabeled,-1,1,0.6090168,1
data\unlabelled\57b499f8-f04b-4c6c-96ee-1ebf4eba5f12.jpg,-1,unlabeled,57b499f8-f04b-4c6c-96ee-1ebf4eba5f12,unlabeled,-1,0,0.5405,-1
data\unlabelled\57baf15b-026f-49e4-8fe5-0b46802abba3.jpg,-1,unlabeled,57baf15b-026f-49e4-8fe5-0b46802abba3,unlabeled,-1,1,0.57108307,-1
data\unlabelled\57e77227-39fe-4d00-9419-a6cbdbc33e16.jpg,-1,unlabeled,57e77227-39fe-4d00-9419-a6cbdbc33e16,unlabeled,-1,0,0.5149688,-1
data\unlabelled\58cba4ba-db60-4790-af57-466b841a20ce.jpg,-1,unlabeled,58cba4ba-db60-4790-af57-466b841a20ce,unlabeled,-1,1,0.6201818,1
data\unlabelled\59012ec2-6d1a-49b9-b7d2-91095e72f177.jpg,-1,unlabeled,59012ec2-6d1a-49b9-b7d2-91095e72f177,unlabeled,-1,0,0.5158497,-1
data\unlabelled\5917a21d-0a1e-4138-ab5d-0d0e29d32b6b.jpg,-1,unlabeled,5917a21d-0a1e-4138-ab5d-0d0e29d32b6b,unlabeled,-1,1,0.56996787,-1
data\unlabelled\592e9fb8-cf27-4acf-ab1f-7644e76ff88e.jpg,-1,unlabeled,592e9fb8-cf27-4acf-ab1f-7644e76ff88e,unlabeled,-1,1,0.5750753,-1
data\unlabelled\59f4a53f-126b-4239-b6c4-7d352eec2ad5.jpg,-1,unlabeled,59f4a53f-126b-4239-b6c4-7d352eec2ad5,unlabeled,-1,1,0.59265804,-1
data\unlabelled\5a3b10ea-d871-4565-ab46-604e9903f3ee.jpg,-1,unlabeled,5a3b10ea-d871-4565-ab46-604e9903f3ee,unlabeled,-1,0,0.54290783,-1
data\unlabelled\5a4646c6-3d6e-43db-aab7-1205f7cca59b.jpg,-1,unlabeled,5a4646c6-3d6e-43db-aab7-1205f7cca59b,unlabeled,-1,0,0.57654756,-1
data\unlabelled\5a989308-5f9a-4528-9323-7a6c6547107d.jpg,-1,unlabeled,5a989308-5f9a-4528-9323-7a6c6547107d,unlabeled,-1,0,0.5691441,-1
data\unlabelled\5aa75529-97ae-4f97-b1fd-50e0d070ba04.jpg,-1,unlabeled,5aa75529-97ae-4f97-b1fd-50e0d070ba04,unlabeled,-1,0,0.57796776,-1
data\unlabelled\5aafb393-a10b-430e-b1eb-5a86947c4395.jpg,-1,unlabeled,5aafb393-a10b-430e-b1eb-5a86947c4395,unlabeled,-1,1,0.59578216,-1
data\unlabelled\5ad5d915-777b-4f36-84a1-2c019a869145.jpg,-1,unlabeled,5ad5d915-777b-4f36-84a1-2c019a869145,unlabeled,-1,0,0.54472154,-1
data\unlabelled\5b076a83-afe8-4876-a740-9c4671fdf489.jpg,-1,unlabeled,5b076a83-afe8-4876-a740-9c4671fdf489,unlabeled,-1,1,0.55292016,-1
data\unlabelled\5b2e35be-2519-4ce5-bf34-3632e6e697e7.jpg,-1,unlabeled,5b2e35be-2519-4ce5-bf34-3632e6e697e7,unlabeled,-1,1,0.5961391,-1
data\unlabelled\5b819f6b-dd29-42b7-b4ac-29ef152bf6bb.jpg,-1,unlabeled,5b819f6b-dd29-42b7-b4ac-29ef152bf6bb,unlabeled,-1,0,0.5888378,0
data\unlabelled\5ba37d73-71d7-42f0-9d4f-f5180e6aa90b.jpg,-1,unlabeled,5ba37d73-71d7-42f0-9d4f-f5180e6aa90b,unlabeled,-1,0,0.56842077,-1
data\unlabelled\5be6f4ce-f557-4f9a-a298-83ec918be7e8.jpg,-1,unlabeled,5be6f4ce-f557-4f9a-a298-83ec918be7e8,unlabeled,-1,1,0.5815731,-1
data\unlabelled\5becfe91-2b0c-4dcd-b20d-b6af822bd883.jpg,-1,unlabeled,5becfe91-2b0c-4dcd-b20d-b6af822bd883,unlabeled,-1,0,0.51820034,-1
data\unlabelled\5c13438d-0564-4421-85c6-30d58bc1610c.jpg,-1,unlabeled,5c13438d-0564-4421-85c6-30d58bc1610c,unlabeled,-1,1,0.58968824,-1
data\unlabelled\5c3fce72-b187-4488-bbe6-dfa02179e536.jpg,-1,unlabeled,5c3fce72-b187-4488-bbe6-dfa02179e536,unlabeled,-1,1,0.6043842,-1
data\unlabelled\5c4bac09-ff98-42e0-92d7-39d2795ce655.jpg,-1,unlabeled,5c4bac09-ff98-42e0-92d7-39d2795ce655,unlabeled,-1,0,0.5846405,-1
data\unlabelled\5c70c07a-e371-49c9-ae30-2946d0a0d325.jpg,-1,unlabeled,5c70c07a-e371-49c9-ae30-2946d0a0d325,unlabeled,-1,1,0.5977741,-1
data\unlabelled\5c9fe812-4d0a-4c85-b58a-e2e47b731aec.jpg,-1,unlabeled,5c9fe812-4d0a-4c85-b58a-e2e47b731aec,unlabeled,-1,0,0.57169205,-1
data\unlabelled\5cab86f2-5334-48fa-89b8-29ec76dc8e0e.jpg,-1,unlabeled,5cab86f2-5334-48fa-89b8-29ec76dc8e0e,unlabeled,-1,0,0.5631577,-1
data\unlabelled\5cd3ab20-9d14-41b8-a8f6-6a4656ff6037.jpg,-1,unlabeled,5cd3ab20-9d14-41b8-a8f6-6a4656ff6037,unlabeled,-1,0,0.5007261,-1
data\unlabelled\5cfffb87-69c7-43fe-beff-bd68faf57a4c.jpg,-1,unlabeled,5cfffb87-69c7-43fe-beff-bd68faf57a4c,unlabeled,-1,1,0.5677582,-1
data\unlabelled\5d54c255-27b9-4656-9450-b0482579555a.jpg,-1,unlabeled,5d54c255-27b9-4656-9450-b0482579555a,unlabeled,-1,0,0.6051057,0
data\unlabelled\5d675741-3b51-47be-afce-5c79ebe8b6ea.jpg,-1,unlabeled,5d675741-3b51-47be-afce-5c79ebe8b6ea,unlabeled,-1,1,0.6123068,1
data\unlabelled\5d67d159-6e50-4a5e-a3ce-aa87c190d358.jpg,-1,unlabeled,5d67d159-6e50-4a5e-a3ce-aa87c190d358,unlabeled,-1,1,0.5829336,-1
data\unlabelled\5d7dc03a-a9ef-4c24-9cb9-aee319a7ada5.jpg,-1,unlabeled,5d7dc03a-a9ef-4c24-9cb9-aee319a7ada5,unlabeled,-1,1,0.5859725,-1
data\unlabelled\5d9c556c-ccf4-4960-a0c4-3fd6a3043fac.jpg,-1,unlabeled,5d9c556c-ccf4-4960-a0c4-3fd6a3043fac,unlabeled,-1,0,0.57728124,-1
data\unlabelled\5dd5c97a-611d-4503-b61b-41e0c3392f01.jpg,-1,unlabeled,5dd5c97a-611d-4503-b61b-41e0c3392f01,unlabeled,-1,0,0.5952409,0
data\unlabelled\5ddcb581-7e49-4d44-9cb0-ff728b2a0742.jpg,-1,unlabeled,5ddcb581-7e49-4d44-9cb0-ff728b2a0742,unlabeled,-1,1,0.5559076,-1
data\unlabelled\5df0a274-ccd4-4403-ac8c-453f51ffeedc.jpg,-1,unlabeled,5df0a274-ccd4-4403-ac8c-453f51ffeedc,unlabeled,-1,0,0.5534394,-1
data\unlabelled\5e06645e-7143-415b-9489-eb075330037a.jpg,-1,unlabeled,5e06645e-7143-415b-9489-eb075330037a,unlabeled,-1,0,0.5454599,-1
data\unlabelled\5e0830ef-ca21-4640-9a17-5e696db5efa6.jpg,-1,unlabeled,5e0830ef-ca21-4640-9a17-5e696db5efa6,unlabeled,-1,0,0.5891179,0
data\unlabelled\5e507feb-4ab0-4ac8-b211-5f34dd99e490.jpg,-1,unlabeled,5e507feb-4ab0-4ac8-b211-5f34dd99e490,unlabeled,-1,1,0.56570435,-1
data\unlabelled\5ea43909-09a1-45a8-9d03-f3b9df576090.jpg,-1,unlabeled,5ea43909-09a1-45a8-9d03-f3b9df576090,unlabeled,-1,0,0.5922262,0
data\unlabelled\5ecb0070-73d9-4e69-b95b-270db8ae3c2c.jpg,-1,unlabeled,5ecb0070-73d9-4e69-b95b-270db8ae3c2c,unlabeled,-1,1,0.5763029,-1
data\unlabelled\5ed35eaf-bdfa-452f-b7b7-85217d1ca78f.jpg,-1,unlabeled,5ed35eaf-bdfa-452f-b7b7-85217d1ca78f,unlabeled,-1,1,0.60321265,-1
data\unlabelled\5ee07b35-5f1b-4871-986f-9890511a6459.jpg,-1,unlabeled,5ee07b35-5f1b-4871-986f-9890511a6459,unlabeled,-1,0,0.57003015,-1
data\unlabelled\5f37b3dc-0a43-4369-9921-95d1c9aae781.jpg,-1,unlabeled,5f37b3dc-0a43-4369-9921-95d1c9aae781,unlabeled,-1,1,0.60181034,-1
data\unlabelled\5f4659b2-668e-4f60-829f-b8157dcc15fd.jpg,-1,unlabeled,5f4659b2-668e-4f60-829f-b8157dcc15fd,unlabeled,-1,0,0.53633434,-1
data\unlabelled\5f4ed338-616e-43d7-b2a6-da67f4cdde5e.jpg,-1,unlabeled,5f4ed338-616e-43d7-b2a6-da67f4cdde5e,unlabeled,-1,1,0.5845722,-1
data\unlabelled\5f4f7c1c-0ad6-4826-9a96-0c264d5f4b07.jpg,-1,unlabeled,5f4f7c1c-0ad6-4826-9a96-0c264d5f4b07,unlabeled,-1,0,0.5911693,0
data\unlabelled\5f55e8e8-a676-42a9-bce8-4dd02234a621.jpg,-1,unlabeled,5f55e8e8-a676-42a9-bce8-4dd02234a621,unlabeled,-1,1,0.5341563,-1
data\unlabelled\5f7d15a8-3033-47f9-8afc-6e18d3652ce1.jpg,-1,unlabeled,5f7d15a8-3033-47f9-8afc-6e18d3652ce1,unlabeled,-1,1,0.5302596,-1
data\unlabelled\5f80fa29-e2a3-4897-ac4e-d3ec50b42898.jpg,-1,unlabeled,5f80fa29-e2a3-4897-ac4e-d3ec50b42898,unlabeled,-1,0,0.5947946,0
data\unlabelled\5fe1b066-348e-4ae9-b483-9fd19aeb670f.jpg,-1,unlabeled,5fe1b066-348e-4ae9-b483-9fd19aeb670f,unlabeled,-1,0,0.5314565,-1
data\unlabelled\5ffa1008-2645-4ca8-be18-8802c305e59a.jpg,-1,unlabeled,5ffa1008-2645-4ca8-be18-8802c305e59a,unlabeled,-1,1,0.58715326,-1
data\unlabelled\6048f041-cd08-4194-889a-9b5431ebbcb0.jpg,-1,unlabeled,6048f041-cd08-4194-889a-9b5431ebbcb0,unlabeled,-1,1,0.60231745,-1
data\unlabelled\6088b0d9-038a-4ad4-9f1d-24c6ecc01080.jpg,-1,unlabeled,6088b0d9-038a-4ad4-9f1d-24c6ecc01080,unlabeled,-1,0,0.5354674,-1
data\unlabelled\6096043c-3781-4184-bccd-610da2e4f959.jpg,-1,unlabeled,6096043c-3781-4184-bccd-610da2e4f959,unlabeled,-1,1,0.6029543,-1
data\unlabelled\60bee275-9a87-48eb-a18d-c2eb53ccc30f.jpg,-1,unlabeled,60bee275-9a87-48eb-a18d-c2eb53ccc30f,unlabeled,-1,0,0.56195223,-1
data\unlabelled\60fc769c-658f-448d-b704-74364e12ad05.jpg,-1,unlabeled,60fc769c-658f-448d-b704-74364e12ad05,unlabeled,-1,1,0.6076731,1
data\unlabelled\61174d39-5271-4b15-9aec-431ab38d982d.jpg,-1,unlabeled,61174d39-5271-4b15-9aec-431ab38d982d,unlabeled,-1,1,0.56498766,-1
data\unlabelled\611cdb80-2293-4ba6-8b32-7d2943a1bb17.jpg,-1,unlabeled,611cdb80-2293-4ba6-8b32-7d2943a1bb17,unlabeled,-1,0,0.55686444,-1
data\unlabelled\6127ee10-688a-4e71-9b84-e80719bf4ef8.jpg,-1,unlabeled,6127ee10-688a-4e71-9b84-e80719bf4ef8,unlabeled,-1,1,0.60663617,1
data\unlabelled\61573140-5d9f-4678-96d9-2edd5b17cfe5.jpg,-1,unlabeled,61573140-5d9f-4678-96d9-2edd5b17cfe5,unlabeled,-1,1,0.51848876,-1
data\unlabelled\615bc32b-fc75-4e88-8218-185988721a2b.jpg,-1,unlabeled,615bc32b-fc75-4e88-8218-185988721a2b,unlabeled,-1,1,0.598999,-1
data\unlabelled\61c75b00-ab30-4af7-9017-e4d2c000ec79.jpg,-1,unlabeled,61c75b00-ab30-4af7-9017-e4d2c000ec79,unlabeled,-1,0,0.57797503,-1
data\unlabelled\61d095a1-9a77-44d3-8262-f1f421a4c5ad.jpg,-1,unlabeled,61d095a1-9a77-44d3-8262-f1f421a4c5ad,unlabeled,-1,1,0.5736514,-1
data\unlabelled\61e529cd-243c-41a1-aab7-ad06eb8281bf.jpg,-1,unlabeled,61e529cd-243c-41a1-aab7-ad06eb8281bf,unlabeled,-1,0,0.49326643,-1
data\unlabelled\62125f5d-8ac3-48a7-851b-ea7dde08bc50.jpg,-1,unlabeled,62125f5d-8ac3-48a7-851b-ea7dde08bc50,unlabeled,-1,0,0.5269204,-1
data\unlabelled\622159c6-bf81-4300-82ac-ec4583143d51.jpg,-1,unlabeled,622159c6-bf81-4300-82ac-ec4583143d51,unlabeled,-1,0,0.5873601,-1
data\unlabelled\62417f42-1c08-4c56-840e-2a360d05af1c.jpg,-1,unlabeled,62417f42-1c08-4c56-840e-2a360d05af1c,unlabeled,-1,1,0.60207117,-1
data\unlabelled\628c2c9d-aed0-4bd5-a55c-755fd07afa3c.jpg,-1,unlabeled,628c2c9d-aed0-4bd5-a55c-755fd07afa3c,unlabeled,-1,0,0.5279206,-1
data\unlabelled\629ce647-ee7a-40ef-95a5-c991c5ba7665.jpg,-1,unlabeled,629ce647-ee7a-40ef-95a5-c991c5ba7665,unlabeled,-1,1,0.6243224,1
data\unlabelled\62a6cdf6-cb17-4933-854d-e44e899b6947.jpg,-1,unlabeled,62a6cdf6-cb17-4933-854d-e44e899b6947,unlabeled,-1,1,0.5544974,-1
data\unlabelled\62acd743-0555-4bb9-b26d-c4c8f09409f3.jpg,-1,unlabeled,62acd743-0555-4bb9-b26d-c4c8f09409f3,unlabeled,-1,1,0.60228825,-1
data\unlabelled\62bfdf9a-a52d-4601-bd89-5da0b9b31447.jpg,-1,unlabeled,62bfdf9a-a52d-4601-bd89-5da0b9b31447,unlabeled,-1,1,0.5685421,-1
data\unlabelled\62c94be8-7c39-492e-b536-c5251beb12f3.jpg,-1,unlabeled,62c94be8-7c39-492e-b536-c5251beb12f3,unlabeled,-1,1,0.60367256,-1
data\unlabelled\63297907-41e2-4a9f-90a2-4343f07a1580.jpg,-1,unlabeled,63297907-41e2-4a9f-90a2-4343f07a1580,unlabeled,-1,0,0.58010274,-1
data\unlabelled\63493130-2687-4ed7-90a0-c5f26adad303.jpg,-1,unlabeled,63493130-2687-4ed7-90a0-c5f26adad303,unlabeled,-1,0,0.54661995,-1
data\unlabelled\6387d2ce-33c0-48d1-90f4-720f19382f62.jpg,-1,unlabeled,6387d2ce-33c0-48d1-90f4-720f19382f62,unlabeled,-1,0,0.5587268,-1
data\unlabelled\63ca22a2-f45f-44d9-9aae-00f4d9bd795a.jpg,-1,unlabeled,63ca22a2-f45f-44d9-9aae-00f4d9bd795a,unlabeled,-1,1,0.5611996,-1
data\unlabelled\63f74ae7-15f3-40e6-90f8-850dd20dbb70.jpg,-1,unlabeled,63f74ae7-15f3-40e6-90f8-850dd20dbb70,unlabeled,-1,0,0.58633685,-1
data\unlabelled\64621ec7-b7c0-49ab-80d4-effba160d22c.jpg,-1,unlabeled,64621ec7-b7c0-49ab-80d4-effba160d22c,unlabeled,-1,0,0.5701191,-1
data\unlabelled\647895dc-e736-4a30-bc1b-71c5b3065b17.jpg,-1,unlabeled,647895dc-e736-4a30-bc1b-71c5b3065b17,unlabeled,-1,0,0.55127597,-1
data\unlabelled\64a29f50-88e4-4e19-bfcc-c838e9566c5d.jpg,-1,unlabeled,64a29f50-88e4-4e19-bfcc-c838e9566c5d,unlabeled,-1,1,0.59663075,-1
data\unlabelled\64e3c52e-6351-4501-a3bf-713cecc6b598.jpg,-1,unlabeled,64e3c52e-6351-4501-a3bf-713cecc6b598,unlabeled,-1,1,0.5564137,-1
data\unlabelled\65305eca-4322-433d-8b85-018e7f3b76c8.jpg,-1,unlabeled,65305eca-4322-433d-8b85-018e7f3b76c8,unlabeled,-1,0,0.56307137,-1
data\unlabelled\6543f400-4a2f-4365-b36f-e6fecf3799d4.jpg,-1,unlabeled,6543f400-4a2f-4365-b36f-e6fecf3799d4,unlabeled,-1,1,0.6219715,1
data\unlabelled\65444b52-e69f-4a86-9a26-68ed2bf6addf.jpg,-1,unlabeled,65444b52-e69f-4a86-9a26-68ed2bf6addf,unlabeled,-1,0,0.5873825,0
data\unlabelled\65664115-d6c0-4d61-8708-1e8e36f1c193.jpg,-1,unlabeled,65664115-d6c0-4d61-8708-1e8e36f1c193,unlabeled,-1,1,0.5745448,-1
data\unlabelled\65d5aca4-a25f-4fa8-9b48-c5c46fadbf7a.jpg,-1,unlabeled,65d5aca4-a25f-4fa8-9b48-c5c46fadbf7a,unlabeled,-1,0,0.596074,0
data\unlabelled\6617f4da-4eff-47cd-b82b-e805cf91133f.jpg,-1,unlabeled,6617f4da-4eff-47cd-b82b-e805cf91133f,unlabeled,-1,0,0.5715652,-1
data\unlabelled\66787dcb-65fc-465b-99f8-a5f3df43de8f.jpg,-1,unlabeled,66787dcb-65fc-465b-99f8-a5f3df43de8f,unlabeled,-1,1,0.61362904,1
data\unlabelled\6691bbb0-a19f-4ac0-abb6-5614543e173e.jpg,-1,unlabeled,6691bbb0-a19f-4ac0-abb6-5614543e173e,unlabeled,-1,0,0.6013115,0
data\unlabelled\66c8ed25-12ad-4966-a78e-e03e2f2d1052.jpg,-1,unlabeled,66c8ed25-12ad-4966-a78e-e03e2f2d1052,unlabeled,-1,0,0.53663844,-1
data\unlabelled\66d4bf2b-0482-4db4-885e-89572cb5fc98.jpg,-1,unlabeled,66d4bf2b-0482-4db4-885e-89572cb5fc98,unlabeled,-1,1,0.60741484,1
data\unlabelled\67236d73-599f-4892-962a-dce0a9385dfa.jpg,-1,unlabeled,67236d73-599f-4892-962a-dce0a9385dfa,unlabeled,-1,1,0.57767856,-1
data\unlabelled\6756262e-9803-41a3-97ed-89deab377693.jpg,-1,unlabeled,6756262e-9803-41a3-97ed-89deab377693,unlabeled,-1,1,0.55652046,-1
data\unlabelled\67722cde-ef60-48a0-8509-4fb75a2528b3.jpg,-1,unlabeled,67722cde-ef60-48a0-8509-4fb75a2528b3,unlabeled,-1,1,0.5866306,-1
data\unlabelled\679bb091-0f65-45dc-9947-9209c0e02c75.jpg,-1,unlabeled,679bb091-0f65-45dc-9947-9209c0e02c75,unlabeled,-1,1,0.6110166,1
data\unlabelled\67e3f880-94e9-42cc-bb99-5bba6b4bffcd.jpg,-1,unlabeled,67e3f880-94e9-42cc-bb99-5bba6b4bffcd,unlabeled,-1,1,0.61062926,1
data\unlabelled\6825eab8-f17c-4521-a5b7-818729c0c5d9.jpg,-1,unlabeled,6825eab8-f17c-4521-a5b7-818729c0c5d9,unlabeled,-1,0,0.6126637,0
data\unlabelled\6835f69b-714e-4707-843c-3b11613a41ca.jpg,-1,unlabeled,6835f69b-714e-4707-843c-3b11613a41ca,unlabeled,-1,0,0.5330255,-1
data\unlabelled\68894621-bd4e-4ea1-92e4-049a42ea00d3.jpg,-1,unlabeled,68894621-bd4e-4ea1-92e4-049a42ea00d3,unlabeled,-1,1,0.58517635,-1
data\unlabelled\68974c00-5555-4cda-907f-fa19e2ebba1d.jpg,-1,unlabeled,68974c00-5555-4cda-907f-fa19e2ebba1d,unlabeled,-1,0,0.5703222,-1
data\unlabelled\68aeff0a-1aa3-4a06-b7e3-d9cae0ea84f5.jpg,-1,unlabeled,68aeff0a-1aa3-4a06-b7e3-d9cae0ea84f5,unlabeled,-1,1,0.53415555,-1
data\unlabelled\68b3a1ed-7cc5-4267-bd56-f043506b7f77.jpg,-1,unlabeled,68b3a1ed-7cc5-4267-bd56-f043506b7f77,unlabeled,-1,1,0.6172281,1
data\unlabelled\68c5d327-c169-40d6-b3e6-f0e2f1b3d61b.jpg,-1,unlabeled,68c5d327-c169-40d6-b3e6-f0e2f1b3d61b,unlabeled,-1,0,0.5560423,-1
data\unlabelled\68dec09a-7f1c-40e7-94f6-ca2c39073794.jpg,-1,unlabeled,68dec09a-7f1c-40e7-94f6-ca2c39073794,unlabeled,-1,1,0.56360674,-1
data\unlabelled\68e62626-7a8b-4149-baba-5550379957e7.jpg,-1,unlabeled,68e62626-7a8b-4149-baba-5550379957e7,unlabeled,-1,1,0.6192668,1
data\unlabelled\691c1f9a-1fd6-4abc-bd75-db261111bd2b.jpg,-1,unlabeled,691c1f9a-1fd6-4abc-bd75-db261111bd2b,unlabeled,-1,1,0.61841863,1
data\unlabelled\692df5a7-346a-45cf-a283-07806ed8bb0b.jpg,-1,unlabeled,692df5a7-346a-45cf-a283-07806ed8bb0b,unlabeled,-1,1,0.5482042,-1
data\unlabelled\694f4feb-433e-458a-8112-64c143ad8193.jpg,-1,unlabeled,694f4feb-433e-458a-8112-64c143ad8193,unlabeled,-1,1,0.53441966,-1
data\unlabelled\696edec1-fa74-41ed-bf5d-f97cade93e84.jpg,-1,unlabeled,696edec1-fa74-41ed-bf5d-f97cade93e84,unlabeled,-1,0,0.4874001,-1
data\unlabelled\69abbee9-403a-4850-84e6-d7817ea07054.jpg,-1,unlabeled,69abbee9-403a-4850-84e6-d7817ea07054,unlabeled,-1,0,0.5158823,-1
data\unlabelled\69bbe849-f752-4ee7-890f-6bbba6638e28.jpg,-1,unlabeled,69bbe849-f752-4ee7-890f-6bbba6638e28,unlabeled,-1,0,0.59026647,0
data\unlabelled\6a3d7f99-a40c-4417-a617-4e7214bdccc0.jpg,-1,unlabeled,6a3d7f99-a40c-4417-a617-4e7214bdccc0,unlabeled,-1,1,0.60533524,1
data\unlabelled\6a7044e6-3c4d-4116-a9a3-30cba4d29631.jpg,-1,unlabeled,6a7044e6-3c4d-4116-a9a3-30cba4d29631,unlabeled,-1,0,0.5495744,-1
data\unlabelled\6aa09275-6dea-49aa-ac72-17be13b76fa5.jpg,-1,unlabeled,6aa09275-6dea-49aa-ac72-17be13b76fa5,unlabeled,-1,1,0.5810764,-1
data\unlabelled\6ac0eeae-9e1f-4553-9697-c6d1720fe07a.jpg,-1,unlabeled,6ac0eeae-9e1f-4553-9697-c6d1720fe07a,unlabeled,-1,0,0.56134903,-1
data\unlabelled\6b0fca63-8a4d-42e1-9868-88574caae98b.jpg,-1,unlabeled,6b0fca63-8a4d-42e1-9868-88574caae98b,unlabeled,-1,0,0.569982,-1
data\unlabelled\6b21bb22-dc60-4553-9d0a-887785ea9ad1.jpg,-1,unlabeled,6b21bb22-dc60-4553-9d0a-887785ea9ad1,unlabeled,-1,0,0.5831118,-1
data\unlabelled\6b28f672-9bbc-4716-98bc-ceae9b69fb7f.jpg,-1,unlabeled,6b28f672-9bbc-4716-98bc-ceae9b69fb7f,unlabeled,-1,0,0.50861007,-1
data\unlabelled\6b4861c4-0479-49a9-8022-4de4fd6ced6e.jpg,-1,unlabeled,6b4861c4-0479-49a9-8022-4de4fd6ced6e,unlabeled,-1,0,0.5361553,-1
data\unlabelled\6b833c30-ad0c-4c8d-9c9b-1561f44af830.jpg,-1,unlabeled,6b833c30-ad0c-4c8d-9c9b-1561f44af830,unlabeled,-1,0,0.49629465,-1
data\unlabelled\6bca183b-0362-40b7-9a0e-e87b8bf3f613.jpg,-1,unlabeled,6bca183b-0362-40b7-9a0e-e87b8bf3f613,unlabeled,-1,1,0.5540548,-1
data\unlabelled\6bca1868-78e1-4fdb-8529-1dc544531537.jpg,-1,unlabeled,6bca1868-78e1-4fdb-8529-1dc544531537,unlabeled,-1,1,0.6104001,1
data\unlabelled\6c2d1073-be0a-4fe8-b93f-2b6fdcbaa1ec.jpg,-1,unlabeled,6c2d1073-be0a-4fe8-b93f-2b6fdcbaa1ec,unlabeled,-1,0,0.5636558,-1
data\unlabelled\6c2fefb9-b272-4ac9-ad8a-9ff7392fff20.jpg,-1,unlabeled,6c2fefb9-b272-4ac9-ad8a-9ff7392fff20,unlabeled,-1,0,0.50177866,-1
data\unlabelled\6c3376de-dc04-4a3f-9025-91bab1caeef1.jpg,-1,unlabeled,6c3376de-dc04-4a3f-9025-91bab1caeef1,unlabeled,-1,1,0.56367254,-1
data\unlabelled\6c4e751a-c8c2-41f6-914b-81e86cf46ae1.jpg,-1,unlabeled,6c4e751a-c8c2-41f6-914b-81e86cf46ae1,unlabeled,-1,0,0.58299756,-1
data\unlabelled\6c5918ac-71ee-4296-a568-a9f82426b361.jpg,-1,unlabeled,6c5918ac-71ee-4296-a568-a9f82426b361,unlabeled,-1,1,0.54419327,-1
data\unlabelled\6c6496bf-be83-40ac-90b3-3ae38c62e8ca.jpg,-1,unlabeled,6c6496bf-be83-40ac-90b3-3ae38c62e8ca,unlabeled,-1,1,0.6088517,1
data\unlabelled\6c972558-ea9f-40d6-81a5-462f6027c0c7.jpg,-1,unlabeled,6c972558-ea9f-40d6-81a5-462f6027c0c7,unlabeled,-1,0,0.5804879,-1
data\unlabelled\6cc3a22b-54d0-4463-b7e1-fc7ea98b8deb.jpg,-1,unlabeled,6cc3a22b-54d0-4463-b7e1-fc7ea98b8deb,unlabeled,-1,1,0.57081395,-1
data\unlabelled\6ce8de0b-3ea8-4ad9-85a5-245ea0d1405c.jpg,-1,unlabeled,6ce8de0b-3ea8-4ad9-85a5-245ea0d1405c,unlabeled,-1,1,0.6213309,1
data\unlabelled\6d2bc111-d038-4d58-9fab-207791cf729b.jpg,-1,unlabeled,6d2bc111-d038-4d58-9fab-207791cf729b,unlabeled,-1,1,0.59984,-1
data\unlabelled\6d2cbcf4-0b17-4f23-9009-4d83be9a2dcd.jpg,-1,unlabeled,6d2cbcf4-0b17-4f23-9009-4d83be9a2dcd,unlabeled,-1,1,0.57234895,-1
data\unlabelled\6d2dd6dd-cb52-449f-b878-be06d24c6f45.jpg,-1,unlabeled,6d2dd6dd-cb52-449f-b878-be06d24c6f45,unlabeled,-1,0,0.5991405,0
data\unlabelled\6d54198f-6c33-4158-8c3b-41ae0528f76d.jpg,-1,unlabeled,6d54198f-6c33-4158-8c3b-41ae0528f76d,unlabeled,-1,0,0.5709888,-1
data\unlabelled\6d6fe912-d114-48cd-8287-38fe3f715317.jpg,-1,unlabeled,6d6fe912-d114-48cd-8287-38fe3f715317,unlabeled,-1,1,0.5234993,-1
data\unlabelled\6d76f746-5892-4047-baf4-f10e04f666b0.jpg,-1,unlabeled,6d76f746-5892-4047-baf4-f10e04f666b0,unlabeled,-1,1,0.57906437,-1
data\unlabelled\6d811cfe-af52-429d-a172-5dc70ed3d171.jpg,-1,unlabeled,6d811cfe-af52-429d-a172-5dc70ed3d171,unlabeled,-1,1,0.5430951,-1
data\unlabelled\6dd0426f-3cef-4af4-8327-69f724b587d8.jpg,-1,unlabeled,6dd0426f-3cef-4af4-8327-69f724b587d8,unlabeled,-1,1,0.6118098,1
data\unlabelled\6decc05c-06d4-4f89-98e7-ac6683d105ff.jpg,-1,unlabeled,6decc05c-06d4-4f89-98e7-ac6683d105ff,unlabeled,-1,0,0.569982,-1
data\unlabelled\6e0979a9-aef4-4745-bc30-8a507398da26.jpg,-1,unlabeled,6e0979a9-aef4-4745-bc30-8a507398da26,unlabeled,-1,0,0.53600246,-1
data\unlabelled\6e68cea0-c10d-4ff0-aa2a-78e336061119.jpg,-1,unlabeled,6e68cea0-c10d-4ff0-aa2a-78e336061119,unlabeled,-1,1,0.51894546,-1
data\unlabelled\6e7f4ce7-00f4-43be-8bbf-299d79968dcd.jpg,-1,unlabeled,6e7f4ce7-00f4-43be-8bbf-299d79968dcd,unlabeled,-1,1,0.598125,-1
data\unlabelled\6e97f17a-b3c2-4cd6-a67b-c6d086eb07a3.jpg,-1,unlabeled,6e97f17a-b3c2-4cd6-a67b-c6d086eb07a3,unlabeled,-1,0,0.5904076,0
data\unlabelled\6f10035d-1478-441a-8129-b0c4c119615d.jpg,-1,unlabeled,6f10035d-1478-441a-8129-b0c4c119615d,unlabeled,-1,0,0.57225674,-1
data\unlabelled\6f4274f7-e782-45e0-9536-4931935f7b49.jpg,-1,unlabeled,6f4274f7-e782-45e0-9536-4931935f7b49,unlabeled,-1,1,0.5876643,-1
data\unlabelled\6f5076f7-0726-4902-a8f9-e6ae2d73d300.jpg,-1,unlabeled,6f5076f7-0726-4902-a8f9-e6ae2d73d300,unlabeled,-1,0,0.52500033,-1
data\unlabelled\6f8b8969-a7da-4427-b0de-381f8bba0392.jpg,-1,unlabeled,6f8b8969-a7da-4427-b0de-381f8bba0392,unlabeled,-1,0,0.5680094,-1
data\unlabelled\6faf8336-a090-44fa-9199-4e861c75fd99.jpg,-1,unlabeled,6faf8336-a090-44fa-9199-4e861c75fd99,unlabeled,-1,0,0.5712142,-1
data\unlabelled\6fc428c6-f8f7-441f-ae7f-5bb9f781427c.jpg,-1,unlabeled,6fc428c6-f8f7-441f-ae7f-5bb9f781427c,unlabeled,-1,1,0.6013056,-1
data\unlabelled\6fd760c2-e08a-47de-a044-7934ef77f8f7.jpg,-1,unlabeled,6fd760c2-e08a-47de-a044-7934ef77f8f7,unlabeled,-1,0,0.5959747,0
data\unlabelled\70382eae-f4b4-4220-bc52-2efe97774b17.jpg,-1,unlabeled,70382eae-f4b4-4220-bc52-2efe97774b17,unlabeled,-1,0,0.500058,-1
data\unlabelled\70727332-b9d9-4641-9ee2-1c74a56740ad.jpg,-1,unlabeled,70727332-b9d9-4641-9ee2-1c74a56740ad,unlabeled,-1,0,0.5877868,0
data\unlabelled\708af38b-75da-45bd-ba05-0cb43554bce7.jpg,-1,unlabeled,708af38b-75da-45bd-ba05-0cb43554bce7,unlabeled,-1,1,0.6089485,1
data\unlabelled\70a8c350-f1f7-4f3c-a258-04e128d81fd5.jpg,-1,unlabeled,70a8c350-f1f7-4f3c-a258-04e128d81fd5,unlabeled,-1,1,0.51209396,-1
data\unlabelled\70ce15fd-5ae1-4380-83dc-2fdb28af7fb8.jpg,-1,unlabeled,70ce15fd-5ae1-4380-83dc-2fdb28af7fb8,unlabeled,-1,1,0.5577491,-1
data\unlabelled\711759be-1114-4151-8738-f4196ea00d40.jpg,-1,unlabeled,711759be-1114-4151-8738-f4196ea00d40,unlabeled,-1,0,0.57583654,-1
data\unlabelled\71334459-58f0-4373-8805-6100e6d9b5ed.jpg,-1,unlabeled,71334459-58f0-4373-8805-6100e6d9b5ed,unlabeled,-1,0,0.57962835,-1
data\unlabelled\719fe13a-5fe3-49ef-9eaf-b29b372314e2.jpg,-1,unlabeled,719fe13a-5fe3-49ef-9eaf-b29b372314e2,unlabeled,-1,1,0.58888197,-1
data\unlabelled\71cc7faa-cfeb-4929-83dd-873d5853f05b.jpg,-1,unlabeled,71cc7faa-cfeb-4929-83dd-873d5853f05b,unlabeled,-1,0,0.52623296,-1
data\unlabelled\7288246b-195b-43ba-856b-0828c6a4909c.jpg,-1,unlabeled,7288246b-195b-43ba-856b-0828c6a4909c,unlabeled,-1,0,0.5351995,-1
data\unlabelled\72a8bbb9-0612-4aae-8c9b-0e1d3b9a4352.jpg,-1,unlabeled,72a8bbb9-0612-4aae-8c9b-0e1d3b9a4352,unlabeled,-1,1,0.55496866,-1
data\unlabelled\72ad582f-9c85-4ec4-8d90-8d0106b0c87c.jpg,-1,unlabeled,72ad582f-9c85-4ec4-8d90-8d0106b0c87c,unlabeled,-1,0,0.5783441,-1
data\unlabelled\72d3d361-d735-460b-baa5-97c6c5a089c8.jpg,-1,unlabeled,72d3d361-d735-460b-baa5-97c6c5a089c8,unlabeled,-1,1,0.5696826,-1
data\unlabelled\72da5ddd-59cb-48b1-b6f2-28251f644d68.jpg,-1,unlabeled,72da5ddd-59cb-48b1-b6f2-28251f644d68,unlabeled,-1,0,0.55729705,-1
data\unlabelled\7304bf1c-3cb5-4743-a02b-15ae54899978.jpg,-1,unlabeled,7304bf1c-3cb5-4743-a02b-15ae54899978,unlabeled,-1,1,0.52069634,-1
data\unlabelled\7308f105-d60e-40a8-a0d2-6416566053ca.jpg,-1,unlabeled,7308f105-d60e-40a8-a0d2-6416566053ca,unlabeled,-1,0,0.5798603,-1
data\unlabelled\7342eecc-d717-4e59-92f9-b0d2df943564.jpg,-1,unlabeled,7342eecc-d717-4e59-92f9-b0d2df943564,unlabeled,-1,1,0.59602916,-1
data\unlabelled\73a64487-fd49-49da-a71d-2ebf834ddfc3.jpg,-1,unlabeled,73a64487-fd49-49da-a71d-2ebf834ddfc3,unlabeled,-1,1,0.5895721,-1
data\unlabelled\73be5c72-4e3c-45c2-9e60-b710ba23c1f8.jpg,-1,unlabeled,73be5c72-4e3c-45c2-9e60-b710ba23c1f8,unlabeled,-1,0,0.57117236,-1
data\unlabelled\73bf0a45-591a-40a5-a046-75cb928eeb71.jpg,-1,unlabeled,73bf0a45-591a-40a5-a046-75cb928eeb71,unlabeled,-1,1,0.61573714,1
data\unlabelled\73c7dece-6cf7-419d-9879-0c029dbaea7d.jpg,-1,unlabeled,73c7dece-6cf7-419d-9879-0c029dbaea7d,unlabeled,-1,1,0.51896554,-1
data\unlabelled\7438ba9a-e4a5-438a-b6e0-b60eb3b71fd0.jpg,-1,unlabeled,7438ba9a-e4a5-438a-b6e0-b60eb3b71fd0,unlabeled,-1,1,0.61281526,1
data\unlabelled\74486ecc-2beb-460d-89cb-50880e1a3daa.jpg,-1,unlabeled,74486ecc-2beb-460d-89cb-50880e1a3daa,unlabeled,-1,0,0.5336077,-1
data\unlabelled\744e73bc-29c6-4116-9236-785d2c4091b4.jpg,-1,unlabeled,744e73bc-29c6-4116-9236-785d2c4091b4,unlabeled,-1,1,0.61381775,1
data\unlabelled\74b5792b-eaec-4c55-9826-fdcd98797ba0.jpg,-1,unlabeled,74b5792b-eaec-4c55-9826-fdcd98797ba0,unlabeled,-1,0,0.5258349,-1
data\unlabelled\74bd7e63-eb92-466d-9f81-e869f135e582.jpg,-1,unlabeled,74bd7e63-eb92-466d-9f81-e869f135e582,unlabeled,-1,1,0.52361786,-1
data\unlabelled\74f8ba3b-c1f4-4d7c-9fac-70848ca6a270.jpg,-1,unlabeled,74f8ba3b-c1f4-4d7c-9fac-70848ca6a270,unlabeled,-1,0,0.56361306,-1
data\unlabelled\75023beb-d35c-4d49-a65c-db402532043d.jpg,-1,unlabeled,75023beb-d35c-4d49-a65c-db402532043d,unlabeled,-1,1,0.58714044,-1
data\unlabelled\754b5cb9-275c-43ac-943d-790d31e374c6.jpg,-1,unlabeled,754b5cb9-275c-43ac-943d-790d31e374c6,unlabeled,-1,0,0.56968564,-1
data\unlabelled\755bc290-c99a-4898-b252-23d37614ee88.jpg,-1,unlabeled,755bc290-c99a-4898-b252-23d37614ee88,unlabeled,-1,1,0.5297708,-1
data\unlabelled\75768de5-6cf1-4f8c-93e4-d245683c5e00.jpg,-1,unlabeled,75768de5-6cf1-4f8c-93e4-d245683c5e00,unlabeled,-1,1,0.55989677,-1
data\unlabelled\75cd4442-21fd-4003-8937-449b302a07d1.jpg,-1,unlabeled,75cd4442-21fd-4003-8937-449b302a07d1,unlabeled,-1,1,0.5745665,-1
data\unlabelled\75ee0f44-658d-4ae6-908f-3097b64e0cc4.jpg,-1,unlabeled,75ee0f44-658d-4ae6-908f-3097b64e0cc4,unlabeled,-1,0,0.5427759,-1
data\unlabelled\765b8c3b-d651-4758-9106-736d11ea60c0.jpg,-1,unlabeled,765b8c3b-d651-4758-9106-736d11ea60c0,unlabeled,-1,1,0.5979992,-1
data\unlabelled\7679d4da-0ea0-419b-b948-05c360d205f6.jpg,-1,unlabeled,7679d4da-0ea0-419b-b948-05c360d205f6,unlabeled,-1,1,0.54912144,-1
data\unlabelled\76942237-22f7-472b-9bb1-ce4543ac5013.jpg,-1,unlabeled,76942237-22f7-472b-9bb1-ce4543ac5013,unlabeled,-1,1,0.6120125,1
data\unlabelled\76a872d5-952d-4aac-863e-0403e82e1448.jpg,-1,unlabeled,76a872d5-952d-4aac-863e-0403e82e1448,unlabeled,-1,1,0.59447044,-1
data\unlabelled\7748b371-a3ee-4659-8979-c941e99d0094.jpg,-1,unlabeled,7748b371-a3ee-4659-8979-c941e99d0094,unlabeled,-1,1,0.57019484,-1
data\unlabelled\7754d2c8-cdb5-4d26-859c-d1e6cf3547d5.jpg,-1,unlabeled,7754d2c8-cdb5-4d26-859c-d1e6cf3547d5,unlabeled,-1,1,0.5925357,-1
data\unlabelled\775a7d3f-98ab-4b64-a6fe-84e280a3480c.jpg,-1,unlabeled,775a7d3f-98ab-4b64-a6fe-84e280a3480c,unlabeled,-1,0,0.50717044,-1
data\unlabelled\776f811e-cd6f-4960-b570-cb74cef0a20e.jpg,-1,unlabeled,776f811e-cd6f-4960-b570-cb74cef0a20e,unlabeled,-1,0,0.57112455,-1
data\unlabelled\77af0364-cf37-44d3-8db3-053c1bafe20f.jpg,-1,unlabeled,77af0364-cf37-44d3-8db3-053c1bafe20f,unlabeled,-1,1,0.5942271,-1
data\unlabelled\77fbfa99-d6d8-4730-bf39-8eee7e6f5746.jpg,-1,unlabeled,77fbfa99-d6d8-4730-bf39-8eee7e6f5746,unlabeled,-1,1,0.6018588,-1
data\unlabelled\781965e8-8a71-434a-931c-a9c2a550570c.jpg,-1,unlabeled,781965e8-8a71-434a-931c-a9c2a550570c,unlabeled,-1,0,0.5804127,-1
data\unlabelled\78567fae-a1d9-46db-a7f1-e5c919ae5baf.jpg,-1,unlabeled,78567fae-a1d9-46db-a7f1-e5c919ae5baf,unlabeled,-1,0,0.6167658,0
data\unlabelled\78ce4bc8-903c-49e5-91e2-2a7ca88bc95c.jpg,-1,unlabeled,78ce4bc8-903c-49e5-91e2-2a7ca88bc95c,unlabeled,-1,1,0.5787836,-1
data\unlabelled\78ebd406-e28f-464f-8dd2-b0bdc6906e29.jpg,-1,unlabeled,78ebd406-e28f-464f-8dd2-b0bdc6906e29,unlabeled,-1,0,0.5723641,-1
data\unlabelled\78f5a709-7933-4269-b90f-7d7a656e2521.jpg,-1,unlabeled,78f5a709-7933-4269-b90f-7d7a656e2521,unlabeled,-1,1,0.5577154,-1
data\unlabelled\796983b7-b25c-4d49-ba3a-dc77889f3d41.jpg,-1,unlabeled,796983b7-b25c-4d49-ba3a-dc77889f3d41,unlabeled,-1,1,0.5953102,-1
data\unlabelled\79719c62-efcc-4dcb-b6e3-e4112378795e.jpg,-1,unlabeled,79719c62-efcc-4dcb-b6e3-e4112378795e,unlabeled,-1,0,0.5576617,-1
data\unlabelled\798a5120-38eb-4f40-848e-cda877acaa9e.jpg,-1,unlabeled,798a5120-38eb-4f40-848e-cda877acaa9e,unlabeled,-1,1,0.5591914,-1
data\unlabelled\79b39b94-655d-44c1-869f-1dd073736ee2.jpg,-1,unlabeled,79b39b94-655d-44c1-869f-1dd073736ee2,unlabeled,-1,1,0.5786167,-1
data\unlabelled\79d14e3a-3486-4342-92a7-65d1b41cb3d6.jpg,-1,unlabeled,79d14e3a-3486-4342-92a7-65d1b41cb3d6,unlabeled,-1,1,0.5827071,-1
data\unlabelled\7a3d08fb-b6a9-4afa-816e-d8efef8ef1cb.jpg,-1,unlabeled,7a3d08fb-b6a9-4afa-816e-d8efef8ef1cb,unlabeled,-1,0,0.62409705,0
data\unlabelled\7abc9f6b-ba4f-45cb-8c25-0cb1bd583e6b.jpg,-1,unlabeled,7abc9f6b-ba4f-45cb-8c25-0cb1bd583e6b,unlabeled,-1,1,0.5961395,-1
data\unlabelled\7afb826f-4af1-4221-88ab-35830086a5df.jpg,-1,unlabeled,7afb826f-4af1-4221-88ab-35830086a5df,unlabeled,-1,0,0.5274183,-1
data\unlabelled\7b4c0b8b-e0b3-4b4b-b2fd-404824b3945c.jpg,-1,unlabeled,7b4c0b8b-e0b3-4b4b-b2fd-404824b3945c,unlabeled,-1,1,0.58119,-1
data\unlabelled\7b9cfe10-9b62-43d7-8975-6e0aed816a9b.jpg,-1,unlabeled,7b9cfe10-9b62-43d7-8975-6e0aed816a9b,unlabeled,-1,1,0.58975154,-1
data\unlabelled\7bb7f2f3-589f-4847-9fab-2a57313fde1b.jpg,-1,unlabeled,7bb7f2f3-589f-4847-9fab-2a57313fde1b,unlabeled,-1,1,0.52361786,-1
data\unlabelled\7bbf0740-36f6-465d-bb85-15a87c6e29a9.jpg,-1,unlabeled,7bbf0740-36f6-465d-bb85-15a87c6e29a9,unlabeled,-1,1,0.55894953,-1
data\unlabelled\7c00276a-0708-4b7b-9035-43d973c8d174.jpg,-1,unlabeled,7c00276a-0708-4b7b-9035-43d973c8d174,unlabeled,-1,0,0.5825013,-1
data\unlabelled\7c232161-5e0e-4e33-8097-f55161592c2f.jpg,-1,unlabeled,7c232161-5e0e-4e33-8097-f55161592c2f,unlabeled,-1,1,0.5887161,-1
data\unlabelled\7c25b873-3b45-4507-8975-3358d52e8acc.jpg,-1,unlabeled,7c25b873-3b45-4507-8975-3358d52e8acc,unlabeled,-1,1,0.594815,-1
data\unlabelled\7c41e40d-4e72-472c-8da0-b2ce9d642203.jpg,-1,unlabeled,7c41e40d-4e72-472c-8da0-b2ce9d642203,unlabeled,-1,1,0.5937391,-1
data\unlabelled\7c7b10b9-fede-44f1-808d-691e4abf9501.jpg,-1,unlabeled,7c7b10b9-fede-44f1-808d-691e4abf9501,unlabeled,-1,0,0.5547275,-1
data\unlabelled\7cd96999-a74d-413f-bcf1-8beec7b1e28d.jpg,-1,unlabeled,7cd96999-a74d-413f-bcf1-8beec7b1e28d,unlabeled,-1,1,0.5836215,-1
data\unlabelled\7d258fda-1121-4de6-8463-9ea87d01c71b.jpg,-1,unlabeled,7d258fda-1121-4de6-8463-9ea87d01c71b,unlabeled,-1,0,0.59404624,0
data\unlabelled\7d5333ae-3fe6-414f-b14f-0a1185927b13.jpg,-1,unlabeled,7d5333ae-3fe6-414f-b14f-0a1185927b13,unlabeled,-1,0,0.60274684,0
data\unlabelled\7d566399-8a85-4fec-bb32-00e5bb3101ac.jpg,-1,unlabeled,7d566399-8a85-4fec-bb32-00e5bb3101ac,unlabeled,-1,0,0.5591257,-1
data\unlabelled\7dfe0c2b-6c33-43a1-b453-8d152813d83f.jpg,-1,unlabeled,7dfe0c2b-6c33-43a1-b453-8d152813d83f,unlabeled,-1,1,0.56679577,-1
data\unlabelled\7e79b591-17a1-4687-aeff-f11849221fab.jpg,-1,unlabeled,7e79b591-17a1-4687-aeff-f11849221fab,unlabeled,-1,0,0.583341,-1
data\unlabelled\7eefa981-4ca0-4fb1-b10c-ebb49db25b09.jpg,-1,unlabeled,7eefa981-4ca0-4fb1-b10c-ebb49db25b09,unlabeled,-1,0,0.5237372,-1
data\unlabelled\7f18161a-611c-4e57-a0d2-9189582498df.jpg,-1,unlabeled,7f18161a-611c-4e57-a0d2-9189582498df,unlabeled,-1,1,0.59964776,-1
data\unlabelled\7f618cc9-ef72-4caa-b1a1-f363adda2f4c.jpg,-1,unlabeled,7f618cc9-ef72-4caa-b1a1-f363adda2f4c,unlabeled,-1,1,0.55478954,-1
data\unlabelled\7ff11209-fd8e-412f-935e-aaf635a25afa.jpg,-1,unlabeled,7ff11209-fd8e-412f-935e-aaf635a25afa,unlabeled,-1,0,0.5560996,-1
data\unlabelled\7ff5b20e-903d-4579-a36f-237da34815a6.jpg,-1,unlabeled,7ff5b20e-903d-4579-a36f-237da34815a6,unlabeled,-1,1,0.5925736,-1
data\unlabelled\7ff9db72-554c-4cd2-8951-4753599ae67c.jpg,-1,unlabeled,7ff9db72-554c-4cd2-8951-4753599ae67c,unlabeled,-1,1,0.5226484,-1
data\unlabelled\8003f8a0-800d-41e3-98b6-4e69681b9a53.jpg,-1,unlabeled,8003f8a0-800d-41e3-98b6-4e69681b9a53,unlabeled,-1,0,0.58401364,-1
data\unlabelled\8131dd8a-544c-47cb-b780-a970a3c6de3d.jpg,-1,unlabeled,8131dd8a-544c-47cb-b780-a970a3c6de3d,unlabeled,-1,1,0.5761717,-1
data\unlabelled\81340784-52dc-4672-80aa-d3a2e01d1023.jpg,-1,unlabeled,81340784-52dc-4672-80aa-d3a2e01d1023,unlabeled,-1,0,0.57043177,-1
data\unlabelled\814776f9-97b6-4fd4-811e-d3bc41916bc0.jpg,-1,unlabeled,814776f9-97b6-4fd4-811e-d3bc41916bc0,unlabeled,-1,1,0.5643812,-1
data\unlabelled\8162c9e5-bae6-4c9c-8091-2e78b1d15cbf.jpg,-1,unlabeled,8162c9e5-bae6-4c9c-8091-2e78b1d15cbf,unlabeled,-1,0,0.56062824,-1
data\unlabelled\8171df9c-3845-4112-892f-c6fb1961dd00.jpg,-1,unlabeled,8171df9c-3845-4112-892f-c6fb1961dd00,unlabeled,-1,1,0.5820561,-1
data\unlabelled\817e929b-25d8-43d4-9cf0-67cea0353238.jpg,-1,unlabeled,817e929b-25d8-43d4-9cf0-67cea0353238,unlabeled,-1,1,0.62149954,1
data\unlabelled\824b1cb2-f810-4bf3-97cc-6a6da787a38d.jpg,-1,unlabeled,824b1cb2-f810-4bf3-97cc-6a6da787a38d,unlabeled,-1,1,0.5940124,-1
data\unlabelled\827650e1-dd86-4dc9-a3e0-1483686c5c4d.jpg,-1,unlabeled,827650e1-dd86-4dc9-a3e0-1483686c5c4d,unlabeled,-1,1,0.5754749,-1
data\unlabelled\82903e03-950e-4a82-acde-768e5604b1d2.jpg,-1,unlabeled,82903e03-950e-4a82-acde-768e5604b1d2,unlabeled,-1,0,0.56888306,-1
data\unlabelled\82cac4d5-364b-45a3-b718-b605fe25a9a9.jpg,-1,unlabeled,82cac4d5-364b-45a3-b718-b605fe25a9a9,unlabeled,-1,0,0.57924134,-1
data\unlabelled\8402b146-e427-4bba-9459-30d128dafd92.jpg,-1,unlabeled,8402b146-e427-4bba-9459-30d128dafd92,unlabeled,-1,1,0.57235855,-1
data\unlabelled\8411d424-f38c-497c-aeab-30213125a487.jpg,-1,unlabeled,8411d424-f38c-497c-aeab-30213125a487,unlabeled,-1,0,0.53669614,-1
data\unlabelled\8411efde-077b-4888-9017-55a3c1848399.jpg,-1,unlabeled,8411efde-077b-4888-9017-55a3c1848399,unlabeled,-1,1,0.60862166,1
data\unlabelled\844735a2-b873-4bc8-b0c6-2022dd4517b5.jpg,-1,unlabeled,844735a2-b873-4bc8-b0c6-2022dd4517b5,unlabeled,-1,0,0.5840933,-1
data\unlabelled\8495307e-e6a0-491e-a810-cca61958f4b2.jpg,-1,unlabeled,8495307e-e6a0-491e-a810-cca61958f4b2,unlabeled,-1,0,0.59242225,0
data\unlabelled\84e695d7-b3b6-4478-950b-8adb3128b4fb.jpg,-1,unlabeled,84e695d7-b3b6-4478-950b-8adb3128b4fb,unlabeled,-1,0,0.61208487,0
data\unlabelled\84edcdd6-224b-409c-a4f2-57754d14c097.jpg,-1,unlabeled,84edcdd6-224b-409c-a4f2-57754d14c097,unlabeled,-1,0,0.5673161,-1
data\unlabelled\84f0c6e3-ecc5-455b-843c-00145df2fe4d.jpg,-1,unlabeled,84f0c6e3-ecc5-455b-843c-00145df2fe4d,unlabeled,-1,1,0.5909201,-1
data\unlabelled\851ba783-ca6e-434f-a0d7-6bf1511f4658.jpg,-1,unlabeled,851ba783-ca6e-434f-a0d7-6bf1511f4658,unlabeled,-1,1,0.5870954,-1
data\unlabelled\85d9cafc-64f4-4588-8300-7ddfc00e90fd.jpg,-1,unlabeled,85d9cafc-64f4-4588-8300-7ddfc00e90fd,unlabeled,-1,0,0.5970079,0
data\unlabelled\85dda3ec-bac0-4bb0-bdb6-2fb214fc8f2e.jpg,-1,unlabeled,85dda3ec-bac0-4bb0-bdb6-2fb214fc8f2e,unlabeled,-1,1,0.56481117,-1
data\unlabelled\85dfd9a7-ddb3-49a2-8090-954da201df89.jpg,-1,unlabeled,85dfd9a7-ddb3-49a2-8090-954da201df89,unlabeled,-1,1,0.5943569,-1
data\unlabelled\85fc3030-a496-4b23-883c-421778bb8905.jpg,-1,unlabeled,85fc3030-a496-4b23-883c-421778bb8905,unlabeled,-1,1,0.61595094,1
data\unlabelled\8611541f-1c31-4d41-94b6-ad0d209ff402.jpg,-1,unlabeled,8611541f-1c31-4d41-94b6-ad0d209ff402,unlabeled,-1,1,0.58110154,-1
data\unlabelled\8622e150-72a8-4cf9-873c-290335a248af.jpg,-1,unlabeled,8622e150-72a8-4cf9-873c-290335a248af,unlabeled,-1,0,0.5849475,-1
data\unlabelled\8632a815-073d-4a94-a604-db098ad44b37.jpg,-1,unlabeled,8632a815-073d-4a94-a604-db098ad44b37,unlabeled,-1,1,0.59119403,-1
data\unlabelled\864095dd-21ec-49e6-8d1b-63a01e980a4e.jpg,-1,unlabeled,864095dd-21ec-49e6-8d1b-63a01e980a4e,unlabeled,-1,1,0.5919062,-1
data\unlabelled\8694ce78-284d-4e82-8c9e-9f90d1efd760.jpg,-1,unlabeled,8694ce78-284d-4e82-8c9e-9f90d1efd760,unlabeled,-1,0,0.5766017,-1
data\unlabelled\871454cc-5072-4369-919c-76ccebbe196b.jpg,-1,unlabeled,871454cc-5072-4369-919c-76ccebbe196b,unlabeled,-1,1,0.5741587,-1
data\unlabelled\8757de5e-a7df-4668-bf5a-547e22d4533a.jpg,-1,unlabeled,8757de5e-a7df-4668-bf5a-547e22d4533a,unlabeled,-1,0,0.58901954,0
data\unlabelled\87c90874-56bc-4562-8db9-19ee7d354fe3.jpg,-1,unlabeled,87c90874-56bc-4562-8db9-19ee7d354fe3,unlabeled,-1,1,0.59836364,-1
data\unlabelled\87caab74-b3e2-422b-af3a-0b253c9966c2.jpg,-1,unlabeled,87caab74-b3e2-422b-af3a-0b253c9966c2,unlabeled,-1,0,0.5715355,-1
data\unlabelled\87f7365b-7192-4eac-bd2e-37068ee8cdb7.jpg,-1,unlabeled,87f7365b-7192-4eac-bd2e-37068ee8cdb7,unlabeled,-1,1,0.6233678,1
data\unlabelled\885b0c52-8257-4511-bb61-5b773eec462e.jpg,-1,unlabeled,885b0c52-8257-4511-bb61-5b773eec462e,unlabeled,-1,0,0.61299396,0
data\unlabelled\8885fcc6-68de-4743-985c-8cc88d02a579.jpg,-1,unlabeled,8885fcc6-68de-4743-985c-8cc88d02a579,unlabeled,-1,0,0.5904,0
data\unlabelled\889363d2-fac2-4e56-b66f-effdfa47ed0c.jpg,-1,unlabeled,889363d2-fac2-4e56-b66f-effdfa47ed0c,unlabeled,-1,1,0.58114386,-1
data\unlabelled\88d5e066-3735-4d6d-b729-de99cd014914.jpg,-1,unlabeled,88d5e066-3735-4d6d-b729-de99cd014914,unlabeled,-1,1,0.6052649,1
data\unlabelled\88f457e4-1b74-4ad3-a1df-6aeb558849f0.jpg,-1,unlabeled,88f457e4-1b74-4ad3-a1df-6aeb558849f0,unlabeled,-1,1,0.59422714,-1
data\unlabelled\88fe5aaa-5b35-47e3-a28a-0b57fc9acabc.jpg,-1,unlabeled,88fe5aaa-5b35-47e3-a28a-0b57fc9acabc,unlabeled,-1,0,0.5869322,-1
data\unlabelled\89503f10-1f72-4fec-8769-2347375e9b36.jpg,-1,unlabeled,89503f10-1f72-4fec-8769-2347375e9b36,unlabeled,-1,1,0.61048895,1
data\unlabelled\895361c0-ffa8-4152-b0d0-53935ac35a88.jpg,-1,unlabeled,895361c0-ffa8-4152-b0d0-53935ac35a88,unlabeled,-1,0,0.50118154,-1
data\unlabelled\898c7fe5-19a1-4f37-9f4c-d5dd3edd1c84.jpg,-1,unlabeled,898c7fe5-19a1-4f37-9f4c-d5dd3edd1c84,unlabeled,-1,0,0.527305,-1
data\unlabelled\8995da3a-8071-4b32-afa8-d71de7ff697e.jpg,-1,unlabeled,8995da3a-8071-4b32-afa8-d71de7ff697e,unlabeled,-1,1,0.5709655,-1
data\unlabelled\8a3db00b-8e54-41d5-8e58-d4c709f586bf.jpg,-1,unlabeled,8a3db00b-8e54-41d5-8e58-d4c709f586bf,unlabeled,-1,0,0.4927132,-1
data\unlabelled\8a856625-e977-47a7-bcb8-c6a5cf409c26.jpg,-1,unlabeled,8a856625-e977-47a7-bcb8-c6a5cf409c26,unlabeled,-1,1,0.56837857,-1
data\unlabelled\8ad33b63-716b-44fd-b0d4-6024718a408f.jpg,-1,unlabeled,8ad33b63-716b-44fd-b0d4-6024718a408f,unlabeled,-1,0,0.55548406,-1
data\unlabelled\8adca915-7158-4d8e-8263-8d9cda2a5668.jpg,-1,unlabeled,8adca915-7158-4d8e-8263-8d9cda2a5668,unlabeled,-1,0,0.5194739,-1
data\unlabelled\8aff78cb-bf70-4b9a-85cd-4b1036ba22cc.jpg,-1,unlabeled,8aff78cb-bf70-4b9a-85cd-4b1036ba22cc,unlabeled,-1,1,0.59650326,-1
data\unlabelled\8b1acb43-eab8-4657-966c-d34aeecae4af.jpg,-1,unlabeled,8b1acb43-eab8-4657-966c-d34aeecae4af,unlabeled,-1,1,0.57959604,-1
data\unlabelled\8b22e623-fe9a-48de-a8a9-326baf91af63.jpg,-1,unlabeled,8b22e623-fe9a-48de-a8a9-326baf91af63,unlabeled,-1,0,0.5597033,-1
data\unlabelled\8b3d8a6a-0421-4824-ae1e-1f1d407fa5bc.jpg,-1,unlabeled,8b3d8a6a-0421-4824-ae1e-1f1d407fa5bc,unlabeled,-1,0,0.55689716,-1
data\unlabelled\8b41163a-f3c8-41da-a113-bdef549a0ce0.jpg,-1,unlabeled,8b41163a-f3c8-41da-a113-bdef549a0ce0,unlabeled,-1,1,0.62691706,1
data\unlabelled\8b4824e5-7560-4c8d-80d0-75c393002311.jpg,-1,unlabeled,8b4824e5-7560-4c8d-80d0-75c393002311,unlabeled,-1,1,0.52166504,-1
data\unlabelled\8b53b691-5bff-4dc5-8257-1116fac1509a.jpg,-1,unlabeled,8b53b691-5bff-4dc5-8257-1116fac1509a,unlabeled,-1,0,0.5720864,-1
data\unlabelled\8b9372c0-1cc2-4d55-b4cd-53cc82184050.jpg,-1,unlabeled,8b9372c0-1cc2-4d55-b4cd-53cc82184050,unlabeled,-1,0,0.49076787,-1
data\unlabelled\8bcb5cdf-2ef4-4b5a-8db2-4c9d3f851d41.jpg,-1,unlabeled,8bcb5cdf-2ef4-4b5a-8db2-4c9d3f851d41,unlabeled,-1,1,0.5159224,-1
data\unlabelled\8bfd3282-7260-46c9-8e01-864fa9cde88f.jpg,-1,unlabeled,8bfd3282-7260-46c9-8e01-864fa9cde88f,unlabeled,-1,1,0.54960203,-1
data\unlabelled\8c26875f-0282-44f9-9cc0-b8a7a9679098.jpg,-1,unlabeled,8c26875f-0282-44f9-9cc0-b8a7a9679098,unlabeled,-1,0,0.5388259,-1
data\unlabelled\8c3b108d-9340-4274-b434-9c5346580098.jpg,-1,unlabeled,8c3b108d-9340-4274-b434-9c5346580098,unlabeled,-1,0,0.5692147,-1
data\unlabelled\8c4761d3-28d0-483c-8d75-7e4facf21fbb.jpg,-1,unlabeled,8c4761d3-28d0-483c-8d75-7e4facf21fbb,unlabeled,-1,0,0.5926818,0
data\unlabelled\8c98d557-62be-463f-87c0-d8b87802cd01.jpg,-1,unlabeled,8c98d557-62be-463f-87c0-d8b87802cd01,unlabeled,-1,1,0.59936607,-1
data\unlabelled\8cd4ed59-139f-4290-8455-05132107b115.jpg,-1,unlabeled,8cd4ed59-139f-4290-8455-05132107b115,unlabeled,-1,0,0.58601135,-1
data\unlabelled\8ceee2ff-68af-493a-b3cc-d92c0f718a93.jpg,-1,unlabeled,8ceee2ff-68af-493a-b3cc-d92c0f718a93,unlabeled,-1,0,0.51682246,-1
data\unlabelled\8d10d414-a4aa-49df-ba2a-8f29cad2c785.jpg,-1,unlabeled,8d10d414-a4aa-49df-ba2a-8f29cad2c785,unlabeled,-1,1,0.57362765,-1
data\unlabelled\8d29f6c5-5f88-441c-b998-f844a8dc040d.jpg,-1,unlabeled,8d29f6c5-5f88-441c-b998-f844a8dc040d,unlabeled,-1,1,0.5810508,-1
data\unlabelled\8d4ed6ef-64c7-40df-b895-4186381f4c2b.jpg,-1,unlabeled,8d4ed6ef-64c7-40df-b895-4186381f4c2b,unlabeled,-1,1,0.58731115,-1
data\unlabelled\8d64b9fd-9f65-4814-aa6e-e94a7c47550b.jpg,-1,unlabeled,8d64b9fd-9f65-4814-aa6e-e94a7c47550b,unlabeled,-1,0,0.5869322,-1
data\unlabelled\8d700c36-24aa-4b10-9f65-c988ad4cb3ab.jpg,-1,unlabeled,8d700c36-24aa-4b10-9f65-c988ad4cb3ab,unlabeled,-1,0,0.6029786,0
data\unlabelled\8d7764f5-9631-4678-a5fb-88281fe1aa45.jpg,-1,unlabeled,8d7764f5-9631-4678-a5fb-88281fe1aa45,unlabeled,-1,1,0.60471624,-1
data\unlabelled\8d77b9ed-0a15-4521-84a1-088073e8ac47.jpg,-1,unlabeled,8d77b9ed-0a15-4521-84a1-088073e8ac47,unlabeled,-1,0,0.5573556,-1
data\unlabelled\8d91658e-94c3-441d-a344-4b8be9885e74.jpg,-1,unlabeled,8d91658e-94c3-441d-a344-4b8be9885e74,unlabeled,-1,1,0.55043405,-1
data\unlabelled\8e081513-46fe-441d-b4a0-54d770656a08.jpg,-1,unlabeled,8e081513-46fe-441d-b4a0-54d770656a08,unlabeled,-1,1,0.57940686,-1
data\unlabelled\8e403e4c-9a8d-4dc8-8892-f692aec2e765.jpg,-1,unlabeled,8e403e4c-9a8d-4dc8-8892-f692aec2e765,unlabeled,-1,1,0.6214218,1
data\unlabelled\8e4d9f11-5d50-4942-98f8-50458fd0974c.jpg,-1,unlabeled,8e4d9f11-5d50-4942-98f8-50458fd0974c,unlabeled,-1,0,0.60307133,0
data\unlabelled\8e7656e8-ba42-47b2-84b7-99f4cd7c25a6.jpg,-1,unlabeled,8e7656e8-ba42-47b2-84b7-99f4cd7c25a6,unlabeled,-1,1,0.57503194,-1
data\unlabelled\8e80545b-1752-43fd-83dc-e5896bbc5879.jpg,-1,unlabeled,8e80545b-1752-43fd-83dc-e5896bbc5879,unlabeled,-1,1,0.58052546,-1
data\unlabelled\8f20b4bd-abce-44a7-914e-d0c4e22a09d9.jpg,-1,unlabeled,8f20b4bd-abce-44a7-914e-d0c4e22a09d9,unlabeled,-1,1,0.6043421,-1
data\unlabelled\8f3552d6-9507-4303-aaf2-9e296c0232b1.jpg,-1,unlabeled,8f3552d6-9507-4303-aaf2-9e296c0232b1,unlabeled,-1,1,0.5941615,-1
data\unlabelled\8f8c56f6-cedd-4112-b2bc-d9e1709500f9.jpg,-1,unlabeled,8f8c56f6-cedd-4112-b2bc-d9e1709500f9,unlabeled,-1,1,0.5973627,-1
data\unlabelled\9122ff1e-376e-4ea1-a334-7874c4697b8e.jpg,-1,unlabeled,9122ff1e-376e-4ea1-a334-7874c4697b8e,unlabeled,-1,1,0.6005955,-1
data\unlabelled\914a70d9-40db-41d8-ab37-0532ceeee264.jpg,-1,unlabeled,914a70d9-40db-41d8-ab37-0532ceeee264,unlabeled,-1,1,0.5932285,-1
data\unlabelled\917a401f-4cd8-4214-9bc2-f9be773eb91e.jpg,-1,unlabeled,917a401f-4cd8-4214-9bc2-f9be773eb91e,unlabeled,-1,1,0.6035948,-1
data\unlabelled\91babbed-4478-424b-b2fa-65e9aeb3c48a.jpg,-1,unlabeled,91babbed-4478-424b-b2fa-65e9aeb3c48a,unlabeled,-1,1,0.5774812,-1
data\unlabelled\920dfb02-bc48-41fd-8b13-cca63c4f7f89.jpg,-1,unlabeled,920dfb02-bc48-41fd-8b13-cca63c4f7f89,unlabeled,-1,1,0.5771753,-1
data\unlabelled\92100fd8-bdbd-49a3-bf65-3f66201a4f35.jpg,-1,unlabeled,92100fd8-bdbd-49a3-bf65-3f66201a4f35,unlabeled,-1,0,0.57488143,-1
data\unlabelled\9213e2ef-453f-48ae-a303-758617e5d021.jpg,-1,unlabeled,9213e2ef-453f-48ae-a303-758617e5d021,unlabeled,-1,1,0.5827182,-1
data\unlabelled\921c9dea-28b4-48b6-bc28-111bc8d97291.jpg,-1,unlabeled,921c9dea-28b4-48b6-bc28-111bc8d97291,unlabeled,-1,1,0.5828088,-1
data\unlabelled\9238593a-ba0b-440f-b966-682605fe76ac.jpg,-1,unlabeled,9238593a-ba0b-440f-b966-682605fe76ac,unlabeled,-1,1,0.60483086,-1
data\unlabelled\927db685-b584-4440-b776-5be4edc3ce47.jpg,-1,unlabeled,927db685-b584-4440-b776-5be4edc3ce47,unlabeled,-1,0,0.57777864,-1
data\unlabelled\92866c8b-e1fa-4194-b7a7-b8f413812dfd.jpg,-1,unlabeled,92866c8b-e1fa-4194-b7a7-b8f413812dfd,unlabeled,-1,1,0.59503406,-1
data\unlabelled\92f7087b-c5ca-46f8-9f12-72ae7b6a438c.jpg,-1,unlabeled,92f7087b-c5ca-46f8-9f12-72ae7b6a438c,unlabeled,-1,0,0.49487513,-1
data\unlabelled\92fd91db-086c-4edd-b347-7e7f2a0b9504.jpg,-1,unlabeled,92fd91db-086c-4edd-b347-7e7f2a0b9504,unlabeled,-1,1,0.5836215,-1
data\unlabelled\931694a6-44e0-4a93-97c1-7f3d00e7e3c9.jpg,-1,unlabeled,931694a6-44e0-4a93-97c1-7f3d00e7e3c9,unlabeled,-1,0,0.602172,0
data\unlabelled\93690fc9-48b6-41c3-a2bd-949b50649ec2.jpg,-1,unlabeled,93690fc9-48b6-41c3-a2bd-949b50649ec2,unlabeled,-1,1,0.5883133,-1
data\unlabelled\9382e987-3df2-465a-8486-e696e4eeabfe.jpg,-1,unlabeled,9382e987-3df2-465a-8486-e696e4eeabfe,unlabeled,-1,0,0.5795353,-1
data\unlabelled\9409c6ad-3afd-430d-94f3-0e7573485291.jpg,-1,unlabeled,9409c6ad-3afd-430d-94f3-0e7573485291,unlabeled,-1,1,0.568454,-1
data\unlabelled\94585a90-5f11-47ea-9561-450208426722.jpg,-1,unlabeled,94585a90-5f11-47ea-9561-450208426722,unlabeled,-1,0,0.57525784,-1
data\unlabelled\94c7620a-ada0-41b6-b66f-756974523bb8.jpg,-1,unlabeled,94c7620a-ada0-41b6-b66f-756974523bb8,unlabeled,-1,1,0.5966797,-1
data\unlabelled\94cbb531-4b6f-4cda-bb7b-a17158079092.jpg,-1,unlabeled,94cbb531-4b6f-4cda-bb7b-a17158079092,unlabeled,-1,1,0.5702993,-1
data\unlabelled\94eb9a94-40b4-45e8-9c4b-068cd7e2f439.jpg,-1,unlabeled,94eb9a94-40b4-45e8-9c4b-068cd7e2f439,unlabeled,-1,1,0.55783516,-1
data\unlabelled\95055fe4-5c47-4591-85ff-422cdbd3ff0c.jpg,-1,unlabeled,95055fe4-5c47-4591-85ff-422cdbd3ff0c,unlabeled,-1,1,0.5867865,-1
data\unlabelled\9529bbba-150f-43eb-b28a-e80894439090.jpg,-1,unlabeled,9529bbba-150f-43eb-b28a-e80894439090,unlabeled,-1,0,0.5890614,0
data\unlabelled\95336f5d-d39b-46cd-8b16-b58b43518c1c.jpg,-1,unlabeled,95336f5d-d39b-46cd-8b16-b58b43518c1c,unlabeled,-1,1,0.6045662,-1
data\unlabelled\95ac01c6-796a-4d8b-aef7-ffd7183d08da.jpg,-1,unlabeled,95ac01c6-796a-4d8b-aef7-ffd7183d08da,unlabeled,-1,1,0.5575635,-1
data\unlabelled\95be2f40-afeb-4e3a-96e0-81951a7f3a14.jpg,-1,unlabeled,95be2f40-afeb-4e3a-96e0-81951a7f3a14,unlabeled,-1,1,0.59694827,-1
data\unlabelled\95f9cab6-25fa-4b75-a824-d41b9e13bd61.jpg,-1,unlabeled,95f9cab6-25fa-4b75-a824-d41b9e13bd61,unlabeled,-1,1,0.5559541,-1
data\unlabelled\9606cc4f-607d-439a-a18b-54dce8763b99.jpg,-1,unlabeled,9606cc4f-607d-439a-a18b-54dce8763b99,unlabeled,-1,1,0.58805907,-1
data\unlabelled\961b009d-5d96-4e49-8e0a-f31014c0aedb.jpg,-1,unlabeled,961b009d-5d96-4e49-8e0a-f31014c0aedb,unlabeled,-1,1,0.61562014,1
data\unlabelled\9697898c-3c42-4dab-8916-faff2037a2dc.jpg,-1,unlabeled,9697898c-3c42-4dab-8916-faff2037a2dc,unlabeled,-1,1,0.565763,-1
data\unlabelled\96cbfc60-f9bc-46ca-846d-520ff6478db4.jpg,-1,unlabeled,96cbfc60-f9bc-46ca-846d-520ff6478db4,unlabeled,-1,1,0.52069634,-1
data\unlabelled\96dbf0e7-2219-4a39-b4f0-c6b8eab1f833.jpg,-1,unlabeled,96dbf0e7-2219-4a39-b4f0-c6b8eab1f833,unlabeled,-1,0,0.53858846,-1
data\unlabelled\974065d8-2b2e-40f2-ad74-be186b798088.jpg,-1,unlabeled,974065d8-2b2e-40f2-ad74-be186b798088,unlabeled,-1,0,0.5620227,-1
data\unlabelled\977aebd7-dd30-49b0-9a22-51a3dcaf0cb1.jpg,-1,unlabeled,977aebd7-dd30-49b0-9a22-51a3dcaf0cb1,unlabeled,-1,1,0.59625083,-1
data\unlabelled\978715e7-db82-4910-a952-40498744ae1e.jpg,-1,unlabeled,978715e7-db82-4910-a952-40498744ae1e,unlabeled,-1,0,0.5965141,0
data\unlabelled\98928722-3d12-4a82-a5d9-16c6b6b65eb3.jpg,-1,unlabeled,98928722-3d12-4a82-a5d9-16c6b6b65eb3,unlabeled,-1,1,0.6124889,1
data\unlabelled\98a27014-e5ce-4fee-a65f-1b24a24a803e.jpg,-1,unlabeled,98a27014-e5ce-4fee-a65f-1b24a24a803e,unlabeled,-1,1,0.5713405,-1
data\unlabelled\98d7592f-4da2-4888-97a9-34e488a387af.jpg,-1,unlabeled,98d7592f-4da2-4888-97a9-34e488a387af,unlabeled,-1,1,0.6040155,-1
data\unlabelled\9910a342-b82a-40e3-af17-13e22971b18f.jpg,-1,unlabeled,9910a342-b82a-40e3-af17-13e22971b18f,unlabeled,-1,0,0.55454636,-1
data\unlabelled\992ac932-5fd5-46bd-8587-9f8ce8004765.jpg,-1,unlabeled,992ac932-5fd5-46bd-8587-9f8ce8004765,unlabeled,-1,1,0.6255893,1
data\unlabelled\995b70f4-c2b6-4aad-a523-e45d83636997.jpg,-1,unlabeled,995b70f4-c2b6-4aad-a523-e45d83636997,unlabeled,-1,1,0.588729,-1
data\unlabelled\995e501d-00d3-4117-878f-457172204953.jpg,-1,unlabeled,995e501d-00d3-4117-878f-457172204953,unlabeled,-1,1,0.5489318,-1
data\unlabelled\9972400e-6729-4cd8-8974-f2b95d78ba9f.jpg,-1,unlabeled,9972400e-6729-4cd8-8974-f2b95d78ba9f,unlabeled,-1,1,0.6029543,-1
data\unlabelled\99a4b384-9f8f-4123-8d6d-714264efe63c.jpg,-1,unlabeled,99a4b384-9f8f-4123-8d6d-714264efe63c,unlabeled,-1,1,0.5867045,-1
data\unlabelled\99d4192d-8f01-4d1c-8447-1e848d1322c0.jpg,-1,unlabeled,99d4192d-8f01-4d1c-8447-1e848d1322c0,unlabeled,-1,1,0.6004315,-1
data\unlabelled\99e3bd44-d147-4043-9e32-8f11baac22d2.jpg,-1,unlabeled,99e3bd44-d147-4043-9e32-8f11baac22d2,unlabeled,-1,1,0.5695691,-1
data\unlabelled\9a09fff4-8e8d-46b2-b16c-2911e8677701.jpg,-1,unlabeled,9a09fff4-8e8d-46b2-b16c-2911e8677701,unlabeled,-1,1,0.58246326,-1
data\unlabelled\9a5228be-dc9f-4d66-94df-38681337375a.jpg,-1,unlabeled,9a5228be-dc9f-4d66-94df-38681337375a,unlabeled,-1,0,0.52613217,-1
data\unlabelled\9af38262-36c2-4165-9e5b-bb44e762db16.jpg,-1,unlabeled,9af38262-36c2-4165-9e5b-bb44e762db16,unlabeled,-1,1,0.5888374,-1
data\unlabelled\9b04b6c2-79c4-4837-9199-8b4104224743.jpg,-1,unlabeled,9b04b6c2-79c4-4837-9199-8b4104224743,unlabeled,-1,0,0.55383253,-1
data\unlabelled\9b2736c3-5b1b-45fd-ba9b-b1b64228e999.jpg,-1,unlabeled,9b2736c3-5b1b-45fd-ba9b-b1b64228e999,unlabeled,-1,0,0.5875832,0
data\unlabelled\9b2f0d98-5b77-479e-af28-fc3db7350bab.jpg,-1,unlabeled,9b2f0d98-5b77-479e-af28-fc3db7350bab,unlabeled,-1,1,0.6218688,1
data\unlabelled\9c1914bd-03b4-4fe9-984b-590ee2ba0142.jpg,-1,unlabeled,9c1914bd-03b4-4fe9-984b-590ee2ba0142,unlabeled,-1,1,0.57002044,-1
data\unlabelled\9c36dc3a-874d-4f12-957a-c5733f3ff4da.jpg,-1,unlabeled,9c36dc3a-874d-4f12-957a-c5733f3ff4da,unlabeled,-1,0,0.540333,-1
data\unlabelled\9c72c314-9e62-4249-b57c-e9037ffd1dae.jpg,-1,unlabeled,9c72c314-9e62-4249-b57c-e9037ffd1dae,unlabeled,-1,1,0.59358156,-1
data\unlabelled\9d34d3c6-d14d-4c5d-b2dd-6798af15e3a1.jpg,-1,unlabeled,9d34d3c6-d14d-4c5d-b2dd-6798af15e3a1,unlabeled,-1,0,0.5104228,-1
data\unlabelled\9d438e7a-cc56-4688-995a-9af082b8ee1f.jpg,-1,unlabeled,9d438e7a-cc56-4688-995a-9af082b8ee1f,unlabeled,-1,0,0.567487,-1
data\unlabelled\9e156348-a54a-47bc-8da0-c7f8ab8dc6db.jpg,-1,unlabeled,9e156348-a54a-47bc-8da0-c7f8ab8dc6db,unlabeled,-1,1,0.5849104,-1
data\unlabelled\9e3c9103-8fa7-4fa6-b253-30babf2718fc.jpg,-1,unlabeled,9e3c9103-8fa7-4fa6-b253-30babf2718fc,unlabeled,-1,0,0.55774766,-1
data\unlabelled\9e6efb0c-a87a-4c26-bcc0-263957bee67b.jpg,-1,unlabeled,9e6efb0c-a87a-4c26-bcc0-263957bee67b,unlabeled,-1,0,0.5559904,-1
data\unlabelled\9e990790-ab7d-449a-ac2d-8419f925614e.jpg,-1,unlabeled,9e990790-ab7d-449a-ac2d-8419f925614e,unlabeled,-1,0,0.5722083,-1
data\unlabelled\9ebd9970-4cda-4cb9-8f08-b234eba80e5a.jpg,-1,unlabeled,9ebd9970-4cda-4cb9-8f08-b234eba80e5a,unlabeled,-1,1,0.545271,-1
data\unlabelled\9ef2b84b-cee8-4b4d-9431-ad40d062cb47.jpg,-1,unlabeled,9ef2b84b-cee8-4b4d-9431-ad40d062cb47,unlabeled,-1,1,0.5765963,-1
data\unlabelled\9efacc2b-7386-4c99-a3fb-22082c0b91bd.jpg,-1,unlabeled,9efacc2b-7386-4c99-a3fb-22082c0b91bd,unlabeled,-1,1,0.58923566,-1
data\unlabelled\9f4332e0-5d98-4ce4-8ce5-c713eacc0081.jpg,-1,unlabeled,9f4332e0-5d98-4ce4-8ce5-c713eacc0081,unlabeled,-1,1,0.5478876,-1
data\unlabelled\9f94cc07-eb10-48d4-aebe-c88327765a74.jpg,-1,unlabeled,9f94cc07-eb10-48d4-aebe-c88327765a74,unlabeled,-1,0,0.591022,0
data\unlabelled\9f9bbaed-8a26-422e-b8d2-e94a18295dcb.jpg,-1,unlabeled,9f9bbaed-8a26-422e-b8d2-e94a18295dcb,unlabeled,-1,1,0.5976187,-1
data\unlabelled\a04979a3-848c-4019-9fac-dd294519b75d.jpg,-1,unlabeled,a04979a3-848c-4019-9fac-dd294519b75d,unlabeled,-1,1,0.62516105,1
data\unlabelled\a0527877-e057-4aad-b285-3c19c94a3534.jpg,-1,unlabeled,a0527877-e057-4aad-b285-3c19c94a3534,unlabeled,-1,1,0.6295853,1
data\unlabelled\a0982775-75fb-4f4a-b955-530a0d59ad61.jpg,-1,unlabeled,a0982775-75fb-4f4a-b955-530a0d59ad61,unlabeled,-1,0,0.5696792,-1
data\unlabelled\a09d7bd5-2c8f-4138-80c0-de1a7f2cd360.jpg,-1,unlabeled,a09d7bd5-2c8f-4138-80c0-de1a7f2cd360,unlabeled,-1,1,0.5619299,-1
data\unlabelled\a152b48e-a831-4ff4-8868-3d870eba4a7f.jpg,-1,unlabeled,a152b48e-a831-4ff4-8868-3d870eba4a7f,unlabeled,-1,0,0.56842077,-1
data\unlabelled\a170a945-4b1c-40eb-aae4-59d20c8a1b22.jpg,-1,unlabeled,a170a945-4b1c-40eb-aae4-59d20c8a1b22,unlabeled,-1,1,0.58619446,-1
data\unlabelled\a1841a10-a43f-45b8-8f43-4acc3d2f1f4e.jpg,-1,unlabeled,a1841a10-a43f-45b8-8f43-4acc3d2f1f4e,unlabeled,-1,0,0.59489065,0
data\unlabelled\a213ec08-5323-4cac-b2f7-7a8cd7dad21e.jpg,-1,unlabeled,a213ec08-5323-4cac-b2f7-7a8cd7dad21e,unlabeled,-1,1,0.6197003,1
data\unlabelled\a249a282-e855-44d5-8759-476934b332fb.jpg,-1,unlabeled,a249a282-e855-44d5-8759-476934b332fb,unlabeled,-1,1,0.6046253,-1
data\unlabelled\a24e6a4f-5dca-498f-9329-1e6cfe84b131.jpg,-1,unlabeled,a24e6a4f-5dca-498f-9329-1e6cfe84b131,unlabeled,-1,0,0.5930491,0
data\unlabelled\a255736e-214b-4b79-8de1-b41896126278.jpg,-1,unlabeled,a255736e-214b-4b79-8de1-b41896126278,unlabeled,-1,0,0.58053607,-1
data\unlabelled\a2662c2f-32e2-490d-aece-f0aab3577c95.jpg,-1,unlabeled,a2662c2f-32e2-490d-aece-f0aab3577c95,unlabeled,-1,0,0.54913,-1
data\unlabelled\a2e9256e-b213-43b2-a4b2-846c181ab7ae.jpg,-1,unlabeled,a2e9256e-b213-43b2-a4b2-846c181ab7ae,unlabeled,-1,1,0.5874296,-1
data\unlabelled\a32947a4-5d48-47b3-ac14-29dc8810e9c0.jpg,-1,unlabeled,a32947a4-5d48-47b3-ac14-29dc8810e9c0,unlabeled,-1,0,0.57415193,-1
data\unlabelled\a3337a5a-2572-42d5-b94d-737da22ff3a9.jpg,-1,unlabeled,a3337a5a-2572-42d5-b94d-737da22ff3a9,unlabeled,-1,1,0.5797976,-1
data\unlabelled\a3625935-0405-40a2-b406-1c412fffc7f3.jpg,-1,unlabeled,a3625935-0405-40a2-b406-1c412fffc7f3,unlabeled,-1,0,0.5708672,-1
data\unlabelled\a399a471-fd58-48b0-82a3-5eed99068570.jpg,-1,unlabeled,a399a471-fd58-48b0-82a3-5eed99068570,unlabeled,-1,1,0.511719,-1
data\unlabelled\a3c09133-febe-4e86-9436-2b892f3a0387.jpg,-1,unlabeled,a3c09133-febe-4e86-9436-2b892f3a0387,unlabeled,-1,1,0.5600707,-1
data\unlabelled\a3e38644-10d6-43b0-bac5-1847580bc89d.jpg,-1,unlabeled,a3e38644-10d6-43b0-bac5-1847580bc89d,unlabeled,-1,0,0.5680397,-1
data\unlabelled\a3f72a5f-00ea-4e2c-9ca8-4a67db544f50.jpg,-1,unlabeled,a3f72a5f-00ea-4e2c-9ca8-4a67db544f50,unlabeled,-1,1,0.6136182,1
data\unlabelled\a4246a3d-368d-44da-8518-cf2d87dc8c59.jpg,-1,unlabeled,a4246a3d-368d-44da-8518-cf2d87dc8c59,unlabeled,-1,1,0.61055404,1
data\unlabelled\a440576d-e956-4701-934a-b3cf8dc4321d.jpg,-1,unlabeled,a440576d-e956-4701-934a-b3cf8dc4321d,unlabeled,-1,1,0.5489918,-1
data\unlabelled\a441670c-ed19-4b1c-b482-7c925983dfbf.jpg,-1,unlabeled,a441670c-ed19-4b1c-b482-7c925983dfbf,unlabeled,-1,1,0.59339774,-1
data\unlabelled\a486acab-bb88-45d9-bba8-632008060dc2.jpg,-1,unlabeled,a486acab-bb88-45d9-bba8-632008060dc2,unlabeled,-1,1,0.569511,-1
data\unlabelled\a49abbe4-ae77-4c42-b77d-3a09ddc78f06.jpg,-1,unlabeled,a49abbe4-ae77-4c42-b77d-3a09ddc78f06,unlabeled,-1,1,0.6141738,1
data\unlabelled\a4db8e48-b4c2-4c58-b51d-c4c9f27db258.jpg,-1,unlabeled,a4db8e48-b4c2-4c58-b51d-c4c9f27db258,unlabeled,-1,1,0.5360765,-1
data\unlabelled\a5061d81-4ac1-45f2-a3cf-f4450339a17f.jpg,-1,unlabeled,a5061d81-4ac1-45f2-a3cf-f4450339a17f,unlabeled,-1,0,0.53589547,-1
data\unlabelled\a506ca92-55af-4bb7-a08e-0680c32a0204.jpg,-1,unlabeled,a506ca92-55af-4bb7-a08e-0680c32a0204,unlabeled,-1,0,0.5369997,-1
data\unlabelled\a51d702b-501d-4cbb-823d-11ece157fe4f.jpg,-1,unlabeled,a51d702b-501d-4cbb-823d-11ece157fe4f,unlabeled,-1,0,0.57583654,-1
data\unlabelled\a526c83b-fb91-497a-aded-94e0c8f5a352.jpg,-1,unlabeled,a526c83b-fb91-497a-aded-94e0c8f5a352,unlabeled,-1,0,0.5047099,-1
data\unlabelled\a5498ea1-4980-4bf9-a397-eff3fc64da84.jpg,-1,unlabeled,a5498ea1-4980-4bf9-a397-eff3fc64da84,unlabeled,-1,1,0.5887839,-1
data\unlabelled\a5f5a148-0ad8-489e-9ebb-fc854a3d1609.jpg,-1,unlabeled,a5f5a148-0ad8-489e-9ebb-fc854a3d1609,unlabeled,-1,1,0.6123768,1
data\unlabelled\a694549b-164f-4ab6-8c6e-821661302d50.jpg,-1,unlabeled,a694549b-164f-4ab6-8c6e-821661302d50,unlabeled,-1,0,0.5700486,-1
data\unlabelled\a6a3b83f-47e0-499f-b71f-8d495ec1c17f.jpg,-1,unlabeled,a6a3b83f-47e0-499f-b71f-8d495ec1c17f,unlabeled,-1,1,0.6140631,1
data\unlabelled\a6e0f28f-6638-4af9-bd2e-2dc8816a7971.jpg,-1,unlabeled,a6e0f28f-6638-4af9-bd2e-2dc8816a7971,unlabeled,-1,0,0.560405,-1
data\unlabelled\a6eea4e7-5d58-4dc5-9454-db31b2abac4f.jpg,-1,unlabeled,a6eea4e7-5d58-4dc5-9454-db31b2abac4f,unlabeled,-1,0,0.5890213,0
data\unlabelled\a6eedd89-85a6-417e-b126-70ea9a7c5878.jpg,-1,unlabeled,a6eedd89-85a6-417e-b126-70ea9a7c5878,unlabeled,-1,0,0.5430404,-1
data\unlabelled\a7229906-e5cd-4ae0-9762-f12dbf1a65c7.jpg,-1,unlabeled,a7229906-e5cd-4ae0-9762-f12dbf1a65c7,unlabeled,-1,0,0.6005702,0
data\unlabelled\a74cd797-2401-44e9-b29b-e3e125c8e148.jpg,-1,unlabeled,a74cd797-2401-44e9-b29b-e3e125c8e148,unlabeled,-1,0,0.58633685,-1
data\unlabelled\a7666642-0f25-4334-84c0-75833f969748.jpg,-1,unlabeled,a7666642-0f25-4334-84c0-75833f969748,unlabeled,-1,1,0.5461458,-1
data\unlabelled\a766a6c1-a58d-4e3e-a88d-dacbbb7fe49f.jpg,-1,unlabeled,a766a6c1-a58d-4e3e-a88d-dacbbb7fe49f,unlabeled,-1,0,0.50629675,-1
data\unlabelled\a77a60c2-a281-456a-9cbc-abff11eb4ecd.jpg,-1,unlabeled,a77a60c2-a281-456a-9cbc-abff11eb4ecd,unlabeled,-1,0,0.5062495,-1
data\unlabelled\a7d3098c-d265-4ae3-92a2-f5434f20a9e4.jpg,-1,unlabeled,a7d3098c-d265-4ae3-92a2-f5434f20a9e4,unlabeled,-1,1,0.58931464,-1
data\unlabelled\a83813e8-550f-4510-999d-fd120608ada3.jpg,-1,unlabeled,a83813e8-550f-4510-999d-fd120608ada3,unlabeled,-1,1,0.6160832,1
data\unlabelled\a8e2d57e-39b3-495c-a585-b2d2d14e0cf3.jpg,-1,unlabeled,a8e2d57e-39b3-495c-a585-b2d2d14e0cf3,unlabeled,-1,0,0.5595158,-1
data\unlabelled\a8e8e276-1bae-4b51-9301-2dda6e7e8b32.jpg,-1,unlabeled,a8e8e276-1bae-4b51-9301-2dda6e7e8b32,unlabeled,-1,0,0.543408,-1
data\unlabelled\a941b1d0-6a6c-4957-843e-2cc48011a512.jpg,-1,unlabeled,a941b1d0-6a6c-4957-843e-2cc48011a512,unlabeled,-1,0,0.5831905,-1
data\unlabelled\a94640dc-32e9-4842-ae35-28769b867234.jpg,-1,unlabeled,a94640dc-32e9-4842-ae35-28769b867234,unlabeled,-1,0,0.59179384,0
data\unlabelled\a9619c7e-ed01-41ee-8d40-631b9852a32d.jpg,-1,unlabeled,a9619c7e-ed01-41ee-8d40-631b9852a32d,unlabeled,-1,1,0.58897704,-1
data\unlabelled\a99cffba-c2d8-422b-9ef7-87390609ce8f.jpg,-1,unlabeled,a99cffba-c2d8-422b-9ef7-87390609ce8f,unlabeled,-1,0,0.5731412,-1
data\unlabelled\aa11c48a-6e6e-4cdc-9159-a8b5d4f072c8.jpg,-1,unlabeled,aa11c48a-6e6e-4cdc-9159-a8b5d4f072c8,unlabeled,-1,1,0.5298271,-1
data\unlabelled\aa237812-9888-464b-8331-cc9b67fc76d4.jpg,-1,unlabeled,aa237812-9888-464b-8331-cc9b67fc76d4,unlabeled,-1,1,0.616291,1
data\unlabelled\aa3b5558-4655-4cc2-a6f1-b7a1183202ec.jpg,-1,unlabeled,aa3b5558-4655-4cc2-a6f1-b7a1183202ec,unlabeled,-1,0,0.52644265,-1
data\unlabelled\aa3c3d81-b7c5-4f1a-8c26-416bb1e98959.jpg,-1,unlabeled,aa3c3d81-b7c5-4f1a-8c26-416bb1e98959,unlabeled,-1,1,0.6041374,-1
data\unlabelled\aa461b31-5cc7-4dbf-9519-24197370f2b2.jpg,-1,unlabeled,aa461b31-5cc7-4dbf-9519-24197370f2b2,unlabeled,-1,0,0.5386604,-1
data\unlabelled\aa5fc6b7-117f-4ee3-a003-5cf4fe092ae8.jpg,-1,unlabeled,aa5fc6b7-117f-4ee3-a003-5cf4fe092ae8,unlabeled,-1,0,0.54189205,-1
data\unlabelled\aa6a9740-d0df-4132-bd1d-083f5d354ca9.jpg,-1,unlabeled,aa6a9740-d0df-4132-bd1d-083f5d354ca9,unlabeled,-1,0,0.594187,0
data\unlabelled\aa6adb98-0db9-490e-8c82-f8f1542ad0f3.jpg,-1,unlabeled,aa6adb98-0db9-490e-8c82-f8f1542ad0f3,unlabeled,-1,1,0.5532733,-1
data\unlabelled\aa83f943-338c-4ec5-82dc-551a8edfd99c.jpg,-1,unlabeled,aa83f943-338c-4ec5-82dc-551a8edfd99c,unlabeled,-1,1,0.56679577,-1
data\unlabelled\aaa8904f-1fbf-41f8-8672-d3a0c0ae69ca.jpg,-1,unlabeled,aaa8904f-1fbf-41f8-8672-d3a0c0ae69ca,unlabeled,-1,1,0.5884074,-1
data\unlabelled\aab772d0-24a3-4227-8c9b-384f29e2b522.jpg,-1,unlabeled,aab772d0-24a3-4227-8c9b-384f29e2b522,unlabeled,-1,1,0.58475614,-1
data\unlabelled\aac0bd5e-11a8-44c3-8919-4908a7fe2dce.jpg,-1,unlabeled,aac0bd5e-11a8-44c3-8919-4908a7fe2dce,unlabeled,-1,1,0.59753865,-1
data\unlabelled\ab0cb281-58e7-401e-aff2-dcdc6dfe5d59.jpg,-1,unlabeled,ab0cb281-58e7-401e-aff2-dcdc6dfe5d59,unlabeled,-1,1,0.59383833,-1
data\unlabelled\ab0e7755-33af-44b9-81bd-bc82b31aee1e.jpg,-1,unlabeled,ab0e7755-33af-44b9-81bd-bc82b31aee1e,unlabeled,-1,0,0.51914823,-1
data\unlabelled\ab11abb6-af74-41ad-a11a-e7fa6d7291ba.jpg,-1,unlabeled,ab11abb6-af74-41ad-a11a-e7fa6d7291ba,unlabeled,-1,1,0.59393495,-1
data\unlabelled\ab397471-9613-408a-8b46-eddde6dcb5d5.jpg,-1,unlabeled,ab397471-9613-408a-8b46-eddde6dcb5d5,unlabeled,-1,1,0.5643736,-1
data\unlabelled\ababc0c0-83f6-4a4a-93c6-ecc9600659f8.jpg,-1,unlabeled,ababc0c0-83f6-4a4a-93c6-ecc9600659f8,unlabeled,-1,0,0.5531385,-1
data\unlabelled\abac2253-1a4b-403c-aaa9-1c94b1d5303b.jpg,-1,unlabeled,abac2253-1a4b-403c-aaa9-1c94b1d5303b,unlabeled,-1,1,0.60177207,-1
data\unlabelled\abbb32f3-2e41-40b7-9dcf-74cc277e422b.jpg,-1,unlabeled,abbb32f3-2e41-40b7-9dcf-74cc277e422b,unlabeled,-1,1,0.5551666,-1
data\unlabelled\ac1b0ef1-5707-46b7-a97a-5312e76ce70b.jpg,-1,unlabeled,ac1b0ef1-5707-46b7-a97a-5312e76ce70b,unlabeled,-1,1,0.61245394,1
data\unlabelled\ac2dfb66-a006-4e9a-a0c9-3a126d7278c4.jpg,-1,unlabeled,ac2dfb66-a006-4e9a-a0c9-3a126d7278c4,unlabeled,-1,0,0.58659005,-1
data\unlabelled\ac865d09-397a-4949-9ebf-46ec9f12fa9c.jpg,-1,unlabeled,ac865d09-397a-4949-9ebf-46ec9f12fa9c,unlabeled,-1,1,0.62302035,1
data\unlabelled\acad871f-9572-4f2f-b29a-eed3823f2290.jpg,-1,unlabeled,acad871f-9572-4f2f-b29a-eed3823f2290,unlabeled,-1,0,0.57664025,-1
data\unlabelled\acb02192-02e1-437d-8c18-caee543a6a91.jpg,-1,unlabeled,acb02192-02e1-437d-8c18-caee543a6a91,unlabeled,-1,0,0.557158,-1
data\unlabelled\acd40feb-efc6-453d-befa-819b9502a4c2.jpg,-1,unlabeled,acd40feb-efc6-453d-befa-819b9502a4c2,unlabeled,-1,1,0.5970544,-1
data\unlabelled\ad54994e-ddfd-42b0-8bc1-421cf121ecfa.jpg,-1,unlabeled,ad54994e-ddfd-42b0-8bc1-421cf121ecfa,unlabeled,-1,0,0.5740035,-1
data\unlabelled\ad830b6f-868a-46e3-bb55-f5246f02fcea.jpg,-1,unlabeled,ad830b6f-868a-46e3-bb55-f5246f02fcea,unlabeled,-1,1,0.6162099,1
data\unlabelled\ade0e9eb-189d-4e9e-8f8a-93f142c99e70.jpg,-1,unlabeled,ade0e9eb-189d-4e9e-8f8a-93f142c99e70,unlabeled,-1,0,0.53787416,-1
data\unlabelled\adf753d3-b12a-4ab5-9c8a-732f31df7bd2.jpg,-1,unlabeled,adf753d3-b12a-4ab5-9c8a-732f31df7bd2,unlabeled,-1,0,0.6143709,0
data\unlabelled\adfe2464-c84b-418a-a92f-0aca61600d14.jpg,-1,unlabeled,adfe2464-c84b-418a-a92f-0aca61600d14,unlabeled,-1,1,0.5717821,-1
data\unlabelled\ae12b9b6-c619-4272-8f67-e7f62d17adfc.jpg,-1,unlabeled,ae12b9b6-c619-4272-8f67-e7f62d17adfc,unlabeled,-1,1,0.6107117,1
data\unlabelled\ae16d97e-2b19-4723-b545-5da8a6788538.jpg,-1,unlabeled,ae16d97e-2b19-4723-b545-5da8a6788538,unlabeled,-1,1,0.5756177,-1
data\unlabelled\ae204781-dfdd-42e3-add7-a3b4bd3e1d67.jpg,-1,unlabeled,ae204781-dfdd-42e3-add7-a3b4bd3e1d67,unlabeled,-1,1,0.61307645,1
data\unlabelled\ae368c7a-7dda-438c-ba8e-95be6df4180c.jpg,-1,unlabeled,ae368c7a-7dda-438c-ba8e-95be6df4180c,unlabeled,-1,0,0.5348833,-1
data\unlabelled\ae433b5a-7fe2-4c2e-9e5a-d0c3968b6f93.jpg,-1,unlabeled,ae433b5a-7fe2-4c2e-9e5a-d0c3968b6f93,unlabeled,-1,1,0.5528734,-1
data\unlabelled\ae976992-00db-4566-8edd-e0813aecbdbf.jpg,-1,unlabeled,ae976992-00db-4566-8edd-e0813aecbdbf,unlabeled,-1,0,0.5543699,-1
data\unlabelled\aea301ef-d59d-4843-a30d-05090edb163a.jpg,-1,unlabeled,aea301ef-d59d-4843-a30d-05090edb163a,unlabeled,-1,1,0.6030804,-1
data\unlabelled\aead6025-7446-4bca-b635-12e9ad466fe3.jpg,-1,unlabeled,aead6025-7446-4bca-b635-12e9ad466fe3,unlabeled,-1,0,0.5263453,-1
data\unlabelled\aec1ce1c-8e2a-4fec-bb80-60206e2773f4.jpg,-1,unlabeled,aec1ce1c-8e2a-4fec-bb80-60206e2773f4,unlabeled,-1,0,0.57449716,-1
data\unlabelled\aed79224-2956-4bb5-9cfe-ba66a0cc2fa3.jpg,-1,unlabeled,aed79224-2956-4bb5-9cfe-ba66a0cc2fa3,unlabeled,-1,0,0.5911693,0
data\unlabelled\aed7d082-bf4a-4f7b-bcac-437cb3453640.jpg,-1,unlabeled,aed7d082-bf4a-4f7b-bcac-437cb3453640,unlabeled,-1,0,0.531802,-1
data\unlabelled\af339dff-712b-4d32-8869-d1840c919217.jpg,-1,unlabeled,af339dff-712b-4d32-8869-d1840c919217,unlabeled,-1,1,0.57855654,-1
data\unlabelled\af799b9c-1752-424f-9139-02f554e58b68.jpg,-1,unlabeled,af799b9c-1752-424f-9139-02f554e58b68,unlabeled,-1,1,0.61907256,1
data\unlabelled\af8a85eb-0518-464f-82ba-4bbe07234156.jpg,-1,unlabeled,af8a85eb-0518-464f-82ba-4bbe07234156,unlabeled,-1,1,0.5676512,-1
data\unlabelled\afa2ea25-3198-4c2a-90ed-5fbfdb617426.jpg,-1,unlabeled,afa2ea25-3198-4c2a-90ed-5fbfdb617426,unlabeled,-1,1,0.6162261,1
data\unlabelled\afae92bf-17c8-4ffa-ab32-3fb29c79a586.jpg,-1,unlabeled,afae92bf-17c8-4ffa-ab32-3fb29c79a586,unlabeled,-1,1,0.51747495,-1
data\unlabelled\aff26bce-b891-41bc-9ee6-b296d8b76f59.jpg,-1,unlabeled,aff26bce-b891-41bc-9ee6-b296d8b76f59,unlabeled,-1,0,0.55448014,-1
data\unlabelled\b0106bf8-8746-4191-b59d-454c38756d88.jpg,-1,unlabeled,b0106bf8-8746-4191-b59d-454c38756d88,unlabeled,-1,1,0.58142936,-1
data\unlabelled\b0336c35-ecf3-4300-942e-4046e651403a.jpg,-1,unlabeled,b0336c35-ecf3-4300-942e-4046e651403a,unlabeled,-1,0,0.5515285,-1
data\unlabelled\b038504e-6513-4c61-83ea-6016dae07068.jpg,-1,unlabeled,b038504e-6513-4c61-83ea-6016dae07068,unlabeled,-1,1,0.5622137,-1
data\unlabelled\b0573368-2b4a-4bb5-a2f2-fd4c106cbd6a.jpg,-1,unlabeled,b0573368-2b4a-4bb5-a2f2-fd4c106cbd6a,unlabeled,-1,1,0.5751854,-1
data\unlabelled\b0919a76-d100-43a1-a5f6-1cd2400909b7.jpg,-1,unlabeled,b0919a76-d100-43a1-a5f6-1cd2400909b7,unlabeled,-1,0,0.5617768,-1
data\unlabelled\b0da657c-53c0-4efb-bed4-ebb465f90bd0.jpg,-1,unlabeled,b0da657c-53c0-4efb-bed4-ebb465f90bd0,unlabeled,-1,1,0.54774785,-1
data\unlabelled\b0e5ad1b-ffbc-4ca3-8fc0-a9c3f2843024.jpg,-1,unlabeled,b0e5ad1b-ffbc-4ca3-8fc0-a9c3f2843024,unlabeled,-1,0,0.6009462,0
data\unlabelled\b0f30a6c-a9d6-4918-8b79-d824fd5c5156.jpg,-1,unlabeled,b0f30a6c-a9d6-4918-8b79-d824fd5c5156,unlabeled,-1,0,0.5338564,-1
data\unlabelled\b1526b83-80c1-4cd8-94e2-452d3aff4d5c.jpg,-1,unlabeled,b1526b83-80c1-4cd8-94e2-452d3aff4d5c,unlabeled,-1,1,0.5603424,-1
data\unlabelled\b1596679-1197-4da3-94ea-5c865f1ab2aa.jpg,-1,unlabeled,b1596679-1197-4da3-94ea-5c865f1ab2aa,unlabeled,-1,1,0.6234672,1
data\unlabelled\b1599906-a75f-4f7c-9194-aef5ac307a98.jpg,-1,unlabeled,b1599906-a75f-4f7c-9194-aef5ac307a98,unlabeled,-1,1,0.6165252,1
data\unlabelled\b168a97e-f1f6-44ab-a561-1fc9f764beb5.jpg,-1,unlabeled,b168a97e-f1f6-44ab-a561-1fc9f764beb5,unlabeled,-1,1,0.5901465,-1
data\unlabelled\b16fb117-880f-4bf2-844c-8fca10f6a8ba.jpg,-1,unlabeled,b16fb117-880f-4bf2-844c-8fca10f6a8ba,unlabeled,-1,0,0.59475726,0
data\unlabelled\b1822f99-76ad-446d-a591-8fcd1ee03b4d.jpg,-1,unlabeled,b1822f99-76ad-446d-a591-8fcd1ee03b4d,unlabeled,-1,1,0.55878055,-1
data\unlabelled\b187d364-3687-4b99-833a-c1e0c72a1553.jpg,-1,unlabeled,b187d364-3687-4b99-833a-c1e0c72a1553,unlabeled,-1,1,0.55593395,-1
data\unlabelled\b1b84b67-8ecb-461f-b5d8-5c15dea5b40e.jpg,-1,unlabeled,b1b84b67-8ecb-461f-b5d8-5c15dea5b40e,unlabeled,-1,1,0.6078477,1
data\unlabelled\b238289a-2616-4fbf-bea3-6d3cbf4c12cf.jpg,-1,unlabeled,b238289a-2616-4fbf-bea3-6d3cbf4c12cf,unlabeled,-1,1,0.5965868,-1
data\unlabelled\b239bae7-a577-4569-a922-20eff3a5c4f3.jpg,-1,unlabeled,b239bae7-a577-4569-a922-20eff3a5c4f3,unlabeled,-1,1,0.58665675,-1
data\unlabelled\b2eb2734-0e32-48c6-bad6-6f8fefd3d828.jpg,-1,unlabeled,b2eb2734-0e32-48c6-bad6-6f8fefd3d828,unlabeled,-1,1,0.59422714,-1
data\unlabelled\b2f8d9a9-ef82-4c08-a602-1a5fdc3ba173.jpg,-1,unlabeled,b2f8d9a9-ef82-4c08-a602-1a5fdc3ba173,unlabeled,-1,1,0.5618258,-1
data\unlabelled\b3183347-7366-4e1f-b1ea-963ff647d59c.jpg,-1,unlabeled,b3183347-7366-4e1f-b1ea-963ff647d59c,unlabeled,-1,1,0.5896976,-1
data\unlabelled\b3435209-7f0e-4c19-b14c-961dfedf7fa5.jpg,-1,unlabeled,b3435209-7f0e-4c19-b14c-961dfedf7fa5,unlabeled,-1,1,0.5674927,-1
data\unlabelled\b34c74b8-90d1-415f-aef0-e6803e181fb8.jpg,-1,unlabeled,b34c74b8-90d1-415f-aef0-e6803e181fb8,unlabeled,-1,1,0.56114596,-1
data\unlabelled\b378a02d-501a-4a6c-b7a8-db752f862f42.jpg,-1,unlabeled,b378a02d-501a-4a6c-b7a8-db752f862f42,unlabeled,-1,0,0.5170464,-1
data\unlabelled\b37b548d-b64c-4121-8a2c-a774e4de52f3.jpg,-1,unlabeled,b37b548d-b64c-4121-8a2c-a774e4de52f3,unlabeled,-1,1,0.5869171,-1
data\unlabelled\b37f5017-ab4a-4ef4-bf96-e71749d6fd69.jpg,-1,unlabeled,b37f5017-ab4a-4ef4-bf96-e71749d6fd69,unlabeled,-1,0,0.55921483,-1
data\unlabelled\b3cc2a2a-c893-4007-8923-cf388e074e98.jpg,-1,unlabeled,b3cc2a2a-c893-4007-8923-cf388e074e98,unlabeled,-1,0,0.6061735,0
data\unlabelled\b3d19755-4df5-4a8a-9206-92f244ea82bc.jpg,-1,unlabeled,b3d19755-4df5-4a8a-9206-92f244ea82bc,unlabeled,-1,0,0.5786978,-1
data\unlabelled\b3d87e60-cc73-4d1f-93b3-dee5658080d2.jpg,-1,unlabeled,b3d87e60-cc73-4d1f-93b3-dee5658080d2,unlabeled,-1,0,0.55955887,-1
data\unlabelled\b3db51cb-3433-4810-b386-623bf2b4a118.jpg,-1,unlabeled,b3db51cb-3433-4810-b386-623bf2b4a118,unlabeled,-1,1,0.54729044,-1
data\unlabelled\b439fafb-e052-46ed-a016-7ff5d1807c21.jpg,-1,unlabeled,b439fafb-e052-46ed-a016-7ff5d1807c21,unlabeled,-1,0,0.5878641,0
data\unlabelled\b43df22b-ca36-4759-bcab-607c2bb15700.jpg,-1,unlabeled,b43df22b-ca36-4759-bcab-607c2bb15700,unlabeled,-1,1,0.6110997,1
data\unlabelled\b46cabf0-ee01-4350-a395-b6f3f7965550.jpg,-1,unlabeled,b46cabf0-ee01-4350-a395-b6f3f7965550,unlabeled,-1,0,0.5266406,-1
data\unlabelled\b4835ad6-9259-469a-8b1d-1db0ce85f438.jpg,-1,unlabeled,b4835ad6-9259-469a-8b1d-1db0ce85f438,unlabeled,-1,1,0.58573294,-1
data\unlabelled\b5a05df2-50ea-435b-8946-f4ba1bb1d9ac.jpg,-1,unlabeled,b5a05df2-50ea-435b-8946-f4ba1bb1d9ac,unlabeled,-1,0,0.59320617,0
data\unlabelled\b5b311b5-9264-4d34-a9a5-8952ecf727cb.jpg,-1,unlabeled,b5b311b5-9264-4d34-a9a5-8952ecf727cb,unlabeled,-1,0,0.5495658,-1
data\unlabelled\b5e72ee8-c802-43d8-b9ec-8e42629a608e.jpg,-1,unlabeled,b5e72ee8-c802-43d8-b9ec-8e42629a608e,unlabeled,-1,0,0.5883304,0
data\unlabelled\b6261bb8-2308-4f80-8535-0f42397c3231.jpg,-1,unlabeled,b6261bb8-2308-4f80-8535-0f42397c3231,unlabeled,-1,0,0.6106962,0
data\unlabelled\b653d469-6c8e-4ff9-b584-f0bb3c6de2f7.jpg,-1,unlabeled,b653d469-6c8e-4ff9-b584-f0bb3c6de2f7,unlabeled,-1,0,0.52290756,-1
data\unlabelled\b65c7ebe-aac9-414e-a9d3-b8205d5d5a23.jpg,-1,unlabeled,b65c7ebe-aac9-414e-a9d3-b8205d5d5a23,unlabeled,-1,0,0.57751775,-1
data\unlabelled\b66e444a-e524-4b91-93b0-6ce5a3d91bea.jpg,-1,unlabeled,b66e444a-e524-4b91-93b0-6ce5a3d91bea,unlabeled,-1,1,0.5878126,-1
data\unlabelled\b6a367ea-90ef-4608-8cc4-25d6480f2316.jpg,-1,unlabeled,b6a367ea-90ef-4608-8cc4-25d6480f2316,unlabeled,-1,0,0.6190354,0
data\unlabelled\b6bc5e43-545c-4ad1-999a-fd8134cd462f.jpg,-1,unlabeled,b6bc5e43-545c-4ad1-999a-fd8134cd462f,unlabeled,-1,1,0.5774812,-1
data\unlabelled\b6f5d34f-6564-4515-a8bd-454cb427d89b.jpg,-1,unlabeled,b6f5d34f-6564-4515-a8bd-454cb427d89b,unlabeled,-1,1,0.59228086,-1
data\unlabelled\b76bc357-ef11-4969-aff5-08d164bd3e72.jpg,-1,unlabeled,b76bc357-ef11-4969-aff5-08d164bd3e72,unlabeled,-1,1,0.5825215,-1
data\unlabelled\b791695b-ae90-4bf2-a21f-49f50473d757.jpg,-1,unlabeled,b791695b-ae90-4bf2-a21f-49f50473d757,unlabeled,-1,1,0.587895,-1
data\unlabelled\b7b2c1fd-bf77-48d2-8945-22ede0c2e7f0.jpg,-1,unlabeled,b7b2c1fd-bf77-48d2-8945-22ede0c2e7f0,unlabeled,-1,1,0.5966797,-1
data\unlabelled\b7dfdd1a-0fde-4fb6-a164-cd3ffde2c76c.jpg,-1,unlabeled,b7dfdd1a-0fde-4fb6-a164-cd3ffde2c76c,unlabeled,-1,1,0.60669005,1
data\unlabelled\b81d8697-0c53-4884-ae67-451f03c49cf3.jpg,-1,unlabeled,b81d8697-0c53-4884-ae67-451f03c49cf3,unlabeled,-1,1,0.5919533,-1
data\unlabelled\b84b03dd-e7ef-4279-b16e-8d15ed3dcf8d.jpg,-1,unlabeled,b84b03dd-e7ef-4279-b16e-8d15ed3dcf8d,unlabeled,-1,0,0.57302666,-1
data\unlabelled\b86b9957-2c27-46b3-a81d-67a7d0dca889.jpg,-1,unlabeled,b86b9957-2c27-46b3-a81d-67a7d0dca889,unlabeled,-1,0,0.5208209,-1
data\unlabelled\b88a3666-f80f-4dc9-9857-dd86a147610d.jpg,-1,unlabeled,b88a3666-f80f-4dc9-9857-dd86a147610d,unlabeled,-1,1,0.59968954,-1
data\unlabelled\b89c1d66-644d-40c5-ab60-963dae9f4721.jpg,-1,unlabeled,b89c1d66-644d-40c5-ab60-963dae9f4721,unlabeled,-1,1,0.5386751,-1
data\unlabelled\b8b5d78a-1554-4094-bbdb-437564558675.jpg,-1,unlabeled,b8b5d78a-1554-4094-bbdb-437564558675,unlabeled,-1,0,0.55725044,-1
data\unlabelled\b8c59bed-8b98-4e04-b7c8-d7a7a7dde6ce.jpg,-1,unlabeled,b8c59bed-8b98-4e04-b7c8-d7a7a7dde6ce,unlabeled,-1,1,0.59858936,-1
data\unlabelled\b8de1e90-8be7-439c-8e7e-4e674309eff0.jpg,-1,unlabeled,b8de1e90-8be7-439c-8e7e-4e674309eff0,unlabeled,-1,0,0.5712782,-1
data\unlabelled\b8ef73d1-99ce-47f3-a6af-fc2ccb6f3516.jpg,-1,unlabeled,b8ef73d1-99ce-47f3-a6af-fc2ccb6f3516,unlabeled,-1,1,0.5884542,-1
data\unlabelled\b96121d1-be2e-41ab-a5d1-807f1f07d643.jpg,-1,unlabeled,b96121d1-be2e-41ab-a5d1-807f1f07d643,unlabeled,-1,1,0.56681323,-1
data\unlabelled\b9929535-b604-4eab-9d1b-aa8fd00a5199.jpg,-1,unlabeled,b9929535-b604-4eab-9d1b-aa8fd00a5199,unlabeled,-1,0,0.5769554,-1
data\unlabelled\b9a10b26-a2f4-409c-86af-7a8e32034822.jpg,-1,unlabeled,b9a10b26-a2f4-409c-86af-7a8e32034822,unlabeled,-1,0,0.5761136,-1
data\unlabelled\b9c3a1cf-596c-48f5-93a2-6b3df977067d.jpg,-1,unlabeled,b9c3a1cf-596c-48f5-93a2-6b3df977067d,unlabeled,-1,0,0.56060183,-1
data\unlabelled\b9faf187-8ece-46cc-bcfb-3f6177cf5c74.jpg,-1,unlabeled,b9faf187-8ece-46cc-bcfb-3f6177cf5c74,unlabeled,-1,0,0.49326643,-1
data\unlabelled\ba2a0d7c-955d-41ac-9cbd-6efb63d5bbc3.jpg,-1,unlabeled,ba2a0d7c-955d-41ac-9cbd-6efb63d5bbc3,unlabeled,-1,1,0.5832492,-1
data\unlabelled\ba6e94c8-06f0-4750-9ff8-d444eb24d50e.jpg,-1,unlabeled,ba6e94c8-06f0-4750-9ff8-d444eb24d50e,unlabeled,-1,1,0.55617934,-1
data\unlabelled\ba976fd5-3416-4147-908c-1eb3c89a9712.jpg,-1,unlabeled,ba976fd5-3416-4147-908c-1eb3c89a9712,unlabeled,-1,0,0.58986926,0
data\unlabelled\baf0dbab-3f67-4785-bf3d-0005d2789079.jpg,-1,unlabeled,baf0dbab-3f67-4785-bf3d-0005d2789079,unlabeled,-1,1,0.5926399,-1
data\unlabelled\bb2e08a6-de1e-4098-898d-09bc50cfb2d6.jpg,-1,unlabeled,bb2e08a6-de1e-4098-898d-09bc50cfb2d6,unlabeled,-1,0,0.5366397,-1
data\unlabelled\bb7be2dc-ad86-4c83-8350-c711317d5fb0.jpg,-1,unlabeled,bb7be2dc-ad86-4c83-8350-c711317d5fb0,unlabeled,-1,1,0.56018907,-1
data\unlabelled\bb813aae-eb3f-402f-87ef-4f788ccf542b.jpg,-1,unlabeled,bb813aae-eb3f-402f-87ef-4f788ccf542b,unlabeled,-1,1,0.53556275,-1
data\unlabelled\bbd58dd2-cbac-4bde-8237-53318d52c369.jpg,-1,unlabeled,bbd58dd2-cbac-4bde-8237-53318d52c369,unlabeled,-1,0,0.56841576,-1
data\unlabelled\bbf13c98-7160-4557-8f5a-d00dfa44f1c1.jpg,-1,unlabeled,bbf13c98-7160-4557-8f5a-d00dfa44f1c1,unlabeled,-1,1,0.61027014,1
data\unlabelled\bc0d40fa-a3fa-441b-bc86-b54ce94e2d7a.jpg,-1,unlabeled,bc0d40fa-a3fa-441b-bc86-b54ce94e2d7a,unlabeled,-1,0,0.56851715,-1
data\unlabelled\bc64bb6f-65e9-4ad6-99e1-525c0052948b.jpg,-1,unlabeled,bc64bb6f-65e9-4ad6-99e1-525c0052948b,unlabeled,-1,1,0.601944,-1
data\unlabelled\bc95a8de-6cba-4948-8a6b-0a0f42e570aa.jpg,-1,unlabeled,bc95a8de-6cba-4948-8a6b-0a0f42e570aa,unlabeled,-1,1,0.5105533,-1
data\unlabelled\bce45fb4-a4e3-46ad-bd02-a111ef092889.jpg,-1,unlabeled,bce45fb4-a4e3-46ad-bd02-a111ef092889,unlabeled,-1,0,0.5592355,-1
data\unlabelled\bd379318-b2ad-42c4-825b-88ab71c55e15.jpg,-1,unlabeled,bd379318-b2ad-42c4-825b-88ab71c55e15,unlabeled,-1,1,0.59713876,-1
data\unlabelled\bd3cc2df-d45d-4fd3-bc29-f49191309646.jpg,-1,unlabeled,bd3cc2df-d45d-4fd3-bc29-f49191309646,unlabeled,-1,1,0.6062344,1
data\unlabelled\bd43b263-5430-4c50-b685-afbed1f0a870.jpg,-1,unlabeled,bd43b263-5430-4c50-b685-afbed1f0a870,unlabeled,-1,0,0.5122763,-1
data\unlabelled\bd823626-a1df-46de-9e4a-f93c6b12600d.jpg,-1,unlabeled,bd823626-a1df-46de-9e4a-f93c6b12600d,unlabeled,-1,1,0.6047434,-1
data\unlabelled\bd836b2d-0574-4551-b877-48dcb309d12b.jpg,-1,unlabeled,bd836b2d-0574-4551-b877-48dcb309d12b,unlabeled,-1,1,0.5930673,-1
data\unlabelled\bd90cca9-a572-4464-b6fd-edb2af3e9a15.jpg,-1,unlabeled,bd90cca9-a572-4464-b6fd-edb2af3e9a15,unlabeled,-1,1,0.53787106,-1
data\unlabelled\bdb59569-ecb6-4ea4-8b48-7bbe75775ca4.jpg,-1,unlabeled,bdb59569-ecb6-4ea4-8b48-7bbe75775ca4,unlabeled,-1,0,0.5594876,-1
data\unlabelled\be13c534-5a49-4a6f-abed-0ee6d43b8168.jpg,-1,unlabeled,be13c534-5a49-4a6f-abed-0ee6d43b8168,unlabeled,-1,1,0.60160047,-1
data\unlabelled\be2b5d73-760e-4c64-a969-e6969fc1a77a.jpg,-1,unlabeled,be2b5d73-760e-4c64-a969-e6969fc1a77a,unlabeled,-1,1,0.57976556,-1
data\unlabelled\be331e19-085b-4197-95a8-8c148c815334.jpg,-1,unlabeled,be331e19-085b-4197-95a8-8c148c815334,unlabeled,-1,1,0.52224255,-1
data\unlabelled\be37b806-f9a2-4949-a245-a2d6782f2e29.jpg,-1,unlabeled,be37b806-f9a2-4949-a245-a2d6782f2e29,unlabeled,-1,0,0.56680286,-1
data\unlabelled\be6b6d40-5b6f-4159-888d-4bdcf9b0ba5b.jpg,-1,unlabeled,be6b6d40-5b6f-4159-888d-4bdcf9b0ba5b,unlabeled,-1,1,0.5830317,-1
data\unlabelled\be754d13-4280-4fde-a6f1-cd8b899bd71a.jpg,-1,unlabeled,be754d13-4280-4fde-a6f1-cd8b899bd71a,unlabeled,-1,0,0.51711816,-1
data\unlabelled\beab9b35-c1b2-4ad0-90f5-41c773f135ff.jpg,-1,unlabeled,beab9b35-c1b2-4ad0-90f5-41c773f135ff,unlabeled,-1,0,0.56072086,-1
data\unlabelled\bed6e12c-2ea8-4b3e-a59e-cf36fe96e463.jpg,-1,unlabeled,bed6e12c-2ea8-4b3e-a59e-cf36fe96e463,unlabeled,-1,1,0.59232396,-1
data\unlabelled\beee84d9-4e44-430a-aaf0-4e54b2bed5e5.jpg,-1,unlabeled,beee84d9-4e44-430a-aaf0-4e54b2bed5e5,unlabeled,-1,0,0.5822374,-1
data\unlabelled\bef3673e-fe67-4c99-b706-8b9cd3b5e6c6.jpg,-1,unlabeled,bef3673e-fe67-4c99-b706-8b9cd3b5e6c6,unlabeled,-1,1,0.5555292,-1
data\unlabelled\bf057df5-c436-4d56-bae3-66f6e9fc071f.jpg,-1,unlabeled,bf057df5-c436-4d56-bae3-66f6e9fc071f,unlabeled,-1,1,0.6213197,1
data\unlabelled\bf866f83-f688-447d-96cc-541c2f402f47.jpg,-1,unlabeled,bf866f83-f688-447d-96cc-541c2f402f47,unlabeled,-1,1,0.59631324,-1
data\unlabelled\bfa253c9-0a12-43aa-9239-1ac9912ff6b6.jpg,-1,unlabeled,bfa253c9-0a12-43aa-9239-1ac9912ff6b6,unlabeled,-1,1,0.5930152,-1
data\unlabelled\bfb57862-59ff-4192-9b27-cb09620612b4.jpg,-1,unlabeled,bfb57862-59ff-4192-9b27-cb09620612b4,unlabeled,-1,0,0.61521286,0
data\unlabelled\bfbbb8e6-e856-4b37-a623-adc115a549d7.jpg,-1,unlabeled,bfbbb8e6-e856-4b37-a623-adc115a549d7,unlabeled,-1,0,0.55426043,-1
data\unlabelled\bfe2c7a0-03d8-4981-ae18-b7ee0130bc11.jpg,-1,unlabeled,bfe2c7a0-03d8-4981-ae18-b7ee0130bc11,unlabeled,-1,0,0.49553946,-1
data\unlabelled\c00c6d8b-5710-4a18-ba46-6b38b6e760fe.jpg,-1,unlabeled,c00c6d8b-5710-4a18-ba46-6b38b6e760fe,unlabeled,-1,1,0.6294911,1
data\unlabelled\c02578ec-420e-49cb-b300-c648388a4b69.jpg,-1,unlabeled,c02578ec-420e-49cb-b300-c648388a4b69,unlabeled,-1,1,0.59263456,-1
data\unlabelled\c02c117f-b4b7-45ae-966d-f8f6de91ee23.jpg,-1,unlabeled,c02c117f-b4b7-45ae-966d-f8f6de91ee23,unlabeled,-1,1,0.6101365,1
data\unlabelled\c03777e7-cd5b-4678-b23c-c23bda2cb73d.jpg,-1,unlabeled,c03777e7-cd5b-4678-b23c-c23bda2cb73d,unlabeled,-1,0,0.5771173,-1
data\unlabelled\c0c88360-0527-4dcd-9b20-fd18576a948a.jpg,-1,unlabeled,c0c88360-0527-4dcd-9b20-fd18576a948a,unlabeled,-1,1,0.5613023,-1
data\unlabelled\c1031cf0-6eb2-4413-ae12-cc281fb560c5.jpg,-1,unlabeled,c1031cf0-6eb2-4413-ae12-cc281fb560c5,unlabeled,-1,0,0.5920002,0
data\unlabelled\c268e736-3706-4f9d-9da5-d5a089549c05.jpg,-1,unlabeled,c268e736-3706-4f9d-9da5-d5a089549c05,unlabeled,-1,0,0.5895925,0
data\unlabelled\c26a9f25-f9a6-49d3-b090-cb5b04287bc0.jpg,-1,unlabeled,c26a9f25-f9a6-49d3-b090-cb5b04287bc0,unlabeled,-1,0,0.592389,0
data\unlabelled\c2a80dba-936c-4924-9f26-6de0e9aa082f.jpg,-1,unlabeled,c2a80dba-936c-4924-9f26-6de0e9aa082f,unlabeled,-1,0,0.5554907,-1
data\unlabelled\c2a831ad-4d6e-45ec-a308-d873662a9fff.jpg,-1,unlabeled,c2a831ad-4d6e-45ec-a308-d873662a9fff,unlabeled,-1,0,0.58254313,-1
data\unlabelled\c2dc7b24-dcc4-46da-a400-8f5f733a2bb9.jpg,-1,unlabeled,c2dc7b24-dcc4-46da-a400-8f5f733a2bb9,unlabeled,-1,1,0.59821814,-1
data\unlabelled\c2feb010-0d6a-45c6-9fe8-4981b40daef4.jpg,-1,unlabeled,c2feb010-0d6a-45c6-9fe8-4981b40daef4,unlabeled,-1,1,0.60869884,1
data\unlabelled\c3305fd4-95c1-4761-bd6c-f8969a1f631e.jpg,-1,unlabeled,c3305fd4-95c1-4761-bd6c-f8969a1f631e,unlabeled,-1,0,0.59730726,0
data\unlabelled\c3548ce6-14fd-4747-99d2-a498ec2a89dc.jpg,-1,unlabeled,c3548ce6-14fd-4747-99d2-a498ec2a89dc,unlabeled,-1,0,0.59163785,0
data\unlabelled\c357845a-2ebc-4dec-a129-59c1b34283a1.jpg,-1,unlabeled,c357845a-2ebc-4dec-a129-59c1b34283a1,unlabeled,-1,1,0.56544274,-1
data\unlabelled\c38f8369-c2b1-41e3-a5ab-fd4c0cdafd3e.jpg,-1,unlabeled,c38f8369-c2b1-41e3-a5ab-fd4c0cdafd3e,unlabeled,-1,1,0.58988285,-1
data\unlabelled\c3b3d8bc-8c66-41fb-9cee-1e461377b8b8.jpg,-1,unlabeled,c3b3d8bc-8c66-41fb-9cee-1e461377b8b8,unlabeled,-1,0,0.5875832,0
data\unlabelled\c4ae2e45-ed52-4c37-b411-0f432b3e8b5b.jpg,-1,unlabeled,c4ae2e45-ed52-4c37-b411-0f432b3e8b5b,unlabeled,-1,1,0.5917183,-1
data\unlabelled\c4d9b988-8e7d-4f8c-9f67-d34f275a1c41.jpg,-1,unlabeled,c4d9b988-8e7d-4f8c-9f67-d34f275a1c41,unlabeled,-1,0,0.50343496,-1
data\unlabelled\c50d1338-01bb-4862-aa2e-b4e009052b7b.jpg,-1,unlabeled,c50d1338-01bb-4862-aa2e-b4e009052b7b,unlabeled,-1,0,0.57644165,-1
data\unlabelled\c51b239d-ea9f-4e39-851d-3d31c378e1c9.jpg,-1,unlabeled,c51b239d-ea9f-4e39-851d-3d31c378e1c9,unlabeled,-1,1,0.5902994,-1
data\unlabelled\c54fb914-ea29-4755-a55a-80694f6e12c2.jpg,-1,unlabeled,c54fb914-ea29-4755-a55a-80694f6e12c2,unlabeled,-1,1,0.57175946,-1
data\unlabelled\c5dbb237-8720-48a0-8413-b4659a622100.jpg,-1,unlabeled,c5dbb237-8720-48a0-8413-b4659a622100,unlabeled,-1,0,0.5245144,-1
data\unlabelled\c65e4953-4a81-4bc5-a85c-57d57704e3be.jpg,-1,unlabeled,c65e4953-4a81-4bc5-a85c-57d57704e3be,unlabeled,-1,1,0.57957345,-1
data\unlabelled\c6942443-0497-4e2c-898b-13a956249316.jpg,-1,unlabeled,c6942443-0497-4e2c-898b-13a956249316,unlabeled,-1,1,0.6305481,1
data\unlabelled\c697f7b8-a805-453b-9f5b-cf0b4f451a33.jpg,-1,unlabeled,c697f7b8-a805-453b-9f5b-cf0b4f451a33,unlabeled,-1,0,0.6009934,0
data\unlabelled\c6c9465b-6a3f-44d0-ad3a-06d0f7129afd.jpg,-1,unlabeled,c6c9465b-6a3f-44d0-ad3a-06d0f7129afd,unlabeled,-1,1,0.5706003,-1
data\unlabelled\c6fe9750-9be5-4537-abff-cbd0b5c331d2.jpg,-1,unlabeled,c6fe9750-9be5-4537-abff-cbd0b5c331d2,unlabeled,-1,0,0.59770024,0
data\unlabelled\c7045bd6-b179-4db6-aaf1-c7a494d7ca2c.jpg,-1,unlabeled,c7045bd6-b179-4db6-aaf1-c7a494d7ca2c,unlabeled,-1,1,0.58039534,-1
data\unlabelled\c7050e6d-4a2a-4089-9777-a16c76406873.jpg,-1,unlabeled,c7050e6d-4a2a-4089-9777-a16c76406873,unlabeled,-1,0,0.57683825,-1
data\unlabelled\c7173cc9-2971-4803-9490-9d43481b70e4.jpg,-1,unlabeled,c7173cc9-2971-4803-9490-9d43481b70e4,unlabeled,-1,0,0.53715956,-1
data\unlabelled\c74a8b21-5af5-42c7-bfed-aa96645fab2d.jpg,-1,unlabeled,c74a8b21-5af5-42c7-bfed-aa96645fab2d,unlabeled,-1,0,0.5574788,-1
data\unlabelled\c74fcab6-8da1-4f76-b150-4c0ecfa45b3f.jpg,-1,unlabeled,c74fcab6-8da1-4f76-b150-4c0ecfa45b3f,unlabeled,-1,0,0.5607691,-1
data\unlabelled\c75f863f-2106-4c73-bc21-1730b4399373.jpg,-1,unlabeled,c75f863f-2106-4c73-bc21-1730b4399373,unlabeled,-1,0,0.5143212,-1
data\unlabelled\c7cad843-f751-49a4-ab34-f812e74fc243.jpg,-1,unlabeled,c7cad843-f751-49a4-ab34-f812e74fc243,unlabeled,-1,1,0.5813839,-1
data\unlabelled\c803aed7-757d-42f7-92ee-363b9dc79499.jpg,-1,unlabeled,c803aed7-757d-42f7-92ee-363b9dc79499,unlabeled,-1,0,0.5799916,-1
data\unlabelled\c81630dc-6dd9-4faa-b19c-8f8bfad1d734.jpg,-1,unlabeled,c81630dc-6dd9-4faa-b19c-8f8bfad1d734,unlabeled,-1,1,0.6127162,1
data\unlabelled\c849d1d1-4c2e-4724-a671-3f6d42f77bfa.jpg,-1,unlabeled,c849d1d1-4c2e-4724-a671-3f6d42f77bfa,unlabeled,-1,0,0.5679063,-1
data\unlabelled\c856da77-71b1-4e2f-9ddb-93d279822202.jpg,-1,unlabeled,c856da77-71b1-4e2f-9ddb-93d279822202,unlabeled,-1,0,0.5907024,0
data\unlabelled\c85ad2ea-7d0a-4667-9705-8e94ada4e5ce.jpg,-1,unlabeled,c85ad2ea-7d0a-4667-9705-8e94ada4e5ce,unlabeled,-1,1,0.5538327,-1
data\unlabelled\c8955ada-d314-4ef4-9bdf-b8159669a58a.jpg,-1,unlabeled,c8955ada-d314-4ef4-9bdf-b8159669a58a,unlabeled,-1,1,0.62907326,1
data\unlabelled\c8ebc7e1-3459-48bc-a223-2b990f2c8bc1.jpg,-1,unlabeled,c8ebc7e1-3459-48bc-a223-2b990f2c8bc1,unlabeled,-1,0,0.5786205,-1
data\unlabelled\c916fc23-28a8-46cd-baae-ba91c6413489.jpg,-1,unlabeled,c916fc23-28a8-46cd-baae-ba91c6413489,unlabeled,-1,0,0.52487123,-1
data\unlabelled\c951c107-0e25-416a-9a84-6f6958ff1a8f.jpg,-1,unlabeled,c951c107-0e25-416a-9a84-6f6958ff1a8f,unlabeled,-1,1,0.614162,1
data\unlabelled\c96bf301-62e2-424e-8ac4-e6b80f60388a.jpg,-1,unlabeled,c96bf301-62e2-424e-8ac4-e6b80f60388a,unlabeled,-1,1,0.5948452,-1
data\unlabelled\c985dd7a-d3de-4c84-9266-953a930bd722.jpg,-1,unlabeled,c985dd7a-d3de-4c84-9266-953a930bd722,unlabeled,-1,0,0.52391404,-1
data\unlabelled\c9c47489-cccf-4acd-88ce-1d2943e5bb6e.jpg,-1,unlabeled,c9c47489-cccf-4acd-88ce-1d2943e5bb6e,unlabeled,-1,0,0.5798552,-1
data\unlabelled\ca1f5dd4-ad42-49c5-825e-403288d98532.jpg,-1,unlabeled,ca1f5dd4-ad42-49c5-825e-403288d98532,unlabeled,-1,0,0.5173896,-1
data\unlabelled\ca23f926-8c7a-4b3d-bc38-4df80d9ef7c7.jpg,-1,unlabeled,ca23f926-8c7a-4b3d-bc38-4df80d9ef7c7,unlabeled,-1,1,0.56985515,-1
data\unlabelled\ca2e8fcd-c573-4d34-b92c-3ea6c0e3e8f5.jpg,-1,unlabeled,ca2e8fcd-c573-4d34-b92c-3ea6c0e3e8f5,unlabeled,-1,1,0.5796951,-1
data\unlabelled\ca46237d-f96c-4c3f-ae44-e96a6765dbba.jpg,-1,unlabeled,ca46237d-f96c-4c3f-ae44-e96a6765dbba,unlabeled,-1,0,0.5631283,-1
data\unlabelled\ca4af252-283a-4391-9c9b-3355c9e4f63d.jpg,-1,unlabeled,ca4af252-283a-4391-9c9b-3355c9e4f63d,unlabeled,-1,0,0.55454636,-1
data\unlabelled\ca4c389b-8e9b-40d0-b149-1c81934ea251.jpg,-1,unlabeled,ca4c389b-8e9b-40d0-b149-1c81934ea251,unlabeled,-1,0,0.50097436,-1
data\unlabelled\caa89233-f38a-4c94-a06b-31be427c469f.jpg,-1,unlabeled,caa89233-f38a-4c94-a06b-31be427c469f,unlabeled,-1,1,0.5966797,-1
data\unlabelled\caccba4d-45cf-4224-a100-1fba0556a251.jpg,-1,unlabeled,caccba4d-45cf-4224-a100-1fba0556a251,unlabeled,-1,0,0.56052655,-1
data\unlabelled\cae04dd3-0b80-44f6-b7cf-e063e6ee3b41.jpg,-1,unlabeled,cae04dd3-0b80-44f6-b7cf-e063e6ee3b41,unlabeled,-1,0,0.5731412,-1
data\unlabelled\cb52c430-69e8-4b42-af50-d061c9416841.jpg,-1,unlabeled,cb52c430-69e8-4b42-af50-d061c9416841,unlabeled,-1,1,0.6221247,1
data\unlabelled\cb68947d-3c5e-4b0e-a389-5f988ddc32dc.jpg,-1,unlabeled,cb68947d-3c5e-4b0e-a389-5f988ddc32dc,unlabeled,-1,1,0.5821983,-1
data\unlabelled\cb6c7d10-bc8f-4c3c-aa6a-868b8897e4b4.jpg,-1,unlabeled,cb6c7d10-bc8f-4c3c-aa6a-868b8897e4b4,unlabeled,-1,1,0.59383243,-1
data\unlabelled\cb79220e-bebb-4328-87e5-917ca51607ed.jpg,-1,unlabeled,cb79220e-bebb-4328-87e5-917ca51607ed,unlabeled,-1,1,0.5948984,-1
data\unlabelled\cb7e304d-7a40-4092-afe3-a12844b6efed.jpg,-1,unlabeled,cb7e304d-7a40-4092-afe3-a12844b6efed,unlabeled,-1,0,0.53092885,-1
data\unlabelled\cbd10737-c463-46b0-9ddd-13f87c351984.jpg,-1,unlabeled,cbd10737-c463-46b0-9ddd-13f87c351984,unlabeled,-1,1,0.5384263,-1
data\unlabelled\cbe4196c-9d73-48aa-9719-4d0f8f3fcd32.jpg,-1,unlabeled,cbe4196c-9d73-48aa-9719-4d0f8f3fcd32,unlabeled,-1,1,0.5877129,-1
data\unlabelled\cc16dfb4-6bd5-45ef-b9b9-53df49f47dc0.jpg,-1,unlabeled,cc16dfb4-6bd5-45ef-b9b9-53df49f47dc0,unlabeled,-1,0,0.60030496,0
data\unlabelled\cc418ab8-4267-43b1-85ca-00462bc8ff27.jpg,-1,unlabeled,cc418ab8-4267-43b1-85ca-00462bc8ff27,unlabeled,-1,1,0.5694104,-1
data\unlabelled\cca25e7c-12af-4c98-ac09-608461469d78.jpg,-1,unlabeled,cca25e7c-12af-4c98-ac09-608461469d78,unlabeled,-1,0,0.55146235,-1
data\unlabelled\ccb13ab2-6120-447e-8e1d-56fa7971708f.jpg,-1,unlabeled,ccb13ab2-6120-447e-8e1d-56fa7971708f,unlabeled,-1,1,0.6071548,1
data\unlabelled\ccee99bd-8a46-42d0-a09b-a2b200dd8bc0.jpg,-1,unlabeled,ccee99bd-8a46-42d0-a09b-a2b200dd8bc0,unlabeled,-1,0,0.58990616,0
data\unlabelled\cd061095-1cd3-495e-b6ba-d1aec5b17381.jpg,-1,unlabeled,cd061095-1cd3-495e-b6ba-d1aec5b17381,unlabeled,-1,0,0.58793163,0
data\unlabelled\cd33e4c7-bcfd-4228-9976-d480100a74dd.jpg,-1,unlabeled,cd33e4c7-bcfd-4228-9976-d480100a74dd,unlabeled,-1,0,0.60418963,0
data\unlabelled\cd4ec45d-c01d-438c-9032-0b811159a980.jpg,-1,unlabeled,cd4ec45d-c01d-438c-9032-0b811159a980,unlabeled,-1,1,0.59168494,-1
data\unlabelled\cd80f16b-58b8-46a4-bb62-c5040bf63eeb.jpg,-1,unlabeled,cd80f16b-58b8-46a4-bb62-c5040bf63eeb,unlabeled,-1,0,0.5793545,-1
data\unlabelled\cd986f61-0bd8-4beb-bd9c-6962d00d59c2.jpg,-1,unlabeled,cd986f61-0bd8-4beb-bd9c-6962d00d59c2,unlabeled,-1,1,0.6000873,-1
data\unlabelled\cdab3f1d-500d-42ac-9607-eff2574279ea.jpg,-1,unlabeled,cdab3f1d-500d-42ac-9607-eff2574279ea,unlabeled,-1,0,0.5305692,-1
data\unlabelled\ceb0e444-4277-48af-965e-a0da2c952305.jpg,-1,unlabeled,ceb0e444-4277-48af-965e-a0da2c952305,unlabeled,-1,1,0.55300146,-1
data\unlabelled\cebb51d7-8c39-48fa-bb82-0d76501be768.jpg,-1,unlabeled,cebb51d7-8c39-48fa-bb82-0d76501be768,unlabeled,-1,1,0.59111,-1
data\unlabelled\cec1206e-7243-4fbc-8075-828f3eaa6f87.jpg,-1,unlabeled,cec1206e-7243-4fbc-8075-828f3eaa6f87,unlabeled,-1,1,0.590979,-1
data\unlabelled\cec5726d-6905-44fb-bc96-a5d8de605dab.jpg,-1,unlabeled,cec5726d-6905-44fb-bc96-a5d8de605dab,unlabeled,-1,1,0.5678947,-1
data\unlabelled\cf0cf298-45f4-4e43-a388-5a0d5f4b6095.jpg,-1,unlabeled,cf0cf298-45f4-4e43-a388-5a0d5f4b6095,unlabeled,-1,1,0.55465674,-1
data\unlabelled\cf1f019d-a700-43ac-878c-e8107bd89405.jpg,-1,unlabeled,cf1f019d-a700-43ac-878c-e8107bd89405,unlabeled,-1,1,0.5251578,-1
data\unlabelled\cf268860-0c5d-4366-b634-141e2bbac6e8.jpg,-1,unlabeled,cf268860-0c5d-4366-b634-141e2bbac6e8,unlabeled,-1,1,0.5700887,-1
data\unlabelled\cf3c52af-5549-4f92-a57e-46de32e14e82.jpg,-1,unlabeled,cf3c52af-5549-4f92-a57e-46de32e14e82,unlabeled,-1,1,0.60668135,1
data\unlabelled\cf6797cb-0a80-4fd9-9655-e9a34d71e5ab.jpg,-1,unlabeled,cf6797cb-0a80-4fd9-9655-e9a34d71e5ab,unlabeled,-1,1,0.5362473,-1
data\unlabelled\cf6f969e-47d6-4796-a0c1-cf6b2dbb7a42.jpg,-1,unlabeled,cf6f969e-47d6-4796-a0c1-cf6b2dbb7a42,unlabeled,-1,1,0.5804831,-1
data\unlabelled\cfcf574b-958c-4545-a823-c880dc2b4187.jpg,-1,unlabeled,cfcf574b-958c-4545-a823-c880dc2b4187,unlabeled,-1,1,0.6019496,-1
data\unlabelled\d01ff5af-6826-4ccd-96d0-23ba9c87fece.jpg,-1,unlabeled,d01ff5af-6826-4ccd-96d0-23ba9c87fece,unlabeled,-1,0,0.5741621,-1
data\unlabelled\d079d7c0-4ffd-4f31-92eb-f753c0241b1c.jpg,-1,unlabeled,d079d7c0-4ffd-4f31-92eb-f753c0241b1c,unlabeled,-1,0,0.5831051,-1
data\unlabelled\d0b3497e-5c45-4131-8e33-772abeffdb32.jpg,-1,unlabeled,d0b3497e-5c45-4131-8e33-772abeffdb32,unlabeled,-1,0,0.58522373,-1
data\unlabelled\d1285cba-dad1-4341-98a3-adad89f59293.jpg,-1,unlabeled,d1285cba-dad1-4341-98a3-adad89f59293,unlabeled,-1,1,0.5923294,-1
data\unlabelled\d134e654-ec17-49ae-8f06-386e65e0035f.jpg,-1,unlabeled,d134e654-ec17-49ae-8f06-386e65e0035f,unlabeled,-1,1,0.6050174,-1
data\unlabelled\d13b0b94-56e2-42b4-ba15-118e88182695.jpg,-1,unlabeled,d13b0b94-56e2-42b4-ba15-118e88182695,unlabeled,-1,0,0.51143503,-1
data\unlabelled\d145119d-4e08-491b-8766-fee7340ae353.jpg,-1,unlabeled,d145119d-4e08-491b-8766-fee7340ae353,unlabeled,-1,1,0.59443045,-1
data\unlabelled\d1459a4b-d693-41dd-84b1-743482796c97.jpg,-1,unlabeled,d1459a4b-d693-41dd-84b1-743482796c97,unlabeled,-1,0,0.60257655,0
data\unlabelled\d1e2f491-54bb-43d0-bc7e-fb7d33bca568.jpg,-1,unlabeled,d1e2f491-54bb-43d0-bc7e-fb7d33bca568,unlabeled,-1,0,0.5899365,0
data\unlabelled\d21475c8-c0f1-4a42-a38e-f567b088e541.jpg,-1,unlabeled,d21475c8-c0f1-4a42-a38e-f567b088e541,unlabeled,-1,1,0.55793655,-1
data\unlabelled\d2a035b7-4cf5-4a47-8e2c-b37344f54906.jpg,-1,unlabeled,d2a035b7-4cf5-4a47-8e2c-b37344f54906,unlabeled,-1,0,0.5715588,-1
data\unlabelled\d2eb84da-33f7-4c3d-88f4-3bd4d8f4b298.jpg,-1,unlabeled,d2eb84da-33f7-4c3d-88f4-3bd4d8f4b298,unlabeled,-1,1,0.5924749,-1
data\unlabelled\d32eb4d8-659b-4fac-8949-4efbcb8de115.jpg,-1,unlabeled,d32eb4d8-659b-4fac-8949-4efbcb8de115,unlabeled,-1,1,0.6085724,1
data\unlabelled\d34bebae-f6e3-4909-87c9-005a6a769642.jpg,-1,unlabeled,d34bebae-f6e3-4909-87c9-005a6a769642,unlabeled,-1,1,0.604748,-1
data\unlabelled\d3a9f98b-e591-4a84-b355-b11baa271060.jpg,-1,unlabeled,d3a9f98b-e591-4a84-b355-b11baa271060,unlabeled,-1,1,0.60203934,-1
data\unlabelled\d3b69f1b-5771-4e81-b15f-08ada54b414b.jpg,-1,unlabeled,d3b69f1b-5771-4e81-b15f-08ada54b414b,unlabeled,-1,1,0.61731344,1
data\unlabelled\d3c36cd4-2886-4a52-a303-6b0311f4558b.jpg,-1,unlabeled,d3c36cd4-2886-4a52-a303-6b0311f4558b,unlabeled,-1,1,0.56505555,-1
data\unlabelled\d3e432bb-88fd-4a3c-9116-45e4e7753244.jpg,-1,unlabeled,d3e432bb-88fd-4a3c-9116-45e4e7753244,unlabeled,-1,1,0.6225383,1
data\unlabelled\d41b45f0-ff39-43cd-a839-8f4999bf3b02.jpg,-1,unlabeled,d41b45f0-ff39-43cd-a839-8f4999bf3b02,unlabeled,-1,0,0.5358253,-1
data\unlabelled\d4497c4c-7c54-446b-bbaa-9baa85d83cc4.jpg,-1,unlabeled,d4497c4c-7c54-446b-bbaa-9baa85d83cc4,unlabeled,-1,1,0.5958347,-1
data\unlabelled\d47e799f-72ba-44a2-bf5d-7ae07ce44e30.jpg,-1,unlabeled,d47e799f-72ba-44a2-bf5d-7ae07ce44e30,unlabeled,-1,1,0.6025299,-1
data\unlabelled\d48d1803-107d-49bf-80d0-01b0809b9747.jpg,-1,unlabeled,d48d1803-107d-49bf-80d0-01b0809b9747,unlabeled,-1,1,0.5872743,-1
data\unlabelled\d49fa95c-5618-4044-a9f8-8951b53159cb.jpg,-1,unlabeled,d49fa95c-5618-4044-a9f8-8951b53159cb,unlabeled,-1,1,0.58645046,-1
data\unlabelled\d4a1159a-7792-4948-a646-e3ca6d4353a1.jpg,-1,unlabeled,d4a1159a-7792-4948-a646-e3ca6d4353a1,unlabeled,-1,1,0.5458181,-1
data\unlabelled\d4a9b08d-0fda-4550-b939-2fb71feb1c16.jpg,-1,unlabeled,d4a9b08d-0fda-4550-b939-2fb71feb1c16,unlabeled,-1,1,0.55024225,-1
data\unlabelled\d4b29b8d-2d7c-4856-8e61-6119104a1486.jpg,-1,unlabeled,d4b29b8d-2d7c-4856-8e61-6119104a1486,unlabeled,-1,0,0.58068585,-1
data\unlabelled\d4e48d7d-a758-48d0-820a-9bfca5247ff3.jpg,-1,unlabeled,d4e48d7d-a758-48d0-820a-9bfca5247ff3,unlabeled,-1,0,0.56666964,-1
data\unlabelled\d4e9afda-0833-4af9-ba63-152e615de954.jpg,-1,unlabeled,d4e9afda-0833-4af9-ba63-152e615de954,unlabeled,-1,0,0.5595158,-1
data\unlabelled\d4f8cf82-b040-4ed7-b166-5a13d18de163.jpg,-1,unlabeled,d4f8cf82-b040-4ed7-b166-5a13d18de163,unlabeled,-1,1,0.5876674,-1
data\unlabelled\d51fe3e6-8514-4b2c-aae8-40de18c3a086.jpg,-1,unlabeled,d51fe3e6-8514-4b2c-aae8-40de18c3a086,unlabeled,-1,0,0.61504656,0
data\unlabelled\d5208b23-e2c4-4d68-ad78-d68a7d13aa0e.jpg,-1,unlabeled,d5208b23-e2c4-4d68-ad78-d68a7d13aa0e,unlabeled,-1,1,0.5736269,-1
data\unlabelled\d52b603e-de7e-4923-9580-75ecf947f3bf.jpg,-1,unlabeled,d52b603e-de7e-4923-9580-75ecf947f3bf,unlabeled,-1,1,0.61887103,1
data\unlabelled\d566efbb-f76a-4f8c-a9b0-d5073aad669d.jpg,-1,unlabeled,d566efbb-f76a-4f8c-a9b0-d5073aad669d,unlabeled,-1,1,0.60131323,-1
data\unlabelled\d6a73655-128d-4625-ab70-ab7efad2e6a0.jpg,-1,unlabeled,d6a73655-128d-4625-ab70-ab7efad2e6a0,unlabeled,-1,1,0.5763612,-1
data\unlabelled\d6e6492e-d3f2-4799-89fb-9582ad25c7be.jpg,-1,unlabeled,d6e6492e-d3f2-4799-89fb-9582ad25c7be,unlabeled,-1,0,0.53885746,-1
data\unlabelled\d725d761-4d3e-462e-a0e6-8d86aac7930b.jpg,-1,unlabeled,d725d761-4d3e-462e-a0e6-8d86aac7930b,unlabeled,-1,0,0.5461478,-1
data\unlabelled\d72ef72f-db7a-4581-ad4e-b86cd54f8b6c.jpg,-1,unlabeled,d72ef72f-db7a-4581-ad4e-b86cd54f8b6c,unlabeled,-1,0,0.56216466,-1
data\unlabelled\d75b4b2e-f587-4d23-9795-cb74f398a246.jpg,-1,unlabeled,d75b4b2e-f587-4d23-9795-cb74f398a246,unlabeled,-1,1,0.57008266,-1
data\unlabelled\d77c68f7-fc7b-4271-95ef-f9fee3a0a411.jpg,-1,unlabeled,d77c68f7-fc7b-4271-95ef-f9fee3a0a411,unlabeled,-1,0,0.5699853,-1
data\unlabelled\d78d1699-60a9-4e5c-9e62-891e750cbab2.jpg,-1,unlabeled,d78d1699-60a9-4e5c-9e62-891e750cbab2,unlabeled,-1,1,0.51698667,-1
data\unlabelled\d7ba45a9-fa5b-42a8-9115-26f4b02b0d26.jpg,-1,unlabeled,d7ba45a9-fa5b-42a8-9115-26f4b02b0d26,unlabeled,-1,0,0.58820117,0
data\unlabelled\d80b13b0-2d9f-48c3-8f3b-c153e0592ea4.jpg,-1,unlabeled,d80b13b0-2d9f-48c3-8f3b-c153e0592ea4,unlabeled,-1,1,0.566871,-1
data\unlabelled\d80f6154-710e-4050-9b42-4e25e0427a67.jpg,-1,unlabeled,d80f6154-710e-4050-9b42-4e25e0427a67,unlabeled,-1,1,0.60653204,1
data\unlabelled\d85589aa-43da-4a65-92e8-6a045c778104.jpg,-1,unlabeled,d85589aa-43da-4a65-92e8-6a045c778104,unlabeled,-1,1,0.61699605,1
data\unlabelled\d8841e31-81fe-4aed-aace-477d090ce0a1.jpg,-1,unlabeled,d8841e31-81fe-4aed-aace-477d090ce0a1,unlabeled,-1,1,0.5882408,-1
data\unlabelled\d8a60e0b-1c69-4a5a-9d22-61496a1c0b62.jpg,-1,unlabeled,d8a60e0b-1c69-4a5a-9d22-61496a1c0b62,unlabeled,-1,0,0.5969184,0
data\unlabelled\d9041cf9-c600-4b70-8d1d-6b51a4bf8bd5.jpg,-1,unlabeled,d9041cf9-c600-4b70-8d1d-6b51a4bf8bd5,unlabeled,-1,0,0.5586522,-1
data\unlabelled\d909a015-9977-49ac-9620-1f8644d5c0a2.jpg,-1,unlabeled,d909a015-9977-49ac-9620-1f8644d5c0a2,unlabeled,-1,0,0.5579579,-1
data\unlabelled\d9cd7529-e1e5-47ec-bea6-e71bc5177b08.jpg,-1,unlabeled,d9cd7529-e1e5-47ec-bea6-e71bc5177b08,unlabeled,-1,1,0.5705155,-1
data\unlabelled\d9e61628-22de-403a-af05-a4ec0d7767f2.jpg,-1,unlabeled,d9e61628-22de-403a-af05-a4ec0d7767f2,unlabeled,-1,0,0.6021043,0
data\unlabelled\da060383-ecfe-4455-96f9-72e4218614fb.jpg,-1,unlabeled,da060383-ecfe-4455-96f9-72e4218614fb,unlabeled,-1,1,0.59385014,-1
data\unlabelled\da3f881a-a4fb-48a7-be65-6c393bcf9a4e.jpg,-1,unlabeled,da3f881a-a4fb-48a7-be65-6c393bcf9a4e,unlabeled,-1,1,0.60182714,-1
data\unlabelled\da45f349-f490-49d7-8fb6-c427c7ccf898.jpg,-1,unlabeled,da45f349-f490-49d7-8fb6-c427c7ccf898,unlabeled,-1,1,0.6295087,1
data\unlabelled\da5006db-24c8-4cd8-898a-65806cece24e.jpg,-1,unlabeled,da5006db-24c8-4cd8-898a-65806cece24e,unlabeled,-1,0,0.5660559,-1
data\unlabelled\da727f23-e44e-421e-b026-025b135696c4.jpg,-1,unlabeled,da727f23-e44e-421e-b026-025b135696c4,unlabeled,-1,0,0.5303836,-1
data\unlabelled\da97d7fe-ecc6-4288-a4bd-e2adbfd5b6af.jpg,-1,unlabeled,da97d7fe-ecc6-4288-a4bd-e2adbfd5b6af,unlabeled,-1,0,0.5317374,-1
data\unlabelled\da98b432-dd9d-434f-a2dc-b1871c574a6d.jpg,-1,unlabeled,da98b432-dd9d-434f-a2dc-b1871c574a6d,unlabeled,-1,1,0.59744525,-1
data\unlabelled\dab3f580-9417-4c84-9aa7-66b7d25e68fb.jpg,-1,unlabeled,dab3f580-9417-4c84-9aa7-66b7d25e68fb,unlabeled,-1,0,0.5648778,-1
data\unlabelled\db048b60-4059-403e-9325-5cf2c459d169.jpg,-1,unlabeled,db048b60-4059-403e-9325-5cf2c459d169,unlabeled,-1,1,0.62915707,1
data\unlabelled\db184476-333b-40f2-94af-1e4816bd7e58.jpg,-1,unlabeled,db184476-333b-40f2-94af-1e4816bd7e58,unlabeled,-1,1,0.60234284,-1
data\unlabelled\db6624a9-ef0a-45b1-934f-5f9d85458d40.jpg,-1,unlabeled,db6624a9-ef0a-45b1-934f-5f9d85458d40,unlabeled,-1,1,0.61545414,1
data\unlabelled\db87f1fa-f718-4bf4-821f-689d5d6e72a1.jpg,-1,unlabeled,db87f1fa-f718-4bf4-821f-689d5d6e72a1,unlabeled,-1,1,0.6054334,1
data\unlabelled\dba564f3-2f3a-416a-ae6b-f9716549c9ef.jpg,-1,unlabeled,dba564f3-2f3a-416a-ae6b-f9716549c9ef,unlabeled,-1,1,0.5463647,-1
data\unlabelled\dbd318e1-ffe0-406d-ab3d-2c5ab0ab2f2e.jpg,-1,unlabeled,dbd318e1-ffe0-406d-ab3d-2c5ab0ab2f2e,unlabeled,-1,1,0.6014812,-1
data\unlabelled\dc02d801-1fa9-40a5-8555-1e9d00475723.jpg,-1,unlabeled,dc02d801-1fa9-40a5-8555-1e9d00475723,unlabeled,-1,0,0.59510034,0
data\unlabelled\dc1bf07f-df38-49bf-8310-af79d9ccf51c.jpg,-1,unlabeled,dc1bf07f-df38-49bf-8310-af79d9ccf51c,unlabeled,-1,1,0.62942183,1
data\unlabelled\dc69e5ea-da2b-4060-b2ee-b2f29f2f914c.jpg,-1,unlabeled,dc69e5ea-da2b-4060-b2ee-b2f29f2f914c,unlabeled,-1,1,0.55730414,-1
data\unlabelled\dc7d9dff-d4c3-40a9-b395-241a0b78ac0a.jpg,-1,unlabeled,dc7d9dff-d4c3-40a9-b395-241a0b78ac0a,unlabeled,-1,1,0.52219224,-1
data\unlabelled\dd1afec0-2697-45b5-a0f2-e4e26acfce72.jpg,-1,unlabeled,dd1afec0-2697-45b5-a0f2-e4e26acfce72,unlabeled,-1,0,0.5271165,-1
data\unlabelled\dd2eb4e7-90a3-4801-ab47-b94dee64eab2.jpg,-1,unlabeled,dd2eb4e7-90a3-4801-ab47-b94dee64eab2,unlabeled,-1,0,0.59137243,0
data\unlabelled\dd53a762-0288-48a7-b130-4547e5a41004.jpg,-1,unlabeled,dd53a762-0288-48a7-b130-4547e5a41004,unlabeled,-1,1,0.6030755,-1
data\unlabelled\dd5f74ca-1881-4834-9908-477097ed8e20.jpg,-1,unlabeled,dd5f74ca-1881-4834-9908-477097ed8e20,unlabeled,-1,1,0.55159163,-1
data\unlabelled\dda4e1f7-3614-4903-a53f-45a9b838d785.jpg,-1,unlabeled,dda4e1f7-3614-4903-a53f-45a9b838d785,unlabeled,-1,0,0.5648267,-1
data\unlabelled\ddee2693-8c67-46ff-aaaa-6258cefa88d0.jpg,-1,unlabeled,ddee2693-8c67-46ff-aaaa-6258cefa88d0,unlabeled,-1,1,0.5655816,-1
data\unlabelled\ddf0c26b-3f44-422a-b2b4-b20ad5730424.jpg,-1,unlabeled,ddf0c26b-3f44-422a-b2b4-b20ad5730424,unlabeled,-1,1,0.5805625,-1
data\unlabelled\de106e37-d0be-4d89-b3c9-a6018a602838.jpg,-1,unlabeled,de106e37-d0be-4d89-b3c9-a6018a602838,unlabeled,-1,1,0.5659469,-1
data\unlabelled\de13eaea-429f-4c54-b2f4-b7cf1300f44c.jpg,-1,unlabeled,de13eaea-429f-4c54-b2f4-b7cf1300f44c,unlabeled,-1,0,0.59276885,0
data\unlabelled\de19d8fc-0059-4bbe-b6df-d10b68613494.jpg,-1,unlabeled,de19d8fc-0059-4bbe-b6df-d10b68613494,unlabeled,-1,0,0.5691539,-1
data\unlabelled\de1c68e5-fbc2-48a4-a19f-c5c8905b9b24.jpg,-1,unlabeled,de1c68e5-fbc2-48a4-a19f-c5c8905b9b24,unlabeled,-1,0,0.6166178,0
data\unlabelled\de4a58ef-0572-499a-8b39-437d6605102e.jpg,-1,unlabeled,de4a58ef-0572-499a-8b39-437d6605102e,unlabeled,-1,1,0.57339776,-1
data\unlabelled\de57e8f2-a210-4d05-bd94-bc19109592ac.jpg,-1,unlabeled,de57e8f2-a210-4d05-bd94-bc19109592ac,unlabeled,-1,1,0.5178292,-1
data\unlabelled\de98c91a-04b8-49b4-a7ab-084cd6bbda35.jpg,-1,unlabeled,de98c91a-04b8-49b4-a7ab-084cd6bbda35,unlabeled,-1,1,0.59758955,-1
data\unlabelled\df1daf0e-8da4-4cb2-b0d9-b539980d292b.jpg,-1,unlabeled,df1daf0e-8da4-4cb2-b0d9-b539980d292b,unlabeled,-1,0,0.56315875,-1
data\unlabelled\df677e2c-cf70-4a66-8c01-53bf805c8956.jpg,-1,unlabeled,df677e2c-cf70-4a66-8c01-53bf805c8956,unlabeled,-1,1,0.5806597,-1
data\unlabelled\df9ced05-9dc8-4d23-9b5b-ba587bd8d732.jpg,-1,unlabeled,df9ced05-9dc8-4d23-9b5b-ba587bd8d732,unlabeled,-1,0,0.5590022,-1
data\unlabelled\dfd03d67-6c4c-46c7-be16-7eb248e6225b.jpg,-1,unlabeled,dfd03d67-6c4c-46c7-be16-7eb248e6225b,unlabeled,-1,1,0.5417586,-1
data\unlabelled\e01c1cb3-c26c-4426-931e-a51b0f0217dd.jpg,-1,unlabeled,e01c1cb3-c26c-4426-931e-a51b0f0217dd,unlabeled,-1,1,0.60670805,1
data\unlabelled\e02525d9-b8a5-417c-a68e-ba1647a63b34.jpg,-1,unlabeled,e02525d9-b8a5-417c-a68e-ba1647a63b34,unlabeled,-1,1,0.62501997,1
data\unlabelled\e04ed68c-5e2b-4a7f-8264-48d99160e937.jpg,-1,unlabeled,e04ed68c-5e2b-4a7f-8264-48d99160e937,unlabeled,-1,1,0.60013586,-1
data\unlabelled\e061d740-3845-4d3b-a801-0e69b5731e41.jpg,-1,unlabeled,e061d740-3845-4d3b-a801-0e69b5731e41,unlabeled,-1,1,0.5592053,-1
data\unlabelled\e0b8c2ee-5521-4b40-8196-5ae4dee04737.jpg,-1,unlabeled,e0b8c2ee-5521-4b40-8196-5ae4dee04737,unlabeled,-1,0,0.5625752,-1
data\unlabelled\e0e5275a-7c43-43ea-8ab8-a174f6468481.jpg,-1,unlabeled,e0e5275a-7c43-43ea-8ab8-a174f6468481,unlabeled,-1,1,0.60693294,1
data\unlabelled\e0f9dcd2-d272-402f-bf67-835a41703e13.jpg,-1,unlabeled,e0f9dcd2-d272-402f-bf67-835a41703e13,unlabeled,-1,1,0.6060937,1
data\unlabelled\e1032fbf-6ca4-4df6-bcc8-ae1f48d66f87.jpg,-1,unlabeled,e1032fbf-6ca4-4df6-bcc8-ae1f48d66f87,unlabeled,-1,1,0.5567916,-1
data\unlabelled\e1a64f26-0a88-4168-9512-e9444df90d9c.jpg,-1,unlabeled,e1a64f26-0a88-4168-9512-e9444df90d9c,unlabeled,-1,1,0.571101,-1
data\unlabelled\e1eb7488-1453-4ba7-b7ba-380a7821d501.jpg,-1,unlabeled,e1eb7488-1453-4ba7-b7ba-380a7821d501,unlabeled,-1,1,0.5869563,-1
data\unlabelled\e1f0b2f9-7016-439b-ae96-b10a4f1b75b1.jpg,-1,unlabeled,e1f0b2f9-7016-439b-ae96-b10a4f1b75b1,unlabeled,-1,0,0.6199465,0
data\unlabelled\e237e598-a7da-4a94-9427-c3ddf64ca667.jpg,-1,unlabeled,e237e598-a7da-4a94-9427-c3ddf64ca667,unlabeled,-1,1,0.5771215,-1
data\unlabelled\e25854ec-d42e-4d75-b225-3ffbba81bd9e.jpg,-1,unlabeled,e25854ec-d42e-4d75-b225-3ffbba81bd9e,unlabeled,-1,1,0.5855298,-1
data\unlabelled\e2819c3d-f34b-4a6c-b629-e5fa88936e6d.jpg,-1,unlabeled,e2819c3d-f34b-4a6c-b629-e5fa88936e6d,unlabeled,-1,1,0.584476,-1
data\unlabelled\e29b6621-61bd-41cb-9039-8ba0748c77cc.jpg,-1,unlabeled,e29b6621-61bd-41cb-9039-8ba0748c77cc,unlabeled,-1,1,0.55973744,-1
data\unlabelled\e2e331c7-2658-4a22-afef-59a66e2e36f5.jpg,-1,unlabeled,e2e331c7-2658-4a22-afef-59a66e2e36f5,unlabeled,-1,0,0.5764798,-1
data\unlabelled\e3102899-9a33-4b7b-937e-debb6d16aeb1.jpg,-1,unlabeled,e3102899-9a33-4b7b-937e-debb6d16aeb1,unlabeled,-1,1,0.5855045,-1
data\unlabelled\e31ccf86-45ab-42b1-9cb2-46f7ac5970a1.jpg,-1,unlabeled,e31ccf86-45ab-42b1-9cb2-46f7ac5970a1,unlabeled,-1,0,0.5562623,-1
data\unlabelled\e325c59e-b404-47e3-a101-a4a2487000a4.jpg,-1,unlabeled,e325c59e-b404-47e3-a101-a4a2487000a4,unlabeled,-1,1,0.59179157,-1
data\unlabelled\e3387ccf-a03b-436d-a689-47b2e99cef26.jpg,-1,unlabeled,e3387ccf-a03b-436d-a689-47b2e99cef26,unlabeled,-1,1,0.5893128,-1
data\unlabelled\e33926b9-f786-48d3-8690-6720daea325c.jpg,-1,unlabeled,e33926b9-f786-48d3-8690-6720daea325c,unlabeled,-1,1,0.54430974,-1
data\unlabelled\e37116d4-26f1-4aec-b4fa-f51d00435a33.jpg,-1,unlabeled,e37116d4-26f1-4aec-b4fa-f51d00435a33,unlabeled,-1,0,0.60311604,0
data\unlabelled\e3740498-dab1-4a62-b093-a667c738b6bb.jpg,-1,unlabeled,e3740498-dab1-4a62-b093-a667c738b6bb,unlabeled,-1,1,0.59973955,-1
data\unlabelled\e37c973d-ce02-47b5-aa9d-726ee50a0495.jpg,-1,unlabeled,e37c973d-ce02-47b5-aa9d-726ee50a0495,unlabeled,-1,1,0.58036774,-1
data\unlabelled\e3821332-345c-4d90-a70f-4d7e459569dd.jpg,-1,unlabeled,e3821332-345c-4d90-a70f-4d7e459569dd,unlabeled,-1,0,0.5530247,-1
data\unlabelled\e3c09bf9-708c-4934-87ca-1bbe5b21f0d3.jpg,-1,unlabeled,e3c09bf9-708c-4934-87ca-1bbe5b21f0d3,unlabeled,-1,1,0.604573,-1
data\unlabelled\e435db67-2d1f-472d-950c-079edf57fadd.jpg,-1,unlabeled,e435db67-2d1f-472d-950c-079edf57fadd,unlabeled,-1,0,0.554342,-1
data\unlabelled\e46a0c90-ec2d-41e3-942d-15e749b5da98.jpg,-1,unlabeled,e46a0c90-ec2d-41e3-942d-15e749b5da98,unlabeled,-1,0,0.5502234,-1
data\unlabelled\e4830e27-67b7-4086-bc6f-d68d8e081f20.jpg,-1,unlabeled,e4830e27-67b7-4086-bc6f-d68d8e081f20,unlabeled,-1,0,0.5499682,-1
data\unlabelled\e4ae580f-2ed4-4203-9b0e-56892b986336.jpg,-1,unlabeled,e4ae580f-2ed4-4203-9b0e-56892b986336,unlabeled,-1,0,0.510368,-1
data\unlabelled\e4cb8806-6b55-49e7-aec0-f98f96c7f1c1.jpg,-1,unlabeled,e4cb8806-6b55-49e7-aec0-f98f96c7f1c1,unlabeled,-1,0,0.5530669,-1
data\unlabelled\e50940e5-a20a-4eb7-8c06-cb77a0123158.jpg,-1,unlabeled,e50940e5-a20a-4eb7-8c06-cb77a0123158,unlabeled,-1,1,0.5858576,-1
data\unlabelled\e554e606-348a-47c4-a6cc-aa3c2194f631.jpg,-1,unlabeled,e554e606-348a-47c4-a6cc-aa3c2194f631,unlabeled,-1,1,0.6189542,1
data\unlabelled\e596b9ee-1cc4-4bac-944f-fc380a5b924a.jpg,-1,unlabeled,e596b9ee-1cc4-4bac-944f-fc380a5b924a,unlabeled,-1,0,0.5555921,-1
data\unlabelled\e657f03a-f04a-4493-baa6-ccb7848c8fe7.jpg,-1,unlabeled,e657f03a-f04a-4493-baa6-ccb7848c8fe7,unlabeled,-1,0,0.54583704,-1
data\unlabelled\e676b449-e191-429e-bd03-d5488754a242.jpg,-1,unlabeled,e676b449-e191-429e-bd03-d5488754a242,unlabeled,-1,1,0.5722052,-1
data\unlabelled\e69bc3be-ff42-4189-b00a-bc077cf2a284.jpg,-1,unlabeled,e69bc3be-ff42-4189-b00a-bc077cf2a284,unlabeled,-1,0,0.58216536,-1
data\unlabelled\e69ebe3b-de3e-4873-b19a-845a88bd82f2.jpg,-1,unlabeled,e69ebe3b-de3e-4873-b19a-845a88bd82f2,unlabeled,-1,1,0.5742656,-1
data\unlabelled\e6a1fd23-d912-4365-be9f-94f1d863566d.jpg,-1,unlabeled,e6a1fd23-d912-4365-be9f-94f1d863566d,unlabeled,-1,1,0.5687483,-1
data\unlabelled\e6c71dca-2fbf-4534-8003-b007d6d2f01f.jpg,-1,unlabeled,e6c71dca-2fbf-4534-8003-b007d6d2f01f,unlabeled,-1,0,0.5806166,-1
data\unlabelled\e6f11dd9-7f43-44b2-a92c-0331a75b1479.jpg,-1,unlabeled,e6f11dd9-7f43-44b2-a92c-0331a75b1479,unlabeled,-1,1,0.5977468,-1
data\unlabelled\e70d0fb8-18b5-4d81-9e36-770a43ff8bc0.jpg,-1,unlabeled,e70d0fb8-18b5-4d81-9e36-770a43ff8bc0,unlabeled,-1,0,0.5398801,-1
data\unlabelled\e7105e28-cf5d-4fd4-82ab-e5a70966436c.jpg,-1,unlabeled,e7105e28-cf5d-4fd4-82ab-e5a70966436c,unlabeled,-1,1,0.58871007,-1
data\unlabelled\e71917e5-06af-4d12-855f-1066bff881a6.jpg,-1,unlabeled,e71917e5-06af-4d12-855f-1066bff881a6,unlabeled,-1,0,0.59411603,0
data\unlabelled\e7b6d77b-bc2b-4eaf-9037-9cf275ce5a48.jpg,-1,unlabeled,e7b6d77b-bc2b-4eaf-9037-9cf275ce5a48,unlabeled,-1,1,0.59464514,-1
data\unlabelled\e7f5be64-b2c8-4a5d-887b-30525048c54f.jpg,-1,unlabeled,e7f5be64-b2c8-4a5d-887b-30525048c54f,unlabeled,-1,0,0.60191214,0
data\unlabelled\e82984f0-ff5a-412e-9f76-ba6d93d7d2d6.jpg,-1,unlabeled,e82984f0-ff5a-412e-9f76-ba6d93d7d2d6,unlabeled,-1,1,0.6043422,-1
data\unlabelled\e85b1c50-29ad-4392-ac27-7fb2fc6787d7.jpg,-1,unlabeled,e85b1c50-29ad-4392-ac27-7fb2fc6787d7,unlabeled,-1,1,0.57682556,-1
data\unlabelled\e8c5c861-755f-4a34-b15a-292e9fd05a33.jpg,-1,unlabeled,e8c5c861-755f-4a34-b15a-292e9fd05a33,unlabeled,-1,1,0.5750581,-1
data\unlabelled\e8d7f610-23c8-4767-b9c3-05397f2e420c.jpg,-1,unlabeled,e8d7f610-23c8-4767-b9c3-05397f2e420c,unlabeled,-1,1,0.5259662,-1
data\unlabelled\e91ff2a7-3285-4448-bcf3-564247f2e988.jpg,-1,unlabeled,e91ff2a7-3285-4448-bcf3-564247f2e988,unlabeled,-1,1,0.60837907,1
data\unlabelled\e958d39e-701e-4744-96a1-8916338904d7.jpg,-1,unlabeled,e958d39e-701e-4744-96a1-8916338904d7,unlabeled,-1,1,0.5622865,-1
data\unlabelled\e9721e3a-e3c6-4a09-9b30-3c82b809069e.jpg,-1,unlabeled,e9721e3a-e3c6-4a09-9b30-3c82b809069e,unlabeled,-1,0,0.5191205,-1
data\unlabelled\e974d081-5f30-4a37-ae0c-560a40a3d3b6.jpg,-1,unlabeled,e974d081-5f30-4a37-ae0c-560a40a3d3b6,unlabeled,-1,1,0.58642316,-1
data\unlabelled\e998d78e-42b9-44c4-b7ea-0b4cbe6b250d.jpg,-1,unlabeled,e998d78e-42b9-44c4-b7ea-0b4cbe6b250d,unlabeled,-1,1,0.58291835,-1
data\unlabelled\e9e0a6e5-db85-431a-b015-a86c65f06776.jpg,-1,unlabeled,e9e0a6e5-db85-431a-b015-a86c65f06776,unlabeled,-1,0,0.5787776,-1
data\unlabelled\e9f6d279-0737-4ea3-b13c-59ff52bf016d.jpg,-1,unlabeled,e9f6d279-0737-4ea3-b13c-59ff52bf016d,unlabeled,-1,1,0.5963766,-1
data\unlabelled\ea0f9b11-26a3-4c46-b323-81010860c9b1.jpg,-1,unlabeled,ea0f9b11-26a3-4c46-b323-81010860c9b1,unlabeled,-1,0,0.5786205,-1
data\unlabelled\ea1df053-c052-4e74-a728-af2a197589b8.jpg,-1,unlabeled,ea1df053-c052-4e74-a728-af2a197589b8,unlabeled,-1,0,0.54143727,-1
data\unlabelled\ea40a05f-f03c-4923-aa49-11b27e3e9d57.jpg,-1,unlabeled,ea40a05f-f03c-4923-aa49-11b27e3e9d57,unlabeled,-1,1,0.52259654,-1
data\unlabelled\ea6aaf17-9aec-4254-a5aa-a90e6866751f.jpg,-1,unlabeled,ea6aaf17-9aec-4254-a5aa-a90e6866751f,unlabeled,-1,1,0.6016689,-1
data\unlabelled\ea7cd9df-e4e5-42d8-926b-7fa218c92918.jpg,-1,unlabeled,ea7cd9df-e4e5-42d8-926b-7fa218c92918,unlabeled,-1,1,0.5998418,-1
data\unlabelled\ea862723-cd8a-40d1-bce6-a004996997d8.jpg,-1,unlabeled,ea862723-cd8a-40d1-bce6-a004996997d8,unlabeled,-1,0,0.5713361,-1
data\unlabelled\ea962881-8a48-41a4-ae4a-ec6819d348c3.jpg,-1,unlabeled,ea962881-8a48-41a4-ae4a-ec6819d348c3,unlabeled,-1,0,0.5854693,-1
data\unlabelled\eb516a02-32f0-4bd5-b7d9-fe046df5ffc8.jpg,-1,unlabeled,eb516a02-32f0-4bd5-b7d9-fe046df5ffc8,unlabeled,-1,1,0.6142753,1
data\unlabelled\eb986a31-64da-4e15-8246-16f8f6668649.jpg,-1,unlabeled,eb986a31-64da-4e15-8246-16f8f6668649,unlabeled,-1,0,0.5851483,-1
data\unlabelled\ebce2527-8c08-42dc-8880-ee8f180b0f9f.jpg,-1,unlabeled,ebce2527-8c08-42dc-8880-ee8f180b0f9f,unlabeled,-1,1,0.5873853,-1
data\unlabelled\ec526767-f086-4dbe-ae3a-412f79a9edd0.jpg,-1,unlabeled,ec526767-f086-4dbe-ae3a-412f79a9edd0,unlabeled,-1,0,0.5568997,-1
data\unlabelled\ec607df6-c21e-47c3-a8bd-bf381690cb7e.jpg,-1,unlabeled,ec607df6-c21e-47c3-a8bd-bf381690cb7e,unlabeled,-1,0,0.5842495,-1
data\unlabelled\eca6422c-b1dd-4d70-a161-cce649119176.jpg,-1,unlabeled,eca6422c-b1dd-4d70-a161-cce649119176,unlabeled,-1,0,0.57962835,-1
data\unlabelled\ecb564c0-9102-4916-82c5-823bf4d7ac33.jpg,-1,unlabeled,ecb564c0-9102-4916-82c5-823bf4d7ac33,unlabeled,-1,1,0.61823666,1
data\unlabelled\ecd494ef-9aed-48e7-a2a3-99c91b46bfed.jpg,-1,unlabeled,ecd494ef-9aed-48e7-a2a3-99c91b46bfed,unlabeled,-1,1,0.55054563,-1
data\unlabelled\ecdd85a0-adc9-4db5-acb5-23c4b010ead1.jpg,-1,unlabeled,ecdd85a0-adc9-4db5-acb5-23c4b010ead1,unlabeled,-1,0,0.5364116,-1
data\unlabelled\ed07b9e0-d1b3-4a93-bdc7-c77c3b5037d9.jpg,-1,unlabeled,ed07b9e0-d1b3-4a93-bdc7-c77c3b5037d9,unlabeled,-1,0,0.57677364,-1
data\unlabelled\ed19a5b5-cf55-4914-be64-ec18ef8a896d.jpg,-1,unlabeled,ed19a5b5-cf55-4914-be64-ec18ef8a896d,unlabeled,-1,1,0.5653641,-1
data\unlabelled\ed1fea6a-ba35-471e-963e-05ee5d67fd63.jpg,-1,unlabeled,ed1fea6a-ba35-471e-963e-05ee5d67fd63,unlabeled,-1,1,0.5574379,-1
data\unlabelled\ed723d8e-2323-4570-87a3-938e3e1c3a32.jpg,-1,unlabeled,ed723d8e-2323-4570-87a3-938e3e1c3a32,unlabeled,-1,0,0.56974936,-1
data\unlabelled\ed88b3db-1d6c-44c5-9e08-30c4a040910c.jpg,-1,unlabeled,ed88b3db-1d6c-44c5-9e08-30c4a040910c,unlabeled,-1,1,0.603924,-1
data\unlabelled\ed88b81e-bd84-4048-a38a-a59259f51dc2.jpg,-1,unlabeled,ed88b81e-bd84-4048-a38a-a59259f51dc2,unlabeled,-1,0,0.5414644,-1
data\unlabelled\edb3ee76-6415-4115-b3de-2968b0be5006.jpg,-1,unlabeled,edb3ee76-6415-4115-b3de-2968b0be5006,unlabeled,-1,0,0.57432115,-1
data\unlabelled\ee0737c2-8bbd-4a77-b531-dd8fa5e3dcd9.jpg,-1,unlabeled,ee0737c2-8bbd-4a77-b531-dd8fa5e3dcd9,unlabeled,-1,1,0.56941575,-1
data\unlabelled\ee6a4eb1-2297-45aa-a9d6-706a9dc84004.jpg,-1,unlabeled,ee6a4eb1-2297-45aa-a9d6-706a9dc84004,unlabeled,-1,0,0.5299178,-1
data\unlabelled\ee751cc3-cfee-4744-9f2d-16b177562ec1.jpg,-1,unlabeled,ee751cc3-cfee-4744-9f2d-16b177562ec1,unlabeled,-1,1,0.6095941,1
data\unlabelled\ee7a051d-5eb9-4d36-9eac-d0f1e6749978.jpg,-1,unlabeled,ee7a051d-5eb9-4d36-9eac-d0f1e6749978,unlabeled,-1,1,0.5458181,-1
data\unlabelled\ee86a462-65df-4c23-88cf-3d92e54de3f5.jpg,-1,unlabeled,ee86a462-65df-4c23-88cf-3d92e54de3f5,unlabeled,-1,0,0.5801195,-1
data\unlabelled\ee966356-43c4-4f71-9de8-6e958eda1667.jpg,-1,unlabeled,ee966356-43c4-4f71-9de8-6e958eda1667,unlabeled,-1,0,0.5209958,-1
data\unlabelled\eeb3d054-1112-4072-af58-8311d03fdba6.jpg,-1,unlabeled,eeb3d054-1112-4072-af58-8311d03fdba6,unlabeled,-1,1,0.5660885,-1
data\unlabelled\eebd905c-ee0f-44aa-a33f-fea3fab843a0.jpg,-1,unlabeled,eebd905c-ee0f-44aa-a33f-fea3fab843a0,unlabeled,-1,0,0.59242105,0
data\unlabelled\eec0feb3-3b9f-44d7-9ac0-b214a43c45de.jpg,-1,unlabeled,eec0feb3-3b9f-44d7-9ac0-b214a43c45de,unlabeled,-1,1,0.59580445,-1
data\unlabelled\ef7ead73-4d2a-4c20-a056-5ded13f40bfd.jpg,-1,unlabeled,ef7ead73-4d2a-4c20-a056-5ded13f40bfd,unlabeled,-1,0,0.51748925,-1
data\unlabelled\efb81603-c141-472b-98de-fcde557bd1dd.jpg,-1,unlabeled,efb81603-c141-472b-98de-fcde557bd1dd,unlabeled,-1,1,0.58655864,-1
data\unlabelled\f010521c-2129-4b45-8799-2bcc3da4557f.jpg,-1,unlabeled,f010521c-2129-4b45-8799-2bcc3da4557f,unlabeled,-1,1,0.6046956,-1
data\unlabelled\f028075c-66fb-4764-acfb-39b1daeba4e6.jpg,-1,unlabeled,f028075c-66fb-4764-acfb-39b1daeba4e6,unlabeled,-1,0,0.5786978,-1
data\unlabelled\f052ad55-d9ab-446a-a19d-e85ff46f138c.jpg,-1,unlabeled,f052ad55-d9ab-446a-a19d-e85ff46f138c,unlabeled,-1,0,0.58076596,-1
data\unlabelled\f059ae69-f3e0-4c16-8fbb-0b8c94ea31a1.jpg,-1,unlabeled,f059ae69-f3e0-4c16-8fbb-0b8c94ea31a1,unlabeled,-1,1,0.5464159,-1
data\unlabelled\f0a21a25-1da2-41c1-b865-dbd187114858.jpg,-1,unlabeled,f0a21a25-1da2-41c1-b865-dbd187114858,unlabeled,-1,1,0.5865023,-1
data\unlabelled\f0b03911-2262-43b9-9e50-30a1bf93f2e0.jpg,-1,unlabeled,f0b03911-2262-43b9-9e50-30a1bf93f2e0,unlabeled,-1,0,0.54093486,-1
data\unlabelled\f120f5fe-495f-43aa-a88e-5cc023edf594.jpg,-1,unlabeled,f120f5fe-495f-43aa-a88e-5cc023edf594,unlabeled,-1,1,0.5753385,-1
data\unlabelled\f1917d55-39f9-4ed9-9e49-f65c7b15a875.jpg,-1,unlabeled,f1917d55-39f9-4ed9-9e49-f65c7b15a875,unlabeled,-1,0,0.57004756,-1
data\unlabelled\f1984eff-6b19-4ca7-b623-9c757249bf04.jpg,-1,unlabeled,f1984eff-6b19-4ca7-b623-9c757249bf04,unlabeled,-1,1,0.569946,-1
data\unlabelled\f199a8c8-85b6-49f4-bebc-f5ba26ff7852.jpg,-1,unlabeled,f199a8c8-85b6-49f4-bebc-f5ba26ff7852,unlabeled,-1,0,0.5622074,-1
data\unlabelled\f19d1ab2-b3ec-439b-8b5b-2b455aee74ae.jpg,-1,unlabeled,f19d1ab2-b3ec-439b-8b5b-2b455aee74ae,unlabeled,-1,0,0.5844843,-1
data\unlabelled\f19f8e50-18dd-4979-861e-4fb0062c0a98.jpg,-1,unlabeled,f19f8e50-18dd-4979-861e-4fb0062c0a98,unlabeled,-1,1,0.55478954,-1
data\unlabelled\f1c28168-17e9-41ce-88b8-1f0bcc8c5cc6.jpg,-1,unlabeled,f1c28168-17e9-41ce-88b8-1f0bcc8c5cc6,unlabeled,-1,0,0.55681664,-1
data\unlabelled\f1c3b35d-c786-4675-a685-8801b87bbf20.jpg,-1,unlabeled,f1c3b35d-c786-4675-a685-8801b87bbf20,unlabeled,-1,1,0.61492693,1
data\unlabelled\f20fb1f7-b654-4f7e-81d9-6ffa24df7d19.jpg,-1,unlabeled,f20fb1f7-b654-4f7e-81d9-6ffa24df7d19,unlabeled,-1,0,0.51895934,-1
data\unlabelled\f210f98e-7d24-48a4-9171-004b6f52de5e.jpg,-1,unlabeled,f210f98e-7d24-48a4-9171-004b6f52de5e,unlabeled,-1,1,0.5657753,-1
data\unlabelled\f21ee0ed-2d90-451b-a280-5c6ce0f1c721.jpg,-1,unlabeled,f21ee0ed-2d90-451b-a280-5c6ce0f1c721,unlabeled,-1,1,0.59193695,-1
data\unlabelled\f2dc984e-3f0f-4d13-9301-f9e0b0e4e51e.jpg,-1,unlabeled,f2dc984e-3f0f-4d13-9301-f9e0b0e4e51e,unlabeled,-1,1,0.53220975,-1
data\unlabelled\f2dd3eb8-320d-4e4a-b6d3-f76642ac654d.jpg,-1,unlabeled,f2dd3eb8-320d-4e4a-b6d3-f76642ac654d,unlabeled,-1,0,0.49251616,-1
data\unlabelled\f2e48e96-9d99-4e4c-a492-618674724d8d.jpg,-1,unlabeled,f2e48e96-9d99-4e4c-a492-618674724d8d,unlabeled,-1,1,0.60406584,-1
data\unlabelled\f2f55cc9-c4ed-4aaf-b6dc-6ea55f213df8.jpg,-1,unlabeled,f2f55cc9-c4ed-4aaf-b6dc-6ea55f213df8,unlabeled,-1,0,0.5049373,-1
data\unlabelled\f2f97064-fd8d-4147-95cd-a180cfcfb913.jpg,-1,unlabeled,f2f97064-fd8d-4147-95cd-a180cfcfb913,unlabeled,-1,0,0.5729844,-1
data\unlabelled\f324adf2-d0b4-4a5f-a648-6ac586eabd9a.jpg,-1,unlabeled,f324adf2-d0b4-4a5f-a648-6ac586eabd9a,unlabeled,-1,1,0.58355194,-1
data\unlabelled\f35bfd59-19e6-4ec8-85b6-0fef8699f961.jpg,-1,unlabeled,f35bfd59-19e6-4ec8-85b6-0fef8699f961,unlabeled,-1,0,0.5437655,-1
data\unlabelled\f3bd1d86-a448-4578-a47c-9a4c826403b1.jpg,-1,unlabeled,f3bd1d86-a448-4578-a47c-9a4c826403b1,unlabeled,-1,0,0.5801375,-1
data\unlabelled\f3e24bd0-fc83-4eab-9ef7-23ecbc239db6.jpg,-1,unlabeled,f3e24bd0-fc83-4eab-9ef7-23ecbc239db6,unlabeled,-1,1,0.6078507,1
data\unlabelled\f4047893-67fd-4a03-b0b6-dd7ecde83e41.jpg,-1,unlabeled,f4047893-67fd-4a03-b0b6-dd7ecde83e41,unlabeled,-1,0,0.56440616,-1
data\unlabelled\f4067a4d-8d5b-4823-9a3f-741fafc822c2.jpg,-1,unlabeled,f4067a4d-8d5b-4823-9a3f-741fafc822c2,unlabeled,-1,0,0.4948819,-1
data\unlabelled\f416fc93-9b7d-4211-88be-e09539b1f9b1.jpg,-1,unlabeled,f416fc93-9b7d-4211-88be-e09539b1f9b1,unlabeled,-1,1,0.6177832,1
data\unlabelled\f44bf673-7385-48e9-90c1-7a154bbf27f7.jpg,-1,unlabeled,f44bf673-7385-48e9-90c1-7a154bbf27f7,unlabeled,-1,1,0.58261555,-1
data\unlabelled\f496cf0b-abc1-4714-9efc-f521e53d98a9.jpg,-1,unlabeled,f496cf0b-abc1-4714-9efc-f521e53d98a9,unlabeled,-1,1,0.6326459,1
data\unlabelled\f4a379d3-af24-4114-a7c7-2765cd83f7d5.jpg,-1,unlabeled,f4a379d3-af24-4114-a7c7-2765cd83f7d5,unlabeled,-1,1,0.5922473,-1
data\unlabelled\f4f16fea-acba-43fb-b742-3b6b9c9243b0.jpg,-1,unlabeled,f4f16fea-acba-43fb-b742-3b6b9c9243b0,unlabeled,-1,0,0.5373077,-1
data\unlabelled\f4f5d644-5d18-477f-b048-0e2cc5c3abe2.jpg,-1,unlabeled,f4f5d644-5d18-477f-b048-0e2cc5c3abe2,unlabeled,-1,1,0.6072346,1
data\unlabelled\f5013582-f682-4d08-8b7e-a6bc599f2137.jpg,-1,unlabeled,f5013582-f682-4d08-8b7e-a6bc599f2137,unlabeled,-1,0,0.5079087,-1
data\unlabelled\f5034c6f-a2da-4bb6-b3e2-c0159e7c05e7.jpg,-1,unlabeled,f5034c6f-a2da-4bb6-b3e2-c0159e7c05e7,unlabeled,-1,0,0.54676324,-1
data\unlabelled\f51373fb-e15b-4855-b0c8-4191252e5af8.jpg,-1,unlabeled,f51373fb-e15b-4855-b0c8-4191252e5af8,unlabeled,-1,1,0.569922,-1
data\unlabelled\f525c3c4-ade2-4726-916e-25b8e7a78ed3.jpg,-1,unlabeled,f525c3c4-ade2-4726-916e-25b8e7a78ed3,unlabeled,-1,0,0.5655877,-1
data\unlabelled\f52abe7f-be3d-4428-8c75-a9e08f981f0b.jpg,-1,unlabeled,f52abe7f-be3d-4428-8c75-a9e08f981f0b,unlabeled,-1,0,0.5672707,-1
data\unlabelled\f54be614-be07-4c7c-b361-0a2eef1ed4d7.jpg,-1,unlabeled,f54be614-be07-4c7c-b361-0a2eef1ed4d7,unlabeled,-1,0,0.57225674,-1
data\unlabelled\f583ab0b-992e-49ec-bc2b-ef9672e6789d.jpg,-1,unlabeled,f583ab0b-992e-49ec-bc2b-ef9672e6789d,unlabeled,-1,0,0.5569921,-1
data\unlabelled\f586d603-9443-482c-9953-929dbccb173a.jpg,-1,unlabeled,f586d603-9443-482c-9953-929dbccb173a,unlabeled,-1,1,0.5428953,-1
data\unlabelled\f58c647d-4a84-49d9-8ad7-c98981da914d.jpg,-1,unlabeled,f58c647d-4a84-49d9-8ad7-c98981da914d,unlabeled,-1,1,0.58284205,-1
data\unlabelled\f58f4241-dafe-44ef-bf60-83929ed64b06.jpg,-1,unlabeled,f58f4241-dafe-44ef-bf60-83929ed64b06,unlabeled,-1,0,0.5791827,-1
data\unlabelled\f5b50212-f975-4a37-afa5-032b2a003298.jpg,-1,unlabeled,f5b50212-f975-4a37-afa5-032b2a003298,unlabeled,-1,0,0.591022,0
data\unlabelled\f5ded837-56e3-4590-b567-fbd1b71f3da8.jpg,-1,unlabeled,f5ded837-56e3-4590-b567-fbd1b71f3da8,unlabeled,-1,0,0.5723222,-1
data\unlabelled\f5e0d8e5-d8be-4308-9584-808d88d6ae98.jpg,-1,unlabeled,f5e0d8e5-d8be-4308-9584-808d88d6ae98,unlabeled,-1,0,0.550725,-1
data\unlabelled\f6a21abe-1f7c-4bba-8f41-46db83b082e7.jpg,-1,unlabeled,f6a21abe-1f7c-4bba-8f41-46db83b082e7,unlabeled,-1,0,0.59166014,0
data\unlabelled\f6e10c2b-4aa7-49c4-bad2-dbd47dd30a78.jpg,-1,unlabeled,f6e10c2b-4aa7-49c4-bad2-dbd47dd30a78,unlabeled,-1,0,0.54166424,-1
data\unlabelled\f6e3df92-dfef-4c23-af5c-26994759f219.jpg,-1,unlabeled,f6e3df92-dfef-4c23-af5c-26994759f219,unlabeled,-1,0,0.58267564,-1
data\unlabelled\f7227dc6-cfd1-486b-a85f-9a9ec21766f3.jpg,-1,unlabeled,f7227dc6-cfd1-486b-a85f-9a9ec21766f3,unlabeled,-1,0,0.5519477,-1
data\unlabelled\f7ae44c4-0045-4695-902e-2077b250d949.jpg,-1,unlabeled,f7ae44c4-0045-4695-902e-2077b250d949,unlabeled,-1,1,0.6063608,1
data\unlabelled\f7bd52a1-eeaf-4480-a85c-53bdaf755cff.jpg,-1,unlabeled,f7bd52a1-eeaf-4480-a85c-53bdaf755cff,unlabeled,-1,0,0.5342589,-1
data\unlabelled\f7ef8c54-df83-47af-8cd1-a6bf96731e35.jpg,-1,unlabeled,f7ef8c54-df83-47af-8cd1-a6bf96731e35,unlabeled,-1,0,0.53779125,-1
data\unlabelled\f825d461-7eb0-4bed-b0e3-f0c0ebde2cd5.jpg,-1,unlabeled,f825d461-7eb0-4bed-b0e3-f0c0ebde2cd5,unlabeled,-1,0,0.6013052,0
data\unlabelled\f844fccf-c118-43d6-bc9d-551403ff443e.jpg,-1,unlabeled,f844fccf-c118-43d6-bc9d-551403ff443e,unlabeled,-1,1,0.57743275,-1
data\unlabelled\f84cb0d1-9d94-49e5-ad29-eed9d2e0ed13.jpg,-1,unlabeled,f84cb0d1-9d94-49e5-ad29-eed9d2e0ed13,unlabeled,-1,0,0.5245285,-1
data\unlabelled\f87f69f7-91a0-45b8-a790-911e3879f174.jpg,-1,unlabeled,f87f69f7-91a0-45b8-a790-911e3879f174,unlabeled,-1,1,0.5911495,-1
data\unlabelled\f8916dcf-ff6c-4b15-97d0-639b4964c443.jpg,-1,unlabeled,f8916dcf-ff6c-4b15-97d0-639b4964c443,unlabeled,-1,1,0.57021785,-1
data\unlabelled\f8dda423-2779-4a01-a985-b8f09bcb0c01.jpg,-1,unlabeled,f8dda423-2779-4a01-a985-b8f09bcb0c01,unlabeled,-1,0,0.5769659,-1
data\unlabelled\f8febf3a-54c6-443a-bb03-ae6282256f5b.jpg,-1,unlabeled,f8febf3a-54c6-443a-bb03-ae6282256f5b,unlabeled,-1,1,0.58683103,-1
data\unlabelled\f944ba3b-78eb-4392-a365-9d079e327900.jpg,-1,unlabeled,f944ba3b-78eb-4392-a365-9d079e327900,unlabeled,-1,1,0.6144755,1
data\unlabelled\f9466180-1e6b-4152-9176-6b4e2dc186ed.jpg,-1,unlabeled,f9466180-1e6b-4152-9176-6b4e2dc186ed,unlabeled,-1,0,0.4992943,-1
data\unlabelled\f947fcc8-74e2-4b6c-b7aa-157a67641ac1.jpg,-1,unlabeled,f947fcc8-74e2-4b6c-b7aa-157a67641ac1,unlabeled,-1,1,0.62404144,1
data\unlabelled\f97a64aa-6894-493b-978d-d5a133986272.jpg,-1,unlabeled,f97a64aa-6894-493b-978d-d5a133986272,unlabeled,-1,1,0.5733503,-1
data\unlabelled\f9aed2f0-899f-4bc9-b915-85401fa29062.jpg,-1,unlabeled,f9aed2f0-899f-4bc9-b915-85401fa29062,unlabeled,-1,0,0.5648444,-1
data\unlabelled\f9d0f331-0474-44b7-b06d-adebdf1b0d5b.jpg,-1,unlabeled,f9d0f331-0474-44b7-b06d-adebdf1b0d5b,unlabeled,-1,0,0.565581,-1
data\unlabelled\f9d60d23-9fd7-4c00-b06e-c262559c15ad.jpg,-1,unlabeled,f9d60d23-9fd7-4c00-b06e-c262559c15ad,unlabeled,-1,0,0.5832006,-1
data\unlabelled\fa19fe6b-0859-4a56-94dd-62c88812fd23.jpg,-1,unlabeled,fa19fe6b-0859-4a56-94dd-62c88812fd23,unlabeled,-1,0,0.52431977,-1
data\unlabelled\fa4bdb08-8c03-4f58-a309-52ca88173417.jpg,-1,unlabeled,fa4bdb08-8c03-4f58-a309-52ca88173417,unlabeled,-1,1,0.5813246,-1
data\unlabelled\fa8ec37f-abf5-4028-8899-6416e8d8ffb1.jpg,-1,unlabeled,fa8ec37f-abf5-4028-8899-6416e8d8ffb1,unlabeled,-1,1,0.60177207,-1
data\unlabelled\fa9d7caf-6d7b-4a43-8d9f-00f2fc2d5944.jpg,-1,unlabeled,fa9d7caf-6d7b-4a43-8d9f-00f2fc2d5944,unlabeled,-1,0,0.5987946,0
data\unlabelled\fac0dc4c-bba4-4200-b4f1-c59850226986.jpg,-1,unlabeled,fac0dc4c-bba4-4200-b4f1-c59850226986,unlabeled,-1,1,0.59939986,-1
data\unlabelled\fac74fac-c0ed-45d1-853a-482ac8bf14f9.jpg,-1,unlabeled,fac74fac-c0ed-45d1-853a-482ac8bf14f9,unlabeled,-1,0,0.5794089,-1
data\unlabelled\fb0c6496-779b-4e6c-8d5f-684924504ab0.jpg,-1,unlabeled,fb0c6496-779b-4e6c-8d5f-684924504ab0,unlabeled,-1,1,0.58625704,-1
data\unlabelled\fb486ecf-2ace-4ce5-9d65-2702e4b64181.jpg,-1,unlabeled,fb486ecf-2ace-4ce5-9d65-2702e4b64181,unlabeled,-1,1,0.58254755,-1
data\unlabelled\fb656613-7355-4508-ba32-7a633b9f3397.jpg,-1,unlabeled,fb656613-7355-4508-ba32-7a633b9f3397,unlabeled,-1,0,0.55304193,-1
data\unlabelled\fb6a7301-59d7-4e59-a351-093cf585b713.jpg,-1,unlabeled,fb6a7301-59d7-4e59-a351-093cf585b713,unlabeled,-1,1,0.6128413,1
data\unlabelled\fb81733b-ea25-4003-80c7-7e162a731331.jpg,-1,unlabeled,fb81733b-ea25-4003-80c7-7e162a731331,unlabeled,-1,1,0.5548575,-1
data\unlabelled\fb9d36e6-f30c-4943-8f6a-adfdcaac2356.jpg,-1,unlabeled,fb9d36e6-f30c-4943-8f6a-adfdcaac2356,unlabeled,-1,0,0.5802915,-1
data\unlabelled\fbe0b07a-b152-45f3-8a65-61e7e4ef554a.jpg,-1,unlabeled,fbe0b07a-b152-45f3-8a65-61e7e4ef554a,unlabeled,-1,0,0.5732745,-1
data\unlabelled\fc0ab4c3-7285-4e86-99d7-959f54ec8da7.jpg,-1,unlabeled,fc0ab4c3-7285-4e86-99d7-959f54ec8da7,unlabeled,-1,1,0.5955817,-1
data\unlabelled\fc0c3deb-0017-42f3-9d08-d89405c58b8f.jpg,-1,unlabeled,fc0c3deb-0017-42f3-9d08-d89405c58b8f,unlabeled,-1,1,0.5867594,-1
data\unlabelled\fc82dbe0-6824-4ac8-a4a0-612f5ea53a98.jpg,-1,unlabeled,fc82dbe0-6824-4ac8-a4a0-612f5ea53a98,unlabeled,-1,0,0.5644638,-1
data\unlabelled\fcc19978-f859-462a-b392-eb31378af641.jpg,-1,unlabeled,fcc19978-f859-462a-b392-eb31378af641,unlabeled,-1,0,0.5430467,-1
data\unlabelled\fce8f202-27e3-403f-986d-a6944abf85a8.jpg,-1,unlabeled,fce8f202-27e3-403f-986d-a6944abf85a8,unlabeled,-1,1,0.60427123,-1
data\unlabelled\fced49dd-3752-42a0-a55c-03bc4e627614.jpg,-1,unlabeled,fced49dd-3752-42a0-a55c-03bc4e627614,unlabeled,-1,1,0.6229193,1
data\unlabelled\fcf1c2ea-fe58-495e-b7b9-c30ee111b9cc.jpg,-1,unlabeled,fcf1c2ea-fe58-495e-b7b9-c30ee111b9cc,unlabeled,-1,0,0.5832006,-1
data\unlabelled\fd6cada9-1b71-4020-acdf-8dbdffc05216.jpg,-1,unlabeled,fd6cada9-1b71-4020-acdf-8dbdffc05216,unlabeled,-1,1,0.53267026,-1
data\unlabelled\fdb0e481-28f5-44c5-bda7-21651af175cf.jpg,-1,unlabeled,fdb0e481-28f5-44c5-bda7-21651af175cf,unlabeled,-1,0,0.5778595,-1
data\unlabelled\fe4454fb-f164-40a8-b7ec-dca240430694.jpg,-1,unlabeled,fe4454fb-f164-40a8-b7ec-dca240430694,unlabeled,-1,0,0.5458371,-1
data\unlabelled\fe4fdff6-284e-41f9-a55d-81725888b3df.jpg,-1,unlabeled,fe4fdff6-284e-41f9-a55d-81725888b3df,unlabeled,-1,1,0.5893098,-1
data\unlabelled\fe83bb10-600a-40fa-b7a9-13e79ecf1bca.jpg,-1,unlabeled,fe83bb10-600a-40fa-b7a9-13e79ecf1bca,unlabeled,-1,1,0.57069427,-1
data\unlabelled\fecdc9e4-c3cf-490d-b5b4-b489a6d455bf.jpg,-1,unlabeled,fecdc9e4-c3cf-490d-b5b4-b489a6d455bf,unlabeled,-1,0,0.48641953,-1
data\unlabelled\ff3d5248-a7a7-47f6-8fe4-a44a45af64f5.jpg,-1,unlabeled,ff3d5248-a7a7-47f6-8fe4-a44a45af64f5,unlabeled,-1,1,0.61318576,1
data\unlabelled\ff93375a-a8ea-4c44-9679-8b62ff51b9ef.jpg,-1,unlabeled,ff93375a-a8ea-4c44-9679-8b62ff51b9ef,unlabeled,-1,1,0.56698954,-1
data\unlabelled\ffab85a5-cdb8-4c32-aa75-926199136003.jpg,-1,unlabeled,ffab85a5-cdb8-4c32-aa75-926199136003,unlabeled,-1,0,0.5699587,-1
data\unlabelled\ffae953a-1429-4a56-a258-7c4c0160a117.jpg,-1,unlabeled,ffae953a-1429-4a56-a258-7c4c0160a117,unlabeled,-1,1,0.5913481,-1
data\unlabelled\ffe6c966-3830-4e88-b02d-bb47fdf4da18.jpg,-1,unlabeled,ffe6c966-3830-4e88-b02d-bb47fdf4da18,unlabeled,-1,1,0.5929688,-1
