image_path,label,split,image_id,label_name,true_label,weak_label_kmeans,confidence_score,weak_label_kmeans_filtered
data\labelled\normal\d86f39ec-55a1-4484-bcfd-78d5debb43f8.jpg,0,train,d86f39ec-55a1-4484-bcfd-78d5debb43f8,normal,0,0,0.2669685337403719,0
data\labelled\normal\6eb7dfc4-dd36-41cb-b5ea-f68c01aab86b.jpg,0,train,6eb7dfc4-dd36-41cb-b5ea-f68c01aab86b,normal,0,0,0.17918772234010427,0
data\labelled\cancer\e3d3fa80-8a89-4051-b0fa-0c8b4afd2c0a.jpg,1,train,e3d3fa80-8a89-4051-b0fa-0c8b4afd2c0a,cancer,1,1,0.21762436038277277,1
data\labelled\cancer\9de0f27b-f3db-4bd7-a2ad-6e785ef36cdc.jpg,1,train,9de0f27b-f3db-4bd7-a2ad-6e785ef36cdc,cancer,1,1,0.25068141465216487,1
data\labelled\normal\b8a6c84a-b258-475d-b97d-7612bad79cad.jpg,0,train,b8a6c84a-b258-475d-b97d-7612bad79cad,normal,0,1,0.20063139443050482,1
data\labelled\normal\4131a20d-a19d-4cd9-8791-ee358e6f42d6.jpg,0,train,4131a20d-a19d-4cd9-8791-ee358e6f42d6,normal,0,0,0.1697715255408898,0
data\labelled\cancer\b6a41ca0-aeea-43a8-b629-7c433cf03143.jpg,1,train,b6a41ca0-aeea-43a8-b629-7c433cf03143,cancer,1,1,0.17551162587730929,1
data\labelled\cancer\ad5ff4c2-0fe6-4e8c-a022-c11fff3643f3.jpg,1,train,ad5ff4c2-0fe6-4e8c-a022-c11fff3643f3,cancer,1,1,0.19169460526187487,1
data\labelled\cancer\9c3a8bbd-8bdb-4fdc-8573-7897d77224c9.jpg,1,train,9c3a8bbd-8bdb-4fdc-8573-7897d77224c9,cancer,1,1,0.25044977277099656,1
data\labelled\normal\0161f9bf-fa93-4d02-8dce-84bfd49fe6a2.jpg,0,train,0161f9bf-fa93-4d02-8dce-84bfd49fe6a2,normal,0,0,0.24953199181413943,0
data\labelled\cancer\bbde529e-fccd-4dc5-adfa-622852402a67.jpg,1,train,bbde529e-fccd-4dc5-adfa-622852402a67,cancer,1,1,0.30892372163892723,1
data\labelled\normal\e30c2ce4-50bd-44a9-8db0-d54f47cc61b5.jpg,0,train,e30c2ce4-50bd-44a9-8db0-d54f47cc61b5,normal,0,0,0.32873984735401673,0
data\labelled\normal\c04639ab-3a69-4632-8740-651317d7a382.jpg,0,train,c04639ab-3a69-4632-8740-651317d7a382,normal,0,0,0.22300974896012027,0
data\labelled\cancer\1c043dbb-4623-4769-8e5e-0223bd745040.jpg,1,train,1c043dbb-4623-4769-8e5e-0223bd745040,cancer,1,1,0.17879997297988148,1
data\labelled\cancer\fb26fe09-029a-4386-a7eb-0b00c87a675d.jpg,1,train,fb26fe09-029a-4386-a7eb-0b00c87a675d,cancer,1,0,0.21816152196148964,0
data\labelled\cancer\c6acea0d-0c31-4ce8-b0f8-b4a610a9477d.jpg,1,train,c6acea0d-0c31-4ce8-b0f8-b4a610a9477d,cancer,1,1,0.21303941475597732,1
data\labelled\normal\cb46329d-12f5-451d-94c6-cb094c101742.jpg,0,train,cb46329d-12f5-451d-94c6-cb094c101742,normal,0,0,0.2903244567266393,0
data\labelled\cancer\d66dbd3f-d03a-43c9-bf95-a97503acc602.jpg,1,train,d66dbd3f-d03a-43c9-bf95-a97503acc602,cancer,1,1,0.27005753122850096,1
data\labelled\cancer\7e3f6acd-c9cc-440e-ba01-fedab0462fed.jpg,1,train,7e3f6acd-c9cc-440e-ba01-fedab0462fed,cancer,1,0,0.0894456689579427,0
data\labelled\cancer\bb6a90e9-c19c-4a19-b5f8-b11460f393fe.jpg,1,train,bb6a90e9-c19c-4a19-b5f8-b11460f393fe,cancer,1,1,0.223129093144236,1
data\labelled\normal\b1453a6d-1a6e-4749-a86d-0650eda15190.jpg,0,train,b1453a6d-1a6e-4749-a86d-0650eda15190,normal,0,0,0.2003922639762613,0
data\labelled\cancer\a038584c-fc3c-4f82-9a7c-1c4bb7339c2e.jpg,1,train,a038584c-fc3c-4f82-9a7c-1c4bb7339c2e,cancer,1,1,0.22723371583157959,1
data\labelled\cancer\972144a3-6ecd-47af-a5dd-e91ab48a21b9.jpg,1,train,972144a3-6ecd-47af-a5dd-e91ab48a21b9,cancer,1,1,0.13064694093999796,1
data\labelled\normal\9e761fb7-da77-4feb-b268-2d873293ee78.jpg,0,train,9e761fb7-da77-4feb-b268-2d873293ee78,normal,0,0,0.23475418526857816,0
data\labelled\cancer\ed12774e-df91-40f1-aed6-77a5a53ede2d.jpg,1,train,ed12774e-df91-40f1-aed6-77a5a53ede2d,cancer,1,1,0.2058074071423276,1
data\labelled\normal\2251259e-64fd-44cd-b813-357d0a47e563.jpg,0,train,2251259e-64fd-44cd-b813-357d0a47e563,normal,0,0,0.25426223254126623,0
data\labelled\normal\3ebe5f3a-90d3-4e79-af97-3d9584215044.jpg,0,train,3ebe5f3a-90d3-4e79-af97-3d9584215044,normal,0,0,0.3573699823062083,0
data\labelled\normal\22164f5b-9b9f-4fcc-897a-9f902d730bbe.jpg,0,train,22164f5b-9b9f-4fcc-897a-9f902d730bbe,normal,0,0,0.24680006536055998,0
data\labelled\cancer\be3210d7-e2d1-4cc3-ba77-c1941fd0042a.jpg,1,train,be3210d7-e2d1-4cc3-ba77-c1941fd0042a,cancer,1,1,0.061754293842293806,1
data\labelled\cancer\fc219ce8-d4b3-4015-bb19-3ee1bb963e3e.jpg,1,train,fc219ce8-d4b3-4015-bb19-3ee1bb963e3e,cancer,1,0,0.1634413248829637,0
data\labelled\normal\525c8281-5980-4d11-b608-5176bdeb092b.jpg,0,train,525c8281-5980-4d11-b608-5176bdeb092b,normal,0,0,0.1736993572258767,0
data\labelled\cancer\5af7f2cb-a82b-4635-865e-5b57dbc7a087.jpg,1,train,5af7f2cb-a82b-4635-865e-5b57dbc7a087,cancer,1,1,0.0940596148848194,1
data\labelled\cancer\cb4e6fda-be13-454b-bbda-f75e184444d5.jpg,1,train,cb4e6fda-be13-454b-bbda-f75e184444d5,cancer,1,1,0.27993694508701683,1
data\labelled\normal\3f4cb3e9-75fc-4b40-942c-327f2498b37d.jpg,0,train,3f4cb3e9-75fc-4b40-942c-327f2498b37d,normal,0,0,0.24933423977560298,0
data\labelled\normal\89b229af-866b-4625-82ea-5e8041b9236c.jpg,0,train,89b229af-866b-4625-82ea-5e8041b9236c,normal,0,0,0.11427830597569644,0
data\labelled\cancer\b79ca26b-a909-4d31-a657-c4f357e3c8e3.jpg,1,train,b79ca26b-a909-4d31-a657-c4f357e3c8e3,cancer,1,1,0.25628240737963914,1
data\labelled\normal\09316c60-86c8-4f24-934e-8d433b8b9d72.jpg,0,train,09316c60-86c8-4f24-934e-8d433b8b9d72,normal,0,0,0.39990211492173167,0
data\labelled\cancer\3c3d07cb-ec2a-43b0-b8a3-3a51573ad930.jpg,1,train,3c3d07cb-ec2a-43b0-b8a3-3a51573ad930,cancer,1,0,0.1352028764348694,0
data\labelled\normal\692bfc6f-bcec-42a8-90e9-a867895b9a4b.jpg,0,train,692bfc6f-bcec-42a8-90e9-a867895b9a4b,normal,0,0,0.37690122962195305,0
data\labelled\normal\4a08dc59-4f77-4ae0-80b4-749dbde82b82.jpg,0,train,4a08dc59-4f77-4ae0-80b4-749dbde82b82,normal,0,1,0.2675012557838353,1
data\labelled\cancer\695f9d7a-083f-4856-83d1-638d13b39c99.jpg,1,train,695f9d7a-083f-4856-83d1-638d13b39c99,cancer,1,1,0.2085996555082077,1
data\labelled\normal\4660cb59-2980-4933-a315-3326eb72148e.jpg,0,train,4660cb59-2980-4933-a315-3326eb72148e,normal,0,0,0.28228009661298004,0
data\labelled\cancer\d018fae6-42d9-4de3-acbf-6c2637c28482.jpg,1,train,d018fae6-42d9-4de3-acbf-6c2637c28482,cancer,1,1,0.2636198082158372,1
data\labelled\normal\1953e998-29b8-4d36-975f-007c4fcb84a3.jpg,0,train,1953e998-29b8-4d36-975f-007c4fcb84a3,normal,0,0,0.18405164105409888,0
data\labelled\normal\ab973d15-084b-402c-9ffe-3b953ad26f4b.jpg,0,train,ab973d15-084b-402c-9ffe-3b953ad26f4b,normal,0,0,0.20910002945955242,0
data\labelled\cancer\e4412dd3-fd1e-44cc-8258-f136b540c401.jpg,1,train,e4412dd3-fd1e-44cc-8258-f136b540c401,cancer,1,1,0.2509723521097471,1
data\labelled\normal\71f8bd3d-58a9-485f-860d-cfca5fd01bae.jpg,0,train,71f8bd3d-58a9-485f-860d-cfca5fd01bae,normal,0,0,0.266968358389047,0
data\labelled\cancer\c6c3d533-e366-42ff-9e69-fa2823910709.jpg,1,train,c6c3d533-e366-42ff-9e69-fa2823910709,cancer,1,0,0.17425514853291546,0
data\labelled\normal\42ba7707-26c1-42bc-a00f-3d456741ef96.jpg,0,train,42ba7707-26c1-42bc-a00f-3d456741ef96,normal,0,0,0.2569504056634486,0
data\labelled\normal\14703976-0467-4acb-ade4-8a375ebfd4f9.jpg,0,train,14703976-0467-4acb-ade4-8a375ebfd4f9,normal,0,0,0.1652285188899022,0
data\labelled\cancer\90f3723c-bc7e-4ad4-a0d7-574a70952231.jpg,1,train,90f3723c-bc7e-4ad4-a0d7-574a70952231,cancer,1,1,0.117464079251409,1
data\labelled\cancer\05340cd4-3bb2-459d-9937-bf27d52d8351.jpg,1,train,05340cd4-3bb2-459d-9937-bf27d52d8351,cancer,1,1,0.2750938014157345,1
data\labelled\normal\9e28ecf2-b8cd-4ea5-84b3-bf8f92d21f99.jpg,0,train,9e28ecf2-b8cd-4ea5-84b3-bf8f92d21f99,normal,0,0,0.20422439296449335,0
data\labelled\cancer\d8178c68-a01b-4d41-973d-bbd052aa7a4a.jpg,1,train,d8178c68-a01b-4d41-973d-bbd052aa7a4a,cancer,1,1,0.23439550679462218,1
data\labelled\normal\4a71d847-c91b-481d-b112-3550c6655893.jpg,0,train,4a71d847-c91b-481d-b112-3550c6655893,normal,0,0,0.300812338002756,0
data\labelled\cancer\7565fa51-16fd-4a71-a942-b91713a7a0d6.jpg,1,train,7565fa51-16fd-4a71-a942-b91713a7a0d6,cancer,1,0,0.2540079660315746,0
data\labelled\cancer\46587a13-4250-4d3e-b930-7d7be8f96425.jpg,1,train,46587a13-4250-4d3e-b930-7d7be8f96425,cancer,1,0,0.1224763990081782,0
data\labelled\normal\7b966204-9ca7-4960-b261-026b29b427c4.jpg,0,train,7b966204-9ca7-4960-b261-026b29b427c4,normal,0,0,0.2372561510829343,0
data\labelled\normal\cfda6929-14c5-41b9-b754-6922cb0920dc.jpg,0,train,cfda6929-14c5-41b9-b754-6922cb0920dc,normal,0,0,0.20117104388976437,0
data\labelled\cancer\cc0ae8e9-036f-4ee9-a4ee-6828120e0ea3.jpg,1,val,cc0ae8e9-036f-4ee9-a4ee-6828120e0ea3,cancer,1,1,0.37253259986539233,1
data\labelled\normal\8e1cc70d-cccd-416c-99a5-df64bcadeb26.jpg,0,val,8e1cc70d-cccd-416c-99a5-df64bcadeb26,normal,0,0,0.2203412371494513,0
data\labelled\cancer\9973120d-7335-43da-bd9b-3c686afbcf32.jpg,1,val,9973120d-7335-43da-bd9b-3c686afbcf32,cancer,1,0,0.0766219561641861,0
data\labelled\cancer\4d14c944-eed4-4c4f-8fd9-cbbb53e8f35d.jpg,1,val,4d14c944-eed4-4c4f-8fd9-cbbb53e8f35d,cancer,1,1,0.2374997288263716,1
data\labelled\cancer\5066bf9b-d944-4d40-ba06-d3242c7a4fd1.jpg,1,val,5066bf9b-d944-4d40-ba06-d3242c7a4fd1,cancer,1,1,0.25619093349829847,1
data\labelled\normal\9922995f-dc68-4b39-87c8-68e54635ce32.jpg,0,val,9922995f-dc68-4b39-87c8-68e54635ce32,normal,0,0,0.3783727965103435,0
data\labelled\normal\2794c549-1ec3-4d08-abed-84ccd53791f3.jpg,0,val,2794c549-1ec3-4d08-abed-84ccd53791f3,normal,0,0,0.25476212926298714,0
data\labelled\cancer\0f718241-8f63-4b55-81ce-315324b51069.jpg,1,val,0f718241-8f63-4b55-81ce-315324b51069,cancer,1,0,0.03291484116774879,0
data\labelled\normal\3c213abc-ab17-4037-a8e5-caa7bc1babe1.jpg,0,val,3c213abc-ab17-4037-a8e5-caa7bc1babe1,normal,0,0,0.26738027600930825,0
data\labelled\normal\6c861380-76ee-490d-bf28-a0232af08c43.jpg,0,val,6c861380-76ee-490d-bf28-a0232af08c43,normal,0,0,0.13977852023591786,0
data\labelled\normal\defdbef3-bea2-4f32-9d9a-62af1102ebfd.jpg,0,val,defdbef3-bea2-4f32-9d9a-62af1102ebfd,normal,0,0,0.2282591895811954,0
data\labelled\normal\b24be149-f92f-41bf-bc4f-bf1953122ab8.jpg,0,test,b24be149-f92f-41bf-bc4f-bf1953122ab8,normal,0,0,0.3445923792562139,0
data\labelled\normal\c5a4a35f-f192-4df8-b2c7-025b3619cbae.jpg,0,test,c5a4a35f-f192-4df8-b2c7-025b3619cbae,normal,0,0,0.20281645175457197,0
data\labelled\cancer\bf7004d5-af81-4cf6-8411-b5105eeecda1.jpg,1,test,bf7004d5-af81-4cf6-8411-b5105eeecda1,cancer,1,1,0.3529030225271039,1
data\labelled\normal\64b1b1ba-52e5-449d-9537-d2a1e07c0b10.jpg,0,test,64b1b1ba-52e5-449d-9537-d2a1e07c0b10,normal,0,0,0.10818154040210037,0
data\labelled\normal\c3c504f7-a12a-42e5-92dc-41d0c0ef0ecd.jpg,0,test,c3c504f7-a12a-42e5-92dc-41d0c0ef0ecd,normal,0,0,0.24466628266140544,0
data\labelled\cancer\11a7a426-4806-401e-98b2-b96e7094d1a6.jpg,1,test,11a7a426-4806-401e-98b2-b96e7094d1a6,cancer,1,0,0.044848052625802604,0
data\labelled\cancer\27149ff6-8363-4942-a72a-eb7e38e77099.jpg,1,test,27149ff6-8363-4942-a72a-eb7e38e77099,cancer,1,1,0.25425136005552207,1
data\labelled\cancer\c2df5b36-1533-44b3-8a2e-e74e26bfde2c.jpg,1,test,c2df5b36-1533-44b3-8a2e-e74e26bfde2c,cancer,1,1,0.2435687179542494,1
data\labelled\cancer\f72a85aa-c5ab-4a91-98ec-01bf004d87e3.jpg,1,test,f72a85aa-c5ab-4a91-98ec-01bf004d87e3,cancer,1,0,0.05639568698883857,0
data\labelled\normal\500ef89c-b724-4799-9d49-37f8fdafa1f6.jpg,0,test,500ef89c-b724-4799-9d49-37f8fdafa1f6,normal,0,0,0.20225046268965297,0
data\labelled\cancer\0c6f3641-60d9-4a76-abe5-de89d55d5f2c.jpg,1,test,0c6f3641-60d9-4a76-abe5-de89d55d5f2c,cancer,1,0,0.255241751159784,0
data\labelled\cancer\e0eb623a-d168-445a-9ac7-b8736568b57c.jpg,1,test,e0eb623a-d168-445a-9ac7-b8736568b57c,cancer,1,1,0.026420573296039085,1
data\labelled\normal\b9b56b95-43de-4c35-8362-400e9271af71.jpg,0,test,b9b56b95-43de-4c35-8362-400e9271af71,normal,0,0,0.337647845479604,0
data\labelled\normal\747fe2f6-6c50-4e01-8316-f12c9a0d10e6.jpg,0,test,747fe2f6-6c50-4e01-8316-f12c9a0d10e6,normal,0,0,0.20769665208762467,0
data\labelled\cancer\546ccef0-d10d-4e24-b3dd-660365910236.jpg,1,test,546ccef0-d10d-4e24-b3dd-660365910236,cancer,1,0,0.25553185648782284,0
data\labelled\cancer\2fa551e9-5b85-44f6-ab71-6035b4e3f8aa.jpg,1,test,2fa551e9-5b85-44f6-ab71-6035b4e3f8aa,cancer,1,1,0.21428767318015607,1
data\labelled\normal\4a2102b8-0fb8-479a-ad2a-0b5e704489e5.jpg,0,test,4a2102b8-0fb8-479a-ad2a-0b5e704489e5,normal,0,0,0.08395995450255833,0
data\labelled\normal\3e3f6d78-0983-46a9-8755-a67b5f3f5b20.jpg,0,test,3e3f6d78-0983-46a9-8755-a67b5f3f5b20,normal,0,0,0.21723854355684769,0
data\labelled\cancer\9ff6e310-b23a-4240-ac18-9fd99bd48e80.jpg,1,test,9ff6e310-b23a-4240-ac18-9fd99bd48e80,cancer,1,0,0.09382718733541362,0
data\labelled\normal\a0b8c8bc-8784-4af3-843c-f91b0d1e503f.jpg,0,test,a0b8c8bc-8784-4af3-843c-f91b0d1e503f,normal,0,0,0.25173730283362883,0
data\labelled\normal\e3257bee-1143-4866-9d50-618c4ce1413e.jpg,0,test,e3257bee-1143-4866-9d50-618c4ce1413e,normal,0,0,0.24652167846868334,0
data\labelled\normal\41ba782a-10f9-4c8d-8a43-e0b74e3f2329.jpg,0,test,41ba782a-10f9-4c8d-8a43-e0b74e3f2329,normal,0,0,0.1940607670567842,0
data\labelled\cancer\73352791-6331-48a0-b0d1-045fb31d376c.jpg,1,test,73352791-6331-48a0-b0d1-045fb31d376c,cancer,1,0,0.01789090427205431,0
data\labelled\cancer\85b4ab96-9a8b-4cbf-a771-55f4830978fc.jpg,1,test,85b4ab96-9a8b-4cbf-a771-55f4830978fc,cancer,1,1,0.16683241955945005,1
data\labelled\normal\11825cf3-9b35-42d3-ac99-21f26dd2f94e.jpg,0,test,11825cf3-9b35-42d3-ac99-21f26dd2f94e,normal,0,0,0.3690497422928867,0
data\labelled\normal\595aa054-274a-4e4b-9a1b-c0c477c80463.jpg,0,test,595aa054-274a-4e4b-9a1b-c0c477c80463,normal,0,0,0.29887015569783537,0
data\labelled\cancer\2b810835-844c-49ff-b0f1-c7a71a0c696c.jpg,1,test,2b810835-844c-49ff-b0f1-c7a71a0c696c,cancer,1,1,0.17277284101656543,1
data\labelled\cancer\2d662cc1-509b-4657-a208-6d181aedd5e3.jpg,1,test,2d662cc1-509b-4657-a208-6d181aedd5e3,cancer,1,0,0.01825830117958882,0
data\labelled\cancer\a8319ab8-471b-4d18-bb47-a377c4f9bd38.jpg,1,test,a8319ab8-471b-4d18-bb47-a377c4f9bd38,cancer,1,1,0.11426789028546225,1
data\labelled\normal\2593c9b2-36d5-433b-81bf-44ab993a795e.jpg,0,test,2593c9b2-36d5-433b-81bf-44ab993a795e,normal,0,0,0.2005942414790941,0
data\unlabelled\001b158a-7af8-451e-bf31-3a9116265f3a.jpg,-1,unlabeled,001b158a-7af8-451e-bf31-3a9116265f3a,unlabeled,-1,1,0.16588637559981156,-1
data\unlabelled\00366e8d-5520-4d3c-a70b-91a7eec1f521.jpg,-1,unlabeled,00366e8d-5520-4d3c-a70b-91a7eec1f521,unlabeled,-1,0,0.15213626723486784,-1
data\unlabelled\00455a62-f79f-4072-9a23-4951e759acdc.jpg,-1,unlabeled,00455a62-f79f-4072-9a23-4951e759acdc,unlabeled,-1,0,0.2446121856453909,-1
data\unlabelled\004ce5f5-ca6b-490f-9b2f-c322c152e2ee.jpg,-1,unlabeled,004ce5f5-ca6b-490f-9b2f-c322c152e2ee,unlabeled,-1,0,0.08985288857987572,-1
data\unlabelled\005d9a37-8894-4eb5-8367-1015d4a43638.jpg,-1,unlabeled,005d9a37-8894-4eb5-8367-1015d4a43638,unlabeled,-1,1,0.2693540713493481,-1
data\unlabelled\009e9d31-9f37-4d97-a941-81501294c403.jpg,-1,unlabeled,009e9d31-9f37-4d97-a941-81501294c403,unlabeled,-1,1,0.24591582868686213,-1
data\unlabelled\009eac4a-c951-4da9-852a-b32e9ce20c6e.jpg,-1,unlabeled,009eac4a-c951-4da9-852a-b32e9ce20c6e,unlabeled,-1,1,0.13038620047585103,-1
data\unlabelled\00e9e198-79de-47ab-9f4e-7b76152324bb.jpg,-1,unlabeled,00e9e198-79de-47ab-9f4e-7b76152324bb,unlabeled,-1,1,0.1904169513423396,-1
data\unlabelled\01274f5e-3064-4efd-af4b-38e164188c31.jpg,-1,unlabeled,01274f5e-3064-4efd-af4b-38e164188c31,unlabeled,-1,1,0.22029878908736544,-1
data\unlabelled\01717fbf-4bcf-475a-a718-361ed07d2854.jpg,-1,unlabeled,01717fbf-4bcf-475a-a718-361ed07d2854,unlabeled,-1,1,0.0513564057969248,-1
data\unlabelled\01d1f0ed-5070-45a8-ad26-f8a95ebec98d.jpg,-1,unlabeled,01d1f0ed-5070-45a8-ad26-f8a95ebec98d,unlabeled,-1,0,0.09149916923160761,-1
data\unlabelled\01d4471e-7c83-4335-ab49-c650d0da1dea.jpg,-1,unlabeled,01d4471e-7c83-4335-ab49-c650d0da1dea,unlabeled,-1,1,0.1893478650497491,-1
data\unlabelled\01e09766-fcd9-4df0-82f7-265f9ffecdf6.jpg,-1,unlabeled,01e09766-fcd9-4df0-82f7-265f9ffecdf6,unlabeled,-1,1,0.2600471311870174,-1
data\unlabelled\01f4b8d2-56ed-4d82-ad41-6864de091425.jpg,-1,unlabeled,01f4b8d2-56ed-4d82-ad41-6864de091425,unlabeled,-1,1,0.19398278021821935,-1
data\unlabelled\01fa1329-7524-49f5-8f11-bb9d8717a3fe.jpg,-1,unlabeled,01fa1329-7524-49f5-8f11-bb9d8717a3fe,unlabeled,-1,1,0.1977468208568538,-1
data\unlabelled\0208c07c-bc4b-4741-ad0f-d5beeb18cc52.jpg,-1,unlabeled,0208c07c-bc4b-4741-ad0f-d5beeb18cc52,unlabeled,-1,1,0.12659431829779966,-1
data\unlabelled\02af8a8e-3c79-4a3c-8412-52f483eb9411.jpg,-1,unlabeled,02af8a8e-3c79-4a3c-8412-52f483eb9411,unlabeled,-1,0,0.07006921544155675,-1
data\unlabelled\02d2c771-7bf5-4771-972c-7f123088b7b0.jpg,-1,unlabeled,02d2c771-7bf5-4771-972c-7f123088b7b0,unlabeled,-1,1,0.27959956831964494,-1
data\unlabelled\0303753e-919b-4947-8e55-4fc922bfbe35.jpg,-1,unlabeled,0303753e-919b-4947-8e55-4fc922bfbe35,unlabeled,-1,1,0.15467634150295095,-1
data\unlabelled\030d0b45-ee70-41f9-9e56-2581052b2c18.jpg,-1,unlabeled,030d0b45-ee70-41f9-9e56-2581052b2c18,unlabeled,-1,1,0.20449002358218005,-1
data\unlabelled\03bd85ef-651a-4f93-8569-786dbfd37965.jpg,-1,unlabeled,03bd85ef-651a-4f93-8569-786dbfd37965,unlabeled,-1,0,0.12683905019320563,-1
data\unlabelled\03c5ec29-9720-4c07-a8e1-4a8a70852f40.jpg,-1,unlabeled,03c5ec29-9720-4c07-a8e1-4a8a70852f40,unlabeled,-1,0,0.24754054931829084,-1
data\unlabelled\046474d2-fe65-4639-b211-4d0bb8ad7a43.jpg,-1,unlabeled,046474d2-fe65-4639-b211-4d0bb8ad7a43,unlabeled,-1,0,0.02236125877121886,-1
data\unlabelled\0477e002-4775-44e2-84d9-52b93f5ee697.jpg,-1,unlabeled,0477e002-4775-44e2-84d9-52b93f5ee697,unlabeled,-1,1,0.22184435349142984,-1
data\unlabelled\047c949c-1610-4094-bee7-10b6ea7064a5.jpg,-1,unlabeled,047c949c-1610-4094-bee7-10b6ea7064a5,unlabeled,-1,1,0.27986544277710934,-1
data\unlabelled\0490c1d6-1860-4838-b5b4-b8f5d0ee5b6e.jpg,-1,unlabeled,0490c1d6-1860-4838-b5b4-b8f5d0ee5b6e,unlabeled,-1,1,0.18789914304306377,-1
data\unlabelled\04b806ad-e6ed-47bc-a2e8-ce0d2d790de4.jpg,-1,unlabeled,04b806ad-e6ed-47bc-a2e8-ce0d2d790de4,unlabeled,-1,0,0.29959496610521785,-1
data\unlabelled\04d076ce-4216-47ba-9013-6fe6956c7aed.jpg,-1,unlabeled,04d076ce-4216-47ba-9013-6fe6956c7aed,unlabeled,-1,1,0.2895792954694716,-1
data\unlabelled\04d0fcb7-0b6c-4c7b-8dd2-aa70037a0b29.jpg,-1,unlabeled,04d0fcb7-0b6c-4c7b-8dd2-aa70037a0b29,unlabeled,-1,0,0.16869318009930978,-1
data\unlabelled\04dd2b78-0aa3-4364-b762-21a6e71d3658.jpg,-1,unlabeled,04dd2b78-0aa3-4364-b762-21a6e71d3658,unlabeled,-1,0,0.3376478127137684,-1
data\unlabelled\050d57f6-aebf-45d9-b4c5-045e92c9e88e.jpg,-1,unlabeled,050d57f6-aebf-45d9-b4c5-045e92c9e88e,unlabeled,-1,1,0.1278804637710661,-1
data\unlabelled\0526db38-5dff-48c0-b682-0c4ae12fc125.jpg,-1,unlabeled,0526db38-5dff-48c0-b682-0c4ae12fc125,unlabeled,-1,1,0.23995768244713955,-1
data\unlabelled\0598d2d0-ffa7-4d6a-9a58-0fb41dc6536e.jpg,-1,unlabeled,0598d2d0-ffa7-4d6a-9a58-0fb41dc6536e,unlabeled,-1,1,0.21038348164534082,-1
data\unlabelled\05e808fc-a00c-4f1e-9682-1f73915f6902.jpg,-1,unlabeled,05e808fc-a00c-4f1e-9682-1f73915f6902,unlabeled,-1,1,0.1066444737470571,-1
data\unlabelled\063a6210-0d77-4f8d-96ea-6a4814c37995.jpg,-1,unlabeled,063a6210-0d77-4f8d-96ea-6a4814c37995,unlabeled,-1,0,0.23340169801087407,-1
data\unlabelled\06738ba6-51e3-493c-a215-6fcd19d005ca.jpg,-1,unlabeled,06738ba6-51e3-493c-a215-6fcd19d005ca,unlabeled,-1,1,0.035491477870738364,-1
data\unlabelled\06819cc7-d34d-484f-b79a-60c01e7770f4.jpg,-1,unlabeled,06819cc7-d34d-484f-b79a-60c01e7770f4,unlabeled,-1,1,0.18722290390076568,-1
data\unlabelled\06952e36-f936-456d-91b3-fd950445dcc9.jpg,-1,unlabeled,06952e36-f936-456d-91b3-fd950445dcc9,unlabeled,-1,1,0.1500287977601178,-1
data\unlabelled\06a76102-9548-4dab-9572-e78259fa082e.jpg,-1,unlabeled,06a76102-9548-4dab-9572-e78259fa082e,unlabeled,-1,0,0.23484662410204338,-1
data\unlabelled\06b17341-f3bb-4f31-8198-1ebdccbe2367.jpg,-1,unlabeled,06b17341-f3bb-4f31-8198-1ebdccbe2367,unlabeled,-1,0,0.21301589163283097,-1
data\unlabelled\06c78a2d-9a5c-4249-b2ea-a4b267021c70.jpg,-1,unlabeled,06c78a2d-9a5c-4249-b2ea-a4b267021c70,unlabeled,-1,0,0.13726710800272734,-1
data\unlabelled\06dd4af6-faf7-4661-a3cc-c5a30e01bb74.jpg,-1,unlabeled,06dd4af6-faf7-4661-a3cc-c5a30e01bb74,unlabeled,-1,1,0.18969863345113613,-1
data\unlabelled\070e4686-675c-4c4a-a61b-d9d8ed236c7a.jpg,-1,unlabeled,070e4686-675c-4c4a-a61b-d9d8ed236c7a,unlabeled,-1,0,0.14317263465181906,-1
data\unlabelled\0746ecad-9485-4245-a119-cdbe6f074d7a.jpg,-1,unlabeled,0746ecad-9485-4245-a119-cdbe6f074d7a,unlabeled,-1,0,0.29095328135014276,-1
data\unlabelled\07eab220-96c1-466e-b2eb-ab8789548e89.jpg,-1,unlabeled,07eab220-96c1-466e-b2eb-ab8789548e89,unlabeled,-1,0,0.21522203654816152,-1
data\unlabelled\07ee903a-9246-4463-8250-6cd90eeaf08c.jpg,-1,unlabeled,07ee903a-9246-4463-8250-6cd90eeaf08c,unlabeled,-1,1,0.2279707616956922,-1
data\unlabelled\0822f067-f5e2-477d-8005-3ad857c4c1fa.jpg,-1,unlabeled,0822f067-f5e2-477d-8005-3ad857c4c1fa,unlabeled,-1,0,0.22641330734746523,-1
data\unlabelled\0850ca4c-e6e0-44ef-be80-ba3fe3d84483.jpg,-1,unlabeled,0850ca4c-e6e0-44ef-be80-ba3fe3d84483,unlabeled,-1,1,0.2116657625451508,-1
data\unlabelled\08d0d2e6-01f2-4344-b1a4-d603101b76a3.jpg,-1,unlabeled,08d0d2e6-01f2-4344-b1a4-d603101b76a3,unlabeled,-1,1,0.2374675760256757,-1
data\unlabelled\0905a879-d869-4756-ab7a-b2f01e7dd122.jpg,-1,unlabeled,0905a879-d869-4756-ab7a-b2f01e7dd122,unlabeled,-1,0,0.200450135731157,-1
data\unlabelled\096ae32e-065a-4a00-959a-e63b1b5c77d6.jpg,-1,unlabeled,096ae32e-065a-4a00-959a-e63b1b5c77d6,unlabeled,-1,0,0.2223776039966222,-1
data\unlabelled\097aeae8-d3da-4201-ac6c-fb697ee9df68.jpg,-1,unlabeled,097aeae8-d3da-4201-ac6c-fb697ee9df68,unlabeled,-1,1,0.2631796743065693,-1
data\unlabelled\09d56396-71e1-4c05-bf3f-ad755cb175a3.jpg,-1,unlabeled,09d56396-71e1-4c05-bf3f-ad755cb175a3,unlabeled,-1,0,0.2307100913408393,-1
data\unlabelled\09dece73-b184-494f-b636-f5d3113b6f3e.jpg,-1,unlabeled,09dece73-b184-494f-b636-f5d3113b6f3e,unlabeled,-1,0,0.3252128521214884,-1
data\unlabelled\09f30dac-5d5f-42bd-b9b9-43befa636dfd.jpg,-1,unlabeled,09f30dac-5d5f-42bd-b9b9-43befa636dfd,unlabeled,-1,1,0.14949790848359112,-1
data\unlabelled\0a196d89-4764-48b9-ac68-a8b1cb03d713.jpg,-1,unlabeled,0a196d89-4764-48b9-ac68-a8b1cb03d713,unlabeled,-1,1,0.2334125098945482,-1
data\unlabelled\0a2bf85c-5b87-4069-8d47-059594d7fe95.jpg,-1,unlabeled,0a2bf85c-5b87-4069-8d47-059594d7fe95,unlabeled,-1,1,0.2618854723304179,-1
data\unlabelled\0a3ac056-66c2-4c74-a857-07670a84928e.jpg,-1,unlabeled,0a3ac056-66c2-4c74-a857-07670a84928e,unlabeled,-1,0,0.2488842962617952,-1
data\unlabelled\0a592d17-b235-4d1f-950d-c90598e5d19e.jpg,-1,unlabeled,0a592d17-b235-4d1f-950d-c90598e5d19e,unlabeled,-1,1,0.18152528368810084,-1
data\unlabelled\0a648d43-8eac-4a02-a654-e003192e6647.jpg,-1,unlabeled,0a648d43-8eac-4a02-a654-e003192e6647,unlabeled,-1,0,0.30780961365608406,-1
data\unlabelled\0a781fe5-1d36-4035-8553-590e618b8ff2.jpg,-1,unlabeled,0a781fe5-1d36-4035-8553-590e618b8ff2,unlabeled,-1,1,0.0625342447731062,-1
data\unlabelled\0a82d661-71fa-4297-a271-e0f105fb5493.jpg,-1,unlabeled,0a82d661-71fa-4297-a271-e0f105fb5493,unlabeled,-1,0,0.03963418475410729,-1
data\unlabelled\0abaa5bb-40b8-4646-ba24-fae12891b8a4.jpg,-1,unlabeled,0abaa5bb-40b8-4646-ba24-fae12891b8a4,unlabeled,-1,0,0.045217649374813984,-1
data\unlabelled\0aed155d-d211-4e46-b762-25feff9a042d.jpg,-1,unlabeled,0aed155d-d211-4e46-b762-25feff9a042d,unlabeled,-1,1,0.2569061150997788,-1
data\unlabelled\0b1c07b9-ac3e-4107-8832-5399525f3b1f.jpg,-1,unlabeled,0b1c07b9-ac3e-4107-8832-5399525f3b1f,unlabeled,-1,1,0.27630322161038323,-1
data\unlabelled\0b52ef0e-2a70-40c9-902d-2fd6ce8f37bf.jpg,-1,unlabeled,0b52ef0e-2a70-40c9-902d-2fd6ce8f37bf,unlabeled,-1,1,0.30458165838055584,-1
data\unlabelled\0b89c970-7727-4316-af01-1b2ea58abecb.jpg,-1,unlabeled,0b89c970-7727-4316-af01-1b2ea58abecb,unlabeled,-1,0,0.35451823214746736,-1
data\unlabelled\0b95d2b0-db4a-4f15-a620-032b1b40cbea.jpg,-1,unlabeled,0b95d2b0-db4a-4f15-a620-032b1b40cbea,unlabeled,-1,1,0.25253451359663603,-1
data\unlabelled\0bc4000a-21dc-4b24-9d43-888d8696b860.jpg,-1,unlabeled,0bc4000a-21dc-4b24-9d43-888d8696b860,unlabeled,-1,0,0.16965738200735214,-1
data\unlabelled\0beafed8-1e3b-48a3-9bdb-4dbf96432dfd.jpg,-1,unlabeled,0beafed8-1e3b-48a3-9bdb-4dbf96432dfd,unlabeled,-1,1,0.2513120077784794,-1
data\unlabelled\0c0e7e81-ea8a-4854-901e-bf26be7514a0.jpg,-1,unlabeled,0c0e7e81-ea8a-4854-901e-bf26be7514a0,unlabeled,-1,1,0.20945827460450162,-1
data\unlabelled\0c2d6a27-24c2-43ff-9743-f080dca7d2aa.jpg,-1,unlabeled,0c2d6a27-24c2-43ff-9743-f080dca7d2aa,unlabeled,-1,1,0.163259523344068,-1
data\unlabelled\0c4c60e4-3201-429c-93dd-30c36ef4e2b4.jpg,-1,unlabeled,0c4c60e4-3201-429c-93dd-30c36ef4e2b4,unlabeled,-1,0,0.19309576890840185,-1
data\unlabelled\0c62cd9f-f625-4fc3-8e93-264a2436701c.jpg,-1,unlabeled,0c62cd9f-f625-4fc3-8e93-264a2436701c,unlabeled,-1,0,0.21348277917968694,-1
data\unlabelled\0cca1e2e-17f6-4f0d-a3f6-c2af1ca03d8a.jpg,-1,unlabeled,0cca1e2e-17f6-4f0d-a3f6-c2af1ca03d8a,unlabeled,-1,0,0.27022924595979825,-1
data\unlabelled\0ccc544b-06cd-4130-9864-0a94a632093b.jpg,-1,unlabeled,0ccc544b-06cd-4130-9864-0a94a632093b,unlabeled,-1,1,0.23055646674395558,-1
data\unlabelled\0cd4183f-123d-44ca-bb0d-040f9e698d24.jpg,-1,unlabeled,0cd4183f-123d-44ca-bb0d-040f9e698d24,unlabeled,-1,1,0.1299204438323307,-1
data\unlabelled\0d0ce970-cc7f-4ce2-8e42-65e259b5d2f7.jpg,-1,unlabeled,0d0ce970-cc7f-4ce2-8e42-65e259b5d2f7,unlabeled,-1,0,0.20529298508057614,-1
data\unlabelled\0d525cdf-aa38-4dd1-bc4b-df94ebdad32f.jpg,-1,unlabeled,0d525cdf-aa38-4dd1-bc4b-df94ebdad32f,unlabeled,-1,0,0.22312485712798458,-1
data\unlabelled\0d76d3dc-2285-4901-94c9-ee2fc0773dad.jpg,-1,unlabeled,0d76d3dc-2285-4901-94c9-ee2fc0773dad,unlabeled,-1,1,0.008412422626402738,-1
data\unlabelled\0de779c6-c7ba-46c7-a6be-3ada2795c545.jpg,-1,unlabeled,0de779c6-c7ba-46c7-a6be-3ada2795c545,unlabeled,-1,1,0.16158837783118052,-1
data\unlabelled\0de780a4-968f-41d7-9729-af487ddfa1a2.jpg,-1,unlabeled,0de780a4-968f-41d7-9729-af487ddfa1a2,unlabeled,-1,1,0.22324146373400378,-1
data\unlabelled\0e03c995-5e01-4d93-99bc-24db1ad09cd7.jpg,-1,unlabeled,0e03c995-5e01-4d93-99bc-24db1ad09cd7,unlabeled,-1,0,0.4139558364715725,-1
data\unlabelled\0e330b05-12c4-46f5-bcc8-edde0faa0b9e.jpg,-1,unlabeled,0e330b05-12c4-46f5-bcc8-edde0faa0b9e,unlabeled,-1,1,0.2772643634537162,-1
data\unlabelled\0e41c296-eebe-4d49-aa8c-b267bae40310.jpg,-1,unlabeled,0e41c296-eebe-4d49-aa8c-b267bae40310,unlabeled,-1,0,0.08054783383241748,-1
data\unlabelled\0e429956-8bfe-4517-8fe8-be42f0eab341.jpg,-1,unlabeled,0e429956-8bfe-4517-8fe8-be42f0eab341,unlabeled,-1,1,0.23434044666993226,-1
data\unlabelled\0e50ebae-64c8-4178-bca4-de37b348acdf.jpg,-1,unlabeled,0e50ebae-64c8-4178-bca4-de37b348acdf,unlabeled,-1,0,0.13044682328782575,-1
data\unlabelled\0e6c3f73-189a-420c-b17e-17dd19ac7736.jpg,-1,unlabeled,0e6c3f73-189a-420c-b17e-17dd19ac7736,unlabeled,-1,1,0.15363198517770205,-1
data\unlabelled\0e6c5eff-a995-4729-8dec-e46350621ceb.jpg,-1,unlabeled,0e6c5eff-a995-4729-8dec-e46350621ceb,unlabeled,-1,1,0.15102040040316012,-1
data\unlabelled\0e9a78ff-666b-49c6-bfd0-6ae96f650027.jpg,-1,unlabeled,0e9a78ff-666b-49c6-bfd0-6ae96f650027,unlabeled,-1,0,0.16029092058264593,-1
data\unlabelled\0ed34dbb-a47e-48d9-a528-e67aa13562e7.jpg,-1,unlabeled,0ed34dbb-a47e-48d9-a528-e67aa13562e7,unlabeled,-1,1,0.2264800321301469,-1
data\unlabelled\0f0acf02-b85a-4338-9eed-30a6ec0964a8.jpg,-1,unlabeled,0f0acf02-b85a-4338-9eed-30a6ec0964a8,unlabeled,-1,0,0.05769805928262639,-1
data\unlabelled\0f1671c9-0387-484e-8e31-61e1fe074e7b.jpg,-1,unlabeled,0f1671c9-0387-484e-8e31-61e1fe074e7b,unlabeled,-1,1,0.29172771736477576,-1
data\unlabelled\0f4162e3-e08f-4d7c-b4a9-6241511b0d74.jpg,-1,unlabeled,0f4162e3-e08f-4d7c-b4a9-6241511b0d74,unlabeled,-1,0,0.26297884682841777,-1
data\unlabelled\0f716a6b-8467-459c-bf58-4d34e9439d1d.jpg,-1,unlabeled,0f716a6b-8467-459c-bf58-4d34e9439d1d,unlabeled,-1,1,0.29702914579877737,-1
data\unlabelled\0f8e0e52-d574-48d4-91a4-9bd2ae88b4c6.jpg,-1,unlabeled,0f8e0e52-d574-48d4-91a4-9bd2ae88b4c6,unlabeled,-1,0,0.24085054295642017,-1
data\unlabelled\0ff7db8a-f8c2-4038-ab40-1d21295598dd.jpg,-1,unlabeled,0ff7db8a-f8c2-4038-ab40-1d21295598dd,unlabeled,-1,0,0.12989772430456847,-1
data\unlabelled\100d0f9e-344d-466b-99a7-ff8dd90b7611.jpg,-1,unlabeled,100d0f9e-344d-466b-99a7-ff8dd90b7611,unlabeled,-1,1,0.20180882315002713,-1
data\unlabelled\101076bc-091a-49ae-bd72-2ca97933f5a9.jpg,-1,unlabeled,101076bc-091a-49ae-bd72-2ca97933f5a9,unlabeled,-1,1,0.21666799496590972,-1
data\unlabelled\101be262-63cd-4a5d-ba17-15a92e881c50.jpg,-1,unlabeled,101be262-63cd-4a5d-ba17-15a92e881c50,unlabeled,-1,1,0.2161228509264721,-1
data\unlabelled\107d8f7a-af33-493c-aed2-895db3dd948f.jpg,-1,unlabeled,107d8f7a-af33-493c-aed2-895db3dd948f,unlabeled,-1,0,0.26932399739019686,-1
data\unlabelled\10ac7600-4206-4e17-a866-e4bbc536eaa7.jpg,-1,unlabeled,10ac7600-4206-4e17-a866-e4bbc536eaa7,unlabeled,-1,0,0.18514057963032382,-1
data\unlabelled\10d86392-5ab8-404c-9332-939a323dc8de.jpg,-1,unlabeled,10d86392-5ab8-404c-9332-939a323dc8de,unlabeled,-1,1,0.2595853827274144,-1
data\unlabelled\111a5049-e459-445e-919c-28af38320bd1.jpg,-1,unlabeled,111a5049-e459-445e-919c-28af38320bd1,unlabeled,-1,0,0.12379504460292878,-1
data\unlabelled\113a89a4-4822-45a2-8bb8-d21c629fac38.jpg,-1,unlabeled,113a89a4-4822-45a2-8bb8-d21c629fac38,unlabeled,-1,1,0.23561151209939757,-1
data\unlabelled\11698a42-88ac-4e65-8ea8-2e246db28656.jpg,-1,unlabeled,11698a42-88ac-4e65-8ea8-2e246db28656,unlabeled,-1,1,0.2701215480571121,-1
data\unlabelled\118bb3c1-4c17-4741-a7f2-b178f838fa6c.jpg,-1,unlabeled,118bb3c1-4c17-4741-a7f2-b178f838fa6c,unlabeled,-1,1,0.2506008034434922,-1
data\unlabelled\1194593c-7ccd-4bbd-bbec-fd08b75afe1e.jpg,-1,unlabeled,1194593c-7ccd-4bbd-bbec-fd08b75afe1e,unlabeled,-1,1,0.16850421926283032,-1
data\unlabelled\11c78766-42e7-4fd3-b335-ec952c7825a3.jpg,-1,unlabeled,11c78766-42e7-4fd3-b335-ec952c7825a3,unlabeled,-1,0,0.03639850762447305,-1
data\unlabelled\11e90ad1-ddfd-4104-9776-db82c455b47c.jpg,-1,unlabeled,11e90ad1-ddfd-4104-9776-db82c455b47c,unlabeled,-1,1,0.1797595598474595,-1
data\unlabelled\11f03e5d-e170-46cd-a732-e0a47e31ddd0.jpg,-1,unlabeled,11f03e5d-e170-46cd-a732-e0a47e31ddd0,unlabeled,-1,0,0.2941741938502721,-1
data\unlabelled\11f2b893-2739-4cef-9433-3b4a724270e9.jpg,-1,unlabeled,11f2b893-2739-4cef-9433-3b4a724270e9,unlabeled,-1,1,0.1084937463363912,-1
data\unlabelled\11fbbab2-b71f-43f1-b216-9232232322e9.jpg,-1,unlabeled,11fbbab2-b71f-43f1-b216-9232232322e9,unlabeled,-1,1,0.15049388241927697,-1
data\unlabelled\12067690-f1f6-4efc-b570-afc510336f10.jpg,-1,unlabeled,12067690-f1f6-4efc-b570-afc510336f10,unlabeled,-1,0,0.11068197779142108,-1
data\unlabelled\12098862-5468-4b73-b0ae-8c1708d0054f.jpg,-1,unlabeled,12098862-5468-4b73-b0ae-8c1708d0054f,unlabeled,-1,1,0.2059991479511185,-1
data\unlabelled\1212636e-421c-4f33-aa73-2abf061cd729.jpg,-1,unlabeled,1212636e-421c-4f33-aa73-2abf061cd729,unlabeled,-1,0,0.1071049648845569,-1
data\unlabelled\122a8afc-70ef-4cab-ba59-fc621d43fe19.jpg,-1,unlabeled,122a8afc-70ef-4cab-ba59-fc621d43fe19,unlabeled,-1,0,0.22362415668340985,-1
data\unlabelled\131400bc-ac37-42f8-9e8a-f96e5deae7d5.jpg,-1,unlabeled,131400bc-ac37-42f8-9e8a-f96e5deae7d5,unlabeled,-1,1,0.25165337648049746,-1
data\unlabelled\13a6b485-3471-4a4d-b3bd-0d26e374938d.jpg,-1,unlabeled,13a6b485-3471-4a4d-b3bd-0d26e374938d,unlabeled,-1,1,0.12806739542153533,-1
data\unlabelled\13eb3ad4-a065-4e25-888f-b125463dba24.jpg,-1,unlabeled,13eb3ad4-a065-4e25-888f-b125463dba24,unlabeled,-1,1,0.21432005671600818,-1
data\unlabelled\140df938-9d81-4fd3-806b-2b429eeb54cc.jpg,-1,unlabeled,140df938-9d81-4fd3-806b-2b429eeb54cc,unlabeled,-1,1,0.32894534180531054,-1
data\unlabelled\141ef676-419a-4247-af1b-b5635821ba29.jpg,-1,unlabeled,141ef676-419a-4247-af1b-b5635821ba29,unlabeled,-1,0,0.15268527944771393,-1
data\unlabelled\14285322-faf1-4587-8681-b1637e90abe1.jpg,-1,unlabeled,14285322-faf1-4587-8681-b1637e90abe1,unlabeled,-1,0,0.1851507844623398,-1
data\unlabelled\1447c990-df09-44f9-bbc6-a8e4ec3e7c33.jpg,-1,unlabeled,1447c990-df09-44f9-bbc6-a8e4ec3e7c33,unlabeled,-1,1,0.19995992388268402,-1
data\unlabelled\14f9055c-e72f-4d6e-8120-3cabaa1a1911.jpg,-1,unlabeled,14f9055c-e72f-4d6e-8120-3cabaa1a1911,unlabeled,-1,0,0.26530837754598,-1
data\unlabelled\15127f32-b7fc-4c5a-9721-c885bfedef71.jpg,-1,unlabeled,15127f32-b7fc-4c5a-9721-c885bfedef71,unlabeled,-1,0,0.28164098478414445,-1
data\unlabelled\1528e169-3252-4de9-add4-03c497faa42b.jpg,-1,unlabeled,1528e169-3252-4de9-add4-03c497faa42b,unlabeled,-1,1,0.21135830172004233,-1
data\unlabelled\153bfc9b-79f5-4e36-b253-78d5a1dd8066.jpg,-1,unlabeled,153bfc9b-79f5-4e36-b253-78d5a1dd8066,unlabeled,-1,1,0.2673318804662197,-1
data\unlabelled\1567a15d-5f22-46ca-a77c-cd88ee60b7fd.jpg,-1,unlabeled,1567a15d-5f22-46ca-a77c-cd88ee60b7fd,unlabeled,-1,1,0.196919847972733,-1
data\unlabelled\156ff8c8-8941-4692-8d13-a6e19a755277.jpg,-1,unlabeled,156ff8c8-8941-4692-8d13-a6e19a755277,unlabeled,-1,1,0.29013356201056995,-1
data\unlabelled\15e2a58c-8b50-481e-bcb0-b9b4b2e16a26.jpg,-1,unlabeled,15e2a58c-8b50-481e-bcb0-b9b4b2e16a26,unlabeled,-1,1,0.1582734104795379,-1
data\unlabelled\160219f1-5b85-4655-b7ca-038a20164df1.jpg,-1,unlabeled,160219f1-5b85-4655-b7ca-038a20164df1,unlabeled,-1,1,0.18338783420556604,-1
data\unlabelled\165b8eae-0f3c-47c8-b5ba-eabf18b15000.jpg,-1,unlabeled,165b8eae-0f3c-47c8-b5ba-eabf18b15000,unlabeled,-1,1,0.14581677401013438,-1
data\unlabelled\1672b52c-2238-4e29-91b7-0be7113b6870.jpg,-1,unlabeled,1672b52c-2238-4e29-91b7-0be7113b6870,unlabeled,-1,1,0.21388873789835627,-1
data\unlabelled\16a16991-7c89-47c9-b96d-256ea1566f7c.jpg,-1,unlabeled,16a16991-7c89-47c9-b96d-256ea1566f7c,unlabeled,-1,0,0.204224381791122,-1
data\unlabelled\16c95930-a0c3-49d7-9d09-813d796db9e7.jpg,-1,unlabeled,16c95930-a0c3-49d7-9d09-813d796db9e7,unlabeled,-1,1,0.10842618405545668,-1
data\unlabelled\16cf3809-cbe8-45b9-8cec-3fc528ec5f31.jpg,-1,unlabeled,16cf3809-cbe8-45b9-8cec-3fc528ec5f31,unlabeled,-1,1,0.14822375719245484,-1
data\unlabelled\16d0e74d-62f5-40d8-8f2f-3ca4752c3203.jpg,-1,unlabeled,16d0e74d-62f5-40d8-8f2f-3ca4752c3203,unlabeled,-1,0,0.24948684969412338,-1
data\unlabelled\16f86049-de6f-44e6-a7f0-5d46a223cee1.jpg,-1,unlabeled,16f86049-de6f-44e6-a7f0-5d46a223cee1,unlabeled,-1,1,0.3271263093242508,-1
data\unlabelled\1734f1c3-dc3a-4130-a94f-9836c8db4458.jpg,-1,unlabeled,1734f1c3-dc3a-4130-a94f-9836c8db4458,unlabeled,-1,1,0.0623379015923059,-1
data\unlabelled\17435d59-0819-4e99-b85a-435e13079291.jpg,-1,unlabeled,17435d59-0819-4e99-b85a-435e13079291,unlabeled,-1,1,0.3017819252402022,-1
data\unlabelled\176911ef-fb4a-4bd2-b480-df63e7ef8ea7.jpg,-1,unlabeled,176911ef-fb4a-4bd2-b480-df63e7ef8ea7,unlabeled,-1,0,0.15820863816521702,-1
data\unlabelled\1782f7fc-1cda-46c0-a644-e2d6d6ab8301.jpg,-1,unlabeled,1782f7fc-1cda-46c0-a644-e2d6d6ab8301,unlabeled,-1,1,0.16542796403555882,-1
data\unlabelled\17a0afbb-f7eb-415b-a909-14d625a20c49.jpg,-1,unlabeled,17a0afbb-f7eb-415b-a909-14d625a20c49,unlabeled,-1,1,0.23565922521379745,-1
data\unlabelled\17a51238-6b2e-4a63-9fa4-232fc89bf6a5.jpg,-1,unlabeled,17a51238-6b2e-4a63-9fa4-232fc89bf6a5,unlabeled,-1,1,0.23202003689201522,-1
data\unlabelled\17fa3bf0-3fe1-44ae-b516-d6ef2f23fa48.jpg,-1,unlabeled,17fa3bf0-3fe1-44ae-b516-d6ef2f23fa48,unlabeled,-1,1,0.18243286997830988,-1
data\unlabelled\18011cd7-53f6-4189-93f0-9e5456154720.jpg,-1,unlabeled,18011cd7-53f6-4189-93f0-9e5456154720,unlabeled,-1,0,0.05050888723076097,-1
data\unlabelled\18322501-e80d-4458-8d1b-1d3485ca3a6a.jpg,-1,unlabeled,18322501-e80d-4458-8d1b-1d3485ca3a6a,unlabeled,-1,1,0.2839426508230499,-1
data\unlabelled\18599c4b-13b7-434f-a6fc-4ab53c41aa95.jpg,-1,unlabeled,18599c4b-13b7-434f-a6fc-4ab53c41aa95,unlabeled,-1,0,0.26696841518494907,-1
data\unlabelled\1890fd3b-fbd5-49e8-86d8-ffedb7e73814.jpg,-1,unlabeled,1890fd3b-fbd5-49e8-86d8-ffedb7e73814,unlabeled,-1,0,0.11911926985481514,-1
data\unlabelled\189fe672-dc1c-48b9-a4e7-aaa7ebee30f3.jpg,-1,unlabeled,189fe672-dc1c-48b9-a4e7-aaa7ebee30f3,unlabeled,-1,0,0.13381679677090963,-1
data\unlabelled\194106ce-8b9a-4a6f-b82d-643f09169c9f.jpg,-1,unlabeled,194106ce-8b9a-4a6f-b82d-643f09169c9f,unlabeled,-1,0,0.3769012515010832,-1
data\unlabelled\195f3bcf-ce89-41d8-a330-8fe8389a9a63.jpg,-1,unlabeled,195f3bcf-ce89-41d8-a330-8fe8389a9a63,unlabeled,-1,0,0.2353103107707576,-1
data\unlabelled\198fc151-a170-4ede-8b54-6a8d66af4741.jpg,-1,unlabeled,198fc151-a170-4ede-8b54-6a8d66af4741,unlabeled,-1,1,0.2294869431534835,-1
data\unlabelled\19c67523-55dc-44b2-8887-a1e7f3f7eddf.jpg,-1,unlabeled,19c67523-55dc-44b2-8887-a1e7f3f7eddf,unlabeled,-1,0,0.0015107960218967431,-1
data\unlabelled\1a308b44-87af-4ff2-8b88-da32c6df05af.jpg,-1,unlabeled,1a308b44-87af-4ff2-8b88-da32c6df05af,unlabeled,-1,1,0.27187835505706526,-1
data\unlabelled\1a3bf8e3-abb6-4200-b899-c756bee02d81.jpg,-1,unlabeled,1a3bf8e3-abb6-4200-b899-c756bee02d81,unlabeled,-1,1,0.1743060319948817,-1
data\unlabelled\1ac88e1b-f635-42c4-81d2-e8c784b8fd33.jpg,-1,unlabeled,1ac88e1b-f635-42c4-81d2-e8c784b8fd33,unlabeled,-1,1,0.2651204263804745,-1
data\unlabelled\1b12dae4-85d9-4b23-b93c-ebbab0eef531.jpg,-1,unlabeled,1b12dae4-85d9-4b23-b93c-ebbab0eef531,unlabeled,-1,1,0.1668804969741262,-1
data\unlabelled\1b73a930-df46-4138-9999-c2196a5dfe55.jpg,-1,unlabeled,1b73a930-df46-4138-9999-c2196a5dfe55,unlabeled,-1,1,0.22018989994039628,-1
data\unlabelled\1b9cf459-c862-4782-9464-49f0a37a484d.jpg,-1,unlabeled,1b9cf459-c862-4782-9464-49f0a37a484d,unlabeled,-1,0,0.24023728997451432,-1
data\unlabelled\1bc063fa-c3ce-44e1-bd90-7e9aab3fee83.jpg,-1,unlabeled,1bc063fa-c3ce-44e1-bd90-7e9aab3fee83,unlabeled,-1,1,0.2669237465702827,-1
data\unlabelled\1be0ace1-a982-4cb1-ba98-7f17518035ca.jpg,-1,unlabeled,1be0ace1-a982-4cb1-ba98-7f17518035ca,unlabeled,-1,0,0.08569778487238988,-1
data\unlabelled\1be11da9-3864-4551-b6b3-e5a860d5bc3d.jpg,-1,unlabeled,1be11da9-3864-4551-b6b3-e5a860d5bc3d,unlabeled,-1,1,0.268665771906596,-1
data\unlabelled\1bfd6d5d-3222-4643-8bcb-2aee360b7c0e.jpg,-1,unlabeled,1bfd6d5d-3222-4643-8bcb-2aee360b7c0e,unlabeled,-1,1,0.26240323362883233,-1
data\unlabelled\1c33c5bf-5966-4745-9ba0-1b0b2e724c6f.jpg,-1,unlabeled,1c33c5bf-5966-4745-9ba0-1b0b2e724c6f,unlabeled,-1,1,0.15396103944680906,-1
data\unlabelled\1c4c6352-597e-4e49-8cb3-3e6197d9661a.jpg,-1,unlabeled,1c4c6352-597e-4e49-8cb3-3e6197d9661a,unlabeled,-1,1,0.05541530801740935,-1
data\unlabelled\1ca0593f-48ae-478a-b80e-6c70b5fc180c.jpg,-1,unlabeled,1ca0593f-48ae-478a-b80e-6c70b5fc180c,unlabeled,-1,0,0.11094627217750508,-1
data\unlabelled\1cbec944-70f1-415e-a62d-192ca92c0cf9.jpg,-1,unlabeled,1cbec944-70f1-415e-a62d-192ca92c0cf9,unlabeled,-1,0,0.07516628759566035,-1
data\unlabelled\1cdb5a0b-e8e5-46b1-a9aa-da15d21d070b.jpg,-1,unlabeled,1cdb5a0b-e8e5-46b1-a9aa-da15d21d070b,unlabeled,-1,0,0.20981148949869954,-1
data\unlabelled\1cee76e0-5ad8-4ae2-be33-b5779fc7ca5b.jpg,-1,unlabeled,1cee76e0-5ad8-4ae2-be33-b5779fc7ca5b,unlabeled,-1,0,0.14678556680098043,-1
data\unlabelled\1d9eb250-cca0-4666-834c-640166b27b3e.jpg,-1,unlabeled,1d9eb250-cca0-4666-834c-640166b27b3e,unlabeled,-1,0,0.29512550308125574,-1
data\unlabelled\1dc2c0d1-bf36-4b03-a250-1ecc3be7e8fe.jpg,-1,unlabeled,1dc2c0d1-bf36-4b03-a250-1ecc3be7e8fe,unlabeled,-1,1,0.13213950889941517,-1
data\unlabelled\1dd22de5-a53a-4697-a3b0-9f24f35fa7e9.jpg,-1,unlabeled,1dd22de5-a53a-4697-a3b0-9f24f35fa7e9,unlabeled,-1,0,0.20898930356934764,-1
data\unlabelled\1ddf5fa5-9379-423f-b599-cd9c7e6aa42c.jpg,-1,unlabeled,1ddf5fa5-9379-423f-b599-cd9c7e6aa42c,unlabeled,-1,1,0.10336452505438753,-1
data\unlabelled\1def01bc-1c88-40a1-8c55-e1c748952af2.jpg,-1,unlabeled,1def01bc-1c88-40a1-8c55-e1c748952af2,unlabeled,-1,1,0.011426398284471229,-1
data\unlabelled\1e07b53a-7dff-496f-8e56-9ffbda1f3062.jpg,-1,unlabeled,1e07b53a-7dff-496f-8e56-9ffbda1f3062,unlabeled,-1,0,0.018308208925130298,-1
data\unlabelled\1e6bf052-8e82-45c3-95fe-40f996e5d6e5.jpg,-1,unlabeled,1e6bf052-8e82-45c3-95fe-40f996e5d6e5,unlabeled,-1,1,0.21939982327727492,-1
data\unlabelled\1e7b48e7-c206-4428-ad08-20dc11a6b5a5.jpg,-1,unlabeled,1e7b48e7-c206-4428-ad08-20dc11a6b5a5,unlabeled,-1,0,0.22735428004524239,-1
data\unlabelled\1e88fb67-f3b6-4cd1-a6c0-70ec6c6c3b1e.jpg,-1,unlabeled,1e88fb67-f3b6-4cd1-a6c0-70ec6c6c3b1e,unlabeled,-1,0,0.23272372119521922,-1
data\unlabelled\1eb51839-c8dc-4410-a22f-548285e2ecdf.jpg,-1,unlabeled,1eb51839-c8dc-4410-a22f-548285e2ecdf,unlabeled,-1,0,0.01885068659676481,-1
data\unlabelled\1f1d3f05-58a4-43bb-9757-2663d06dc45b.jpg,-1,unlabeled,1f1d3f05-58a4-43bb-9757-2663d06dc45b,unlabeled,-1,1,0.16696979838145354,-1
data\unlabelled\1f34ffca-95a8-40d1-8ce5-daf2d5186c84.jpg,-1,unlabeled,1f34ffca-95a8-40d1-8ce5-daf2d5186c84,unlabeled,-1,0,0.172217854010965,-1
data\unlabelled\1f3e3789-04a9-4350-8b79-69adf73ce077.jpg,-1,unlabeled,1f3e3789-04a9-4350-8b79-69adf73ce077,unlabeled,-1,0,0.07295951954569391,-1
data\unlabelled\1f43b1d5-d6fb-4da9-b952-153230b3d786.jpg,-1,unlabeled,1f43b1d5-d6fb-4da9-b952-153230b3d786,unlabeled,-1,1,0.006964789323431142,-1
data\unlabelled\1fa28180-7d76-4715-9775-331fc368a61b.jpg,-1,unlabeled,1fa28180-7d76-4715-9775-331fc368a61b,unlabeled,-1,0,0.33476710909167817,-1
data\unlabelled\1fa589e0-0d6d-4bd3-9134-961fb3e14f8f.jpg,-1,unlabeled,1fa589e0-0d6d-4bd3-9134-961fb3e14f8f,unlabeled,-1,1,0.28076833497749687,-1
data\unlabelled\1fafde0a-7b47-476d-943e-47b0018d58db.jpg,-1,unlabeled,1fafde0a-7b47-476d-943e-47b0018d58db,unlabeled,-1,0,0.3085286728435701,-1
data\unlabelled\1fc889f8-e3d2-4483-92d2-4f81bcaefe7d.jpg,-1,unlabeled,1fc889f8-e3d2-4483-92d2-4f81bcaefe7d,unlabeled,-1,1,0.16645711601644775,-1
data\unlabelled\1fca4a00-3eb2-4667-9f39-697ae1480926.jpg,-1,unlabeled,1fca4a00-3eb2-4667-9f39-697ae1480926,unlabeled,-1,1,0.26117910897772356,-1
data\unlabelled\2003b9d5-b9f6-40c3-b0e1-dd6118850112.jpg,-1,unlabeled,2003b9d5-b9f6-40c3-b0e1-dd6118850112,unlabeled,-1,0,0.3173622479408972,-1
data\unlabelled\201a4b53-cca5-4923-a87f-36178d619635.jpg,-1,unlabeled,201a4b53-cca5-4923-a87f-36178d619635,unlabeled,-1,1,0.18333270604986995,-1
data\unlabelled\2032cd73-403b-4732-ab13-c731bba7d370.jpg,-1,unlabeled,2032cd73-403b-4732-ab13-c731bba7d370,unlabeled,-1,1,0.1842301646122595,-1
data\unlabelled\20583523-e96c-48b1-9e05-0f9bd74bcd92.jpg,-1,unlabeled,20583523-e96c-48b1-9e05-0f9bd74bcd92,unlabeled,-1,1,0.23182164690190055,-1
data\unlabelled\2067808c-0990-433a-a8a1-b663f1a460b3.jpg,-1,unlabeled,2067808c-0990-433a-a8a1-b663f1a460b3,unlabeled,-1,1,0.2724787008501205,-1
data\unlabelled\20a81a33-5a41-4ea5-8a1c-e6411ad18fad.jpg,-1,unlabeled,20a81a33-5a41-4ea5-8a1c-e6411ad18fad,unlabeled,-1,1,0.22215171925408594,-1
data\unlabelled\20f6276d-b530-40a1-9000-6fa99c78af38.jpg,-1,unlabeled,20f6276d-b530-40a1-9000-6fa99c78af38,unlabeled,-1,0,0.19882075963709878,-1
data\unlabelled\21012c06-2739-4789-8c6c-7d9dd3a8c0c9.jpg,-1,unlabeled,21012c06-2739-4789-8c6c-7d9dd3a8c0c9,unlabeled,-1,0,0.00749478802582515,-1
data\unlabelled\210facbb-8d77-4a08-9f8e-f52d0c9872c9.jpg,-1,unlabeled,210facbb-8d77-4a08-9f8e-f52d0c9872c9,unlabeled,-1,0,0.010871702504424374,-1
data\unlabelled\214ae8cc-6d28-4f2a-8172-7023efb00d06.jpg,-1,unlabeled,214ae8cc-6d28-4f2a-8172-7023efb00d06,unlabeled,-1,0,0.269623479002173,-1
data\unlabelled\2150e80f-cc5c-4be3-a102-f288c418631c.jpg,-1,unlabeled,2150e80f-cc5c-4be3-a102-f288c418631c,unlabeled,-1,1,0.1827884578676401,-1
data\unlabelled\21797d47-01df-487a-a98c-5bc0c9bf6f41.jpg,-1,unlabeled,21797d47-01df-487a-a98c-5bc0c9bf6f41,unlabeled,-1,0,0.03639850940122891,-1
data\unlabelled\21915aea-8e4a-462a-a9f0-f28f88d739a5.jpg,-1,unlabeled,21915aea-8e4a-462a-a9f0-f28f88d739a5,unlabeled,-1,1,0.1544369946542924,-1
data\unlabelled\21ba4389-dd6d-420f-a764-8fec9af826e7.jpg,-1,unlabeled,21ba4389-dd6d-420f-a764-8fec9af826e7,unlabeled,-1,1,0.182246916813403,-1
data\unlabelled\21e0f7bc-571d-4917-b59d-94acf6e2ebb6.jpg,-1,unlabeled,21e0f7bc-571d-4917-b59d-94acf6e2ebb6,unlabeled,-1,0,0.19672260703639866,-1
data\unlabelled\224880e9-c10f-4de6-b2f2-32d06dd8a295.jpg,-1,unlabeled,224880e9-c10f-4de6-b2f2-32d06dd8a295,unlabeled,-1,0,0.11320526770642347,-1
data\unlabelled\227fd1b8-0717-4aad-839f-606c00e59b2c.jpg,-1,unlabeled,227fd1b8-0717-4aad-839f-606c00e59b2c,unlabeled,-1,0,0.11379462406509644,-1
data\unlabelled\2290b921-dacb-455d-9f85-d91dc2ce5ccd.jpg,-1,unlabeled,2290b921-dacb-455d-9f85-d91dc2ce5ccd,unlabeled,-1,1,0.21897064953064804,-1
data\unlabelled\22b4faf1-e172-4bae-86f9-d2635bdcdf5c.jpg,-1,unlabeled,22b4faf1-e172-4bae-86f9-d2635bdcdf5c,unlabeled,-1,1,0.05683752898575001,-1
data\unlabelled\22e19048-13e2-4291-aa71-662bfad293fc.jpg,-1,unlabeled,22e19048-13e2-4291-aa71-662bfad293fc,unlabeled,-1,1,0.15672225076646829,-1
data\unlabelled\22efad41-71a8-4ac4-8ba7-731a22fc8f0f.jpg,-1,unlabeled,22efad41-71a8-4ac4-8ba7-731a22fc8f0f,unlabeled,-1,0,0.24720216341635237,-1
data\unlabelled\23506eb1-8cd8-4558-836c-1835ee1ca61b.jpg,-1,unlabeled,23506eb1-8cd8-4558-836c-1835ee1ca61b,unlabeled,-1,1,0.1110952717578082,-1
data\unlabelled\2376fe70-b559-4581-bb79-205dc68cb714.jpg,-1,unlabeled,2376fe70-b559-4581-bb79-205dc68cb714,unlabeled,-1,0,0.09916845804895857,-1
data\unlabelled\239b9986-e7d3-4a2f-a259-0947eef56f52.jpg,-1,unlabeled,239b9986-e7d3-4a2f-a259-0947eef56f52,unlabeled,-1,1,0.30415090332108674,-1
data\unlabelled\23ca8438-4ed8-44b3-98fc-be7c9ec11e73.jpg,-1,unlabeled,23ca8438-4ed8-44b3-98fc-be7c9ec11e73,unlabeled,-1,0,0.2612492709475954,-1
data\unlabelled\2430d4d6-160d-4b17-b479-6ba9a4181379.jpg,-1,unlabeled,2430d4d6-160d-4b17-b479-6ba9a4181379,unlabeled,-1,0,0.043301111091299305,-1
data\unlabelled\243243ad-a8e1-4761-9800-6d32fb4cdfe6.jpg,-1,unlabeled,243243ad-a8e1-4761-9800-6d32fb4cdfe6,unlabeled,-1,1,0.254988990666116,-1
data\unlabelled\2433d50c-ce05-4641-8db6-515a8a1bf78e.jpg,-1,unlabeled,2433d50c-ce05-4641-8db6-515a8a1bf78e,unlabeled,-1,1,0.1273097926435015,-1
data\unlabelled\2437d69e-8b9e-41e8-ac0f-06b1b9595cd3.jpg,-1,unlabeled,2437d69e-8b9e-41e8-ac0f-06b1b9595cd3,unlabeled,-1,1,0.16446090549587145,-1
data\unlabelled\2439ba57-aa49-4cab-8b55-b20309852f4d.jpg,-1,unlabeled,2439ba57-aa49-4cab-8b55-b20309852f4d,unlabeled,-1,1,0.28993936838293155,-1
data\unlabelled\246f3294-b91c-47cf-9436-0c214197be2e.jpg,-1,unlabeled,246f3294-b91c-47cf-9436-0c214197be2e,unlabeled,-1,0,0.17369936655056206,-1
data\unlabelled\24747dd0-93e1-43bd-b824-15b973b1585e.jpg,-1,unlabeled,24747dd0-93e1-43bd-b824-15b973b1585e,unlabeled,-1,0,0.3903984440207391,-1
data\unlabelled\249b655c-d37c-4e75-be45-0e687624b238.jpg,-1,unlabeled,249b655c-d37c-4e75-be45-0e687624b238,unlabeled,-1,1,0.21405116695044213,-1
data\unlabelled\24e82706-723d-419a-8f93-519ebabbd8a4.jpg,-1,unlabeled,24e82706-723d-419a-8f93-519ebabbd8a4,unlabeled,-1,0,0.33260273006523977,-1
data\unlabelled\25250488-7283-4694-9748-af05b55cb8d1.jpg,-1,unlabeled,25250488-7283-4694-9748-af05b55cb8d1,unlabeled,-1,1,0.15005266659795324,-1
data\unlabelled\25262647-af5a-4f96-b728-b440d0e854b5.jpg,-1,unlabeled,25262647-af5a-4f96-b728-b440d0e854b5,unlabeled,-1,1,0.16747606629921175,-1
data\unlabelled\254784f6-116e-4b70-a5b3-44e924817123.jpg,-1,unlabeled,254784f6-116e-4b70-a5b3-44e924817123,unlabeled,-1,1,0.21814464536715783,-1
data\unlabelled\2572db89-6df6-47a4-b395-a834b8541a28.jpg,-1,unlabeled,2572db89-6df6-47a4-b395-a834b8541a28,unlabeled,-1,0,0.2630719754688402,-1
data\unlabelled\25e31a25-25eb-4c22-a414-0fb8eae6cf09.jpg,-1,unlabeled,25e31a25-25eb-4c22-a414-0fb8eae6cf09,unlabeled,-1,1,0.23504047043742993,-1
data\unlabelled\25f9bbfb-a9ec-46ef-8d26-70ff3b5ef97e.jpg,-1,unlabeled,25f9bbfb-a9ec-46ef-8d26-70ff3b5ef97e,unlabeled,-1,1,0.29634420432892805,-1
data\unlabelled\26677725-4da4-4321-866b-63a12675640b.jpg,-1,unlabeled,26677725-4da4-4321-866b-63a12675640b,unlabeled,-1,1,0.2373794207221861,-1
data\unlabelled\269f1282-607d-4700-a8fa-3b560422946c.jpg,-1,unlabeled,269f1282-607d-4700-a8fa-3b560422946c,unlabeled,-1,0,0.18692272391082487,-1
data\unlabelled\26ff3a8d-93cb-43de-aa5a-e71b74348b3b.jpg,-1,unlabeled,26ff3a8d-93cb-43de-aa5a-e71b74348b3b,unlabeled,-1,0,0.25088061138281825,-1
data\unlabelled\278518df-2894-4e70-8a6f-96d47064ee24.jpg,-1,unlabeled,278518df-2894-4e70-8a6f-96d47064ee24,unlabeled,-1,1,0.22649503155042305,-1
data\unlabelled\27ca19d4-03b2-4968-90c0-855c32d76c13.jpg,-1,unlabeled,27ca19d4-03b2-4968-90c0-855c32d76c13,unlabeled,-1,1,0.15687867915851506,-1
data\unlabelled\27d67b82-affc-4e61-862d-6e2945bede3c.jpg,-1,unlabeled,27d67b82-affc-4e61-862d-6e2945bede3c,unlabeled,-1,0,0.23374733515757418,-1
data\unlabelled\281e0073-c700-4afe-80a6-560e62e13c9a.jpg,-1,unlabeled,281e0073-c700-4afe-80a6-560e62e13c9a,unlabeled,-1,0,0.17115643373631206,-1
data\unlabelled\2836c6e4-a50e-4f96-a057-33405b18de0d.jpg,-1,unlabeled,2836c6e4-a50e-4f96-a057-33405b18de0d,unlabeled,-1,1,0.18816347675581857,-1
data\unlabelled\28b8dde6-866d-4f55-921b-ba2c9829dac1.jpg,-1,unlabeled,28b8dde6-866d-4f55-921b-ba2c9829dac1,unlabeled,-1,0,0.004498133344792099,-1
data\unlabelled\28f55fc6-1d27-4aed-9b19-96b9075a5622.jpg,-1,unlabeled,28f55fc6-1d27-4aed-9b19-96b9075a5622,unlabeled,-1,1,0.20379969824982458,-1
data\unlabelled\2912ea6b-9800-49be-95bf-43b21cc4d196.jpg,-1,unlabeled,2912ea6b-9800-49be-95bf-43b21cc4d196,unlabeled,-1,0,0.15250803038253713,-1
data\unlabelled\2918e699-5fee-4936-90a8-7e61827ee531.jpg,-1,unlabeled,2918e699-5fee-4936-90a8-7e61827ee531,unlabeled,-1,0,0.30478799463310613,-1
data\unlabelled\29db9197-93a5-47c7-bb20-038cf02d25a1.jpg,-1,unlabeled,29db9197-93a5-47c7-bb20-038cf02d25a1,unlabeled,-1,0,0.2539857801914084,-1
data\unlabelled\2a098f48-f13b-462e-9f59-7232cf01db8e.jpg,-1,unlabeled,2a098f48-f13b-462e-9f59-7232cf01db8e,unlabeled,-1,1,0.20243440411601032,-1
data\unlabelled\2a103299-4ee4-416e-bf86-cb4f06c96897.jpg,-1,unlabeled,2a103299-4ee4-416e-bf86-cb4f06c96897,unlabeled,-1,1,0.19653422626421946,-1
data\unlabelled\2a1ec20f-9ca1-4804-b5cf-301be078be80.jpg,-1,unlabeled,2a1ec20f-9ca1-4804-b5cf-301be078be80,unlabeled,-1,0,0.07366914734779895,-1
data\unlabelled\2a28835d-bf8b-4a84-88ca-822c5e411b6a.jpg,-1,unlabeled,2a28835d-bf8b-4a84-88ca-822c5e411b6a,unlabeled,-1,1,0.1384157523720948,-1
data\unlabelled\2a6017d7-244c-49ae-90f0-f3e5f445d90c.jpg,-1,unlabeled,2a6017d7-244c-49ae-90f0-f3e5f445d90c,unlabeled,-1,1,0.2219065808970342,-1
data\unlabelled\2a87b19d-f000-4432-b702-9608707d35af.jpg,-1,unlabeled,2a87b19d-f000-4432-b702-9608707d35af,unlabeled,-1,1,0.1407996620938725,-1
data\unlabelled\2aaee55e-bd7c-4b53-bc10-f0655e9c343c.jpg,-1,unlabeled,2aaee55e-bd7c-4b53-bc10-f0655e9c343c,unlabeled,-1,1,0.301709736067184,-1
data\unlabelled\2ba54f20-318c-4c04-b110-0ae0b80f60df.jpg,-1,unlabeled,2ba54f20-318c-4c04-b110-0ae0b80f60df,unlabeled,-1,0,0.35218928116257786,-1
data\unlabelled\2baa54db-96b9-4ec0-ab61-c948aaac28e9.jpg,-1,unlabeled,2baa54db-96b9-4ec0-ab61-c948aaac28e9,unlabeled,-1,1,0.050500343357818056,-1
data\unlabelled\2bc7df2a-1e79-4217-8c1d-8ed01ea05d34.jpg,-1,unlabeled,2bc7df2a-1e79-4217-8c1d-8ed01ea05d34,unlabeled,-1,0,0.22685693675860763,-1
data\unlabelled\2c053bfd-7f9c-46f1-99fb-36320171040c.jpg,-1,unlabeled,2c053bfd-7f9c-46f1-99fb-36320171040c,unlabeled,-1,1,0.2093350984075507,-1
data\unlabelled\2c2f3300-5848-4b58-a872-b46d7f8c9833.jpg,-1,unlabeled,2c2f3300-5848-4b58-a872-b46d7f8c9833,unlabeled,-1,0,0.08037238368082666,-1
data\unlabelled\2c4fa56e-5827-4398-8d9c-9b7a8ad5b1cf.jpg,-1,unlabeled,2c4fa56e-5827-4398-8d9c-9b7a8ad5b1cf,unlabeled,-1,1,0.31340109424236784,-1
data\unlabelled\2c6c06be-eb1f-464a-88f8-6f6ad0f639f2.jpg,-1,unlabeled,2c6c06be-eb1f-464a-88f8-6f6ad0f639f2,unlabeled,-1,1,0.24464281947881472,-1
data\unlabelled\2d1efda4-14be-478c-922e-4949e3580eb4.jpg,-1,unlabeled,2d1efda4-14be-478c-922e-4949e3580eb4,unlabeled,-1,0,0.26562751622488256,-1
data\unlabelled\2daa3746-ce60-4272-a2ea-397e5b761951.jpg,-1,unlabeled,2daa3746-ce60-4272-a2ea-397e5b761951,unlabeled,-1,1,0.11984568992155742,-1
data\unlabelled\2e039f72-ee1f-4bef-a7ee-ac814fb510b6.jpg,-1,unlabeled,2e039f72-ee1f-4bef-a7ee-ac814fb510b6,unlabeled,-1,1,0.24584915290578302,-1
data\unlabelled\2e0fca33-43ed-4b12-b24e-3d232e89c380.jpg,-1,unlabeled,2e0fca33-43ed-4b12-b24e-3d232e89c380,unlabeled,-1,0,0.19598258790209577,-1
data\unlabelled\2e255b7b-ccf0-4e3a-95cf-eb4460d5ae85.jpg,-1,unlabeled,2e255b7b-ccf0-4e3a-95cf-eb4460d5ae85,unlabeled,-1,1,0.2567249916911456,-1
data\unlabelled\2e671412-32fd-4136-9844-f7053b0696c9.jpg,-1,unlabeled,2e671412-32fd-4136-9844-f7053b0696c9,unlabeled,-1,1,0.22152256392760383,-1
data\unlabelled\2e851a56-15c3-4063-b004-382142142e97.jpg,-1,unlabeled,2e851a56-15c3-4063-b004-382142142e97,unlabeled,-1,1,0.2759675977604923,-1
data\unlabelled\2e9e766f-a7c2-4f8c-92e1-5cddb977bca6.jpg,-1,unlabeled,2e9e766f-a7c2-4f8c-92e1-5cddb977bca6,unlabeled,-1,0,0.19967890742506078,-1
data\unlabelled\2eadfe64-153b-4bd5-901e-13081fb7255b.jpg,-1,unlabeled,2eadfe64-153b-4bd5-901e-13081fb7255b,unlabeled,-1,0,0.24618864953859976,-1
data\unlabelled\2eb47d1a-f7b6-447b-832d-5d56ef7be20c.jpg,-1,unlabeled,2eb47d1a-f7b6-447b-832d-5d56ef7be20c,unlabeled,-1,1,0.19478157196262824,-1
data\unlabelled\2eba5393-94d5-4341-b3cd-2f6f26e27b78.jpg,-1,unlabeled,2eba5393-94d5-4341-b3cd-2f6f26e27b78,unlabeled,-1,1,0.05781023151426068,-1
data\unlabelled\2ebe1d0a-8b43-4ca1-b375-8aad317ab286.jpg,-1,unlabeled,2ebe1d0a-8b43-4ca1-b375-8aad317ab286,unlabeled,-1,0,0.29853834158596926,-1
data\unlabelled\2f0c7977-339e-4e46-b412-c8fd1a8d05b0.jpg,-1,unlabeled,2f0c7977-339e-4e46-b412-c8fd1a8d05b0,unlabeled,-1,0,0.23475415045177006,-1
data\unlabelled\2f29298b-db7b-4513-97c2-fed64d1f884c.jpg,-1,unlabeled,2f29298b-db7b-4513-97c2-fed64d1f884c,unlabeled,-1,1,0.14547539450788927,-1
data\unlabelled\2f4afc63-e538-4ff1-9171-cfec5ea3ac60.jpg,-1,unlabeled,2f4afc63-e538-4ff1-9171-cfec5ea3ac60,unlabeled,-1,0,0.24112587538582742,-1
data\unlabelled\2f75f594-2252-4e72-98a3-19b63f7a8bb0.jpg,-1,unlabeled,2f75f594-2252-4e72-98a3-19b63f7a8bb0,unlabeled,-1,1,0.21763446284064747,-1
data\unlabelled\2f8b9176-5606-4628-9a01-8ba1870e4eba.jpg,-1,unlabeled,2f8b9176-5606-4628-9a01-8ba1870e4eba,unlabeled,-1,0,0.2919240619383472,-1
data\unlabelled\2fac4138-8d2b-45bb-811b-0f0890b0af58.jpg,-1,unlabeled,2fac4138-8d2b-45bb-811b-0f0890b0af58,unlabeled,-1,0,0.13088244696054085,-1
data\unlabelled\3019cc7d-ae57-4887-9d9a-b1b063478a62.jpg,-1,unlabeled,3019cc7d-ae57-4887-9d9a-b1b063478a62,unlabeled,-1,1,0.1910425474930323,-1
data\unlabelled\302226bb-03f5-437b-8f97-f023756010ae.jpg,-1,unlabeled,302226bb-03f5-437b-8f97-f023756010ae,unlabeled,-1,1,0.31113878037780307,-1
data\unlabelled\30244647-0ef7-459e-b72f-1aafa4b277c6.jpg,-1,unlabeled,30244647-0ef7-459e-b72f-1aafa4b277c6,unlabeled,-1,1,0.254987354495835,-1
data\unlabelled\30542835-e44f-4f33-b4ab-2cdaa7095eaf.jpg,-1,unlabeled,30542835-e44f-4f33-b4ab-2cdaa7095eaf,unlabeled,-1,1,0.023393829722448634,-1
data\unlabelled\3058ed0b-2e00-4383-9cb6-8d425be1d69b.jpg,-1,unlabeled,3058ed0b-2e00-4383-9cb6-8d425be1d69b,unlabeled,-1,0,0.16939165637954656,-1
data\unlabelled\30c19127-f3e9-421f-9847-dcf07db7d493.jpg,-1,unlabeled,30c19127-f3e9-421f-9847-dcf07db7d493,unlabeled,-1,0,0.13630062664083809,-1
data\unlabelled\30f4d898-458b-420e-b687-9fd4a12eedcc.jpg,-1,unlabeled,30f4d898-458b-420e-b687-9fd4a12eedcc,unlabeled,-1,0,0.3374580196990419,-1
data\unlabelled\30ffee72-6e84-4d01-88a3-a09769c1b6cf.jpg,-1,unlabeled,30ffee72-6e84-4d01-88a3-a09769c1b6cf,unlabeled,-1,1,0.08352818092389758,-1
data\unlabelled\3131e231-a5f8-4a5d-99e2-166cd2bc6122.jpg,-1,unlabeled,3131e231-a5f8-4a5d-99e2-166cd2bc6122,unlabeled,-1,1,0.22376174630276402,-1
data\unlabelled\31456af0-7c27-436d-9ca4-d9bb1477ad63.jpg,-1,unlabeled,31456af0-7c27-436d-9ca4-d9bb1477ad63,unlabeled,-1,0,0.22577032563397703,-1
data\unlabelled\317c9a6a-1657-4c88-9c01-fb2ea0863b01.jpg,-1,unlabeled,317c9a6a-1657-4c88-9c01-fb2ea0863b01,unlabeled,-1,1,0.21720925647809186,-1
data\unlabelled\31a2a5e5-aa2b-423f-ac11-509e43e10517.jpg,-1,unlabeled,31a2a5e5-aa2b-423f-ac11-509e43e10517,unlabeled,-1,1,0.21727251225804012,-1
data\unlabelled\31cb7436-c933-4e01-a60a-d8e7ede8fe68.jpg,-1,unlabeled,31cb7436-c933-4e01-a60a-d8e7ede8fe68,unlabeled,-1,0,0.177595629227564,-1
data\unlabelled\31d0ec8d-0411-438f-9ab2-ac02f0bb5775.jpg,-1,unlabeled,31d0ec8d-0411-438f-9ab2-ac02f0bb5775,unlabeled,-1,0,0.21861232807089437,-1
data\unlabelled\31dfb326-02c8-43d8-9fe9-b71554519dbb.jpg,-1,unlabeled,31dfb326-02c8-43d8-9fe9-b71554519dbb,unlabeled,-1,1,0.29364952149455303,-1
data\unlabelled\31e15e3c-5481-462d-99cb-29091c42cab8.jpg,-1,unlabeled,31e15e3c-5481-462d-99cb-29091c42cab8,unlabeled,-1,0,0.24764660270758165,-1
data\unlabelled\32179fa4-f41e-45cb-b8fd-a5ed748b6e0c.jpg,-1,unlabeled,32179fa4-f41e-45cb-b8fd-a5ed748b6e0c,unlabeled,-1,1,0.17621048478954804,-1
data\unlabelled\322e02de-5c43-40b3-ba94-1c8992d000a9.jpg,-1,unlabeled,322e02de-5c43-40b3-ba94-1c8992d000a9,unlabeled,-1,0,0.15109609361363585,-1
data\unlabelled\3274a331-b75d-4a2d-98ef-9a479a6c0bb4.jpg,-1,unlabeled,3274a331-b75d-4a2d-98ef-9a479a6c0bb4,unlabeled,-1,1,0.24769328819712033,-1
data\unlabelled\32caf3b1-12a7-4479-8100-ba6bc4871c19.jpg,-1,unlabeled,32caf3b1-12a7-4479-8100-ba6bc4871c19,unlabeled,-1,0,0.18420157481015476,-1
data\unlabelled\32e39df2-7d70-4840-9499-a67e3732c15e.jpg,-1,unlabeled,32e39df2-7d70-4840-9499-a67e3732c15e,unlabeled,-1,1,0.16727027768067682,-1
data\unlabelled\3321576b-367a-4938-8d64-67e51250b119.jpg,-1,unlabeled,3321576b-367a-4938-8d64-67e51250b119,unlabeled,-1,1,0.32394489861206566,-1
data\unlabelled\3387325e-d04f-474f-b92c-ddcd30ec1459.jpg,-1,unlabeled,3387325e-d04f-474f-b92c-ddcd30ec1459,unlabeled,-1,0,0.14527812286734398,-1
data\unlabelled\33a155f9-8a6b-44fc-a8ae-7113b07b8f91.jpg,-1,unlabeled,33a155f9-8a6b-44fc-a8ae-7113b07b8f91,unlabeled,-1,0,0.027755638700289853,-1
data\unlabelled\33a6d838-67db-4ad2-a67a-b4d4b641ec8a.jpg,-1,unlabeled,33a6d838-67db-4ad2-a67a-b4d4b641ec8a,unlabeled,-1,1,0.21551949960503147,-1
data\unlabelled\342d6428-161c-44ed-9d64-06bcf5dce28e.jpg,-1,unlabeled,342d6428-161c-44ed-9d64-06bcf5dce28e,unlabeled,-1,1,0.1316588709158334,-1
data\unlabelled\3439c8c8-38fc-4eee-9cf8-2aa45984ef2f.jpg,-1,unlabeled,3439c8c8-38fc-4eee-9cf8-2aa45984ef2f,unlabeled,-1,0,0.2630810912255709,-1
data\unlabelled\344323e8-0de6-4be6-96c8-8500ac8cc99a.jpg,-1,unlabeled,344323e8-0de6-4be6-96c8-8500ac8cc99a,unlabeled,-1,1,0.24377808654577726,-1
data\unlabelled\34540c92-4a23-4cfd-98ad-f3c6b3945f4d.jpg,-1,unlabeled,34540c92-4a23-4cfd-98ad-f3c6b3945f4d,unlabeled,-1,1,0.07267504159152072,-1
data\unlabelled\3467158c-3697-47f1-a536-52cca45f79c2.jpg,-1,unlabeled,3467158c-3697-47f1-a536-52cca45f79c2,unlabeled,-1,1,0.21972763177469723,-1
data\unlabelled\349a5dee-ae7f-4de8-a34f-b34f593d1b60.jpg,-1,unlabeled,349a5dee-ae7f-4de8-a34f-b34f593d1b60,unlabeled,-1,0,0.36380436213479683,-1
data\unlabelled\34b18f32-9585-47b3-8b06-e3f3f824cc4f.jpg,-1,unlabeled,34b18f32-9585-47b3-8b06-e3f3f824cc4f,unlabeled,-1,1,0.25311743682744847,-1
data\unlabelled\34e338eb-7878-434e-91c2-02c21dd0ef90.jpg,-1,unlabeled,34e338eb-7878-434e-91c2-02c21dd0ef90,unlabeled,-1,0,0.1614150754345972,-1
data\unlabelled\356d690f-490f-45e0-8eef-70159517d826.jpg,-1,unlabeled,356d690f-490f-45e0-8eef-70159517d826,unlabeled,-1,1,0.15598023146603102,-1
data\unlabelled\356e6bfb-7450-4b8c-bbcd-a249aff5df0b.jpg,-1,unlabeled,356e6bfb-7450-4b8c-bbcd-a249aff5df0b,unlabeled,-1,1,0.14875586799709273,-1
data\unlabelled\3606e8dc-a4e9-445b-a8ee-bf5c97132bbd.jpg,-1,unlabeled,3606e8dc-a4e9-445b-a8ee-bf5c97132bbd,unlabeled,-1,1,0.03944871078147372,-1
data\unlabelled\36237878-c00d-4943-9ae5-66858bf5f88c.jpg,-1,unlabeled,36237878-c00d-4943-9ae5-66858bf5f88c,unlabeled,-1,0,0.36516427539025464,-1
data\unlabelled\363de948-eb0e-44f4-91dd-c2dc770cd908.jpg,-1,unlabeled,363de948-eb0e-44f4-91dd-c2dc770cd908,unlabeled,-1,0,0.06374874217858129,-1
data\unlabelled\36aa97d2-9e9b-4d5a-8b69-ac719d8012e9.jpg,-1,unlabeled,36aa97d2-9e9b-4d5a-8b69-ac719d8012e9,unlabeled,-1,1,0.2679717167538055,-1
data\unlabelled\36d73f55-0c1c-4e0e-8d95-44a7a86f2bce.jpg,-1,unlabeled,36d73f55-0c1c-4e0e-8d95-44a7a86f2bce,unlabeled,-1,1,0.27860926104567063,-1
data\unlabelled\36f49b25-9b44-4539-a281-133ea3b82e57.jpg,-1,unlabeled,36f49b25-9b44-4539-a281-133ea3b82e57,unlabeled,-1,1,0.3140469453156167,-1
data\unlabelled\37930978-9a33-452a-9f2b-514a882cfcb1.jpg,-1,unlabeled,37930978-9a33-452a-9f2b-514a882cfcb1,unlabeled,-1,1,0.20738941168789793,-1
data\unlabelled\379370a3-44c0-419c-941f-dd99692e70e2.jpg,-1,unlabeled,379370a3-44c0-419c-941f-dd99692e70e2,unlabeled,-1,1,0.28960077267644924,-1
data\unlabelled\38330f8d-b1b3-4c5d-a9aa-5637ea96a44d.jpg,-1,unlabeled,38330f8d-b1b3-4c5d-a9aa-5637ea96a44d,unlabeled,-1,1,0.1581894604656091,-1
data\unlabelled\391fa099-33ae-4f27-bbbc-248f072a9373.jpg,-1,unlabeled,391fa099-33ae-4f27-bbbc-248f072a9373,unlabeled,-1,1,0.17011005871529083,-1
data\unlabelled\39212733-698a-40da-9b79-43ba2eb9917c.jpg,-1,unlabeled,39212733-698a-40da-9b79-43ba2eb9917c,unlabeled,-1,1,0.18749893414702035,-1
data\unlabelled\39adbd1c-e78f-4e0f-97e6-af1cdbbe8789.jpg,-1,unlabeled,39adbd1c-e78f-4e0f-97e6-af1cdbbe8789,unlabeled,-1,1,0.13430326497033207,-1
data\unlabelled\3a0ffe76-2d79-4426-bb1c-e3ae39ef3c03.jpg,-1,unlabeled,3a0ffe76-2d79-4426-bb1c-e3ae39ef3c03,unlabeled,-1,1,0.2047551711147645,-1
data\unlabelled\3a1ca119-8f2b-4337-9df5-89dfc23dc9e4.jpg,-1,unlabeled,3a1ca119-8f2b-4337-9df5-89dfc23dc9e4,unlabeled,-1,1,0.1893478696375931,-1
data\unlabelled\3a572471-d25c-44a5-a164-1c015e03e655.jpg,-1,unlabeled,3a572471-d25c-44a5-a164-1c015e03e655,unlabeled,-1,0,0.16939169472776594,-1
data\unlabelled\3a6c4f41-df0e-4234-aff8-ada90e4a99db.jpg,-1,unlabeled,3a6c4f41-df0e-4234-aff8-ada90e4a99db,unlabeled,-1,0,0.2320526354390965,-1
data\unlabelled\3ae4539c-96a8-4428-a555-29753b701ce0.jpg,-1,unlabeled,3ae4539c-96a8-4428-a555-29753b701ce0,unlabeled,-1,1,0.29439109359580384,-1
data\unlabelled\3afd9d56-d6e9-4d81-bdf7-2ee60e20f366.jpg,-1,unlabeled,3afd9d56-d6e9-4d81-bdf7-2ee60e20f366,unlabeled,-1,1,0.188139873201014,-1
data\unlabelled\3aff54be-b7ff-4071-abce-a25915bb0453.jpg,-1,unlabeled,3aff54be-b7ff-4071-abce-a25915bb0453,unlabeled,-1,1,0.29333567188696796,-1
data\unlabelled\3b0a6481-33b8-47b5-b1b5-a87f612468c8.jpg,-1,unlabeled,3b0a6481-33b8-47b5-b1b5-a87f612468c8,unlabeled,-1,1,0.19632566256059858,-1
data\unlabelled\3b1f05e1-7b97-4e82-9574-61f36a179d1c.jpg,-1,unlabeled,3b1f05e1-7b97-4e82-9574-61f36a179d1c,unlabeled,-1,1,0.24827623160214785,-1
data\unlabelled\3b44606b-e7fe-4d15-9609-d11cc657fd6f.jpg,-1,unlabeled,3b44606b-e7fe-4d15-9609-d11cc657fd6f,unlabeled,-1,1,0.15979098160471883,-1
data\unlabelled\3b763d9e-91a1-403e-8c0c-edd716c08251.jpg,-1,unlabeled,3b763d9e-91a1-403e-8c0c-edd716c08251,unlabeled,-1,0,0.1990559352651441,-1
data\unlabelled\3b9acde3-0830-4ad3-95ac-fd47b5a7f2e7.jpg,-1,unlabeled,3b9acde3-0830-4ad3-95ac-fd47b5a7f2e7,unlabeled,-1,1,0.2254475081711168,-1
data\unlabelled\3bf6c1a5-f039-4408-8034-4c575ab55e7b.jpg,-1,unlabeled,3bf6c1a5-f039-4408-8034-4c575ab55e7b,unlabeled,-1,0,0.13525909871732233,-1
data\unlabelled\3d044239-3bcc-4511-a52f-c415b51e5f58.jpg,-1,unlabeled,3d044239-3bcc-4511-a52f-c415b51e5f58,unlabeled,-1,1,0.17815007967018281,-1
data\unlabelled\3d09671b-9479-4ec9-a9cf-2934ad88657b.jpg,-1,unlabeled,3d09671b-9479-4ec9-a9cf-2934ad88657b,unlabeled,-1,0,0.0563957002102039,-1
data\unlabelled\3d19107a-9578-481b-9063-791dd3c2f06f.jpg,-1,unlabeled,3d19107a-9578-481b-9063-791dd3c2f06f,unlabeled,-1,1,0.25600952536356947,-1
data\unlabelled\3d6aa1fe-6c9f-4afa-a499-dc909d838e98.jpg,-1,unlabeled,3d6aa1fe-6c9f-4afa-a499-dc909d838e98,unlabeled,-1,1,0.19770041454498433,-1
data\unlabelled\3d793a95-4fa0-4cd9-8017-0dd7e5fd1d20.jpg,-1,unlabeled,3d793a95-4fa0-4cd9-8017-0dd7e5fd1d20,unlabeled,-1,1,0.19699047748276566,-1
data\unlabelled\3d93aeef-b3f6-4b56-a9db-271eb2a012bf.jpg,-1,unlabeled,3d93aeef-b3f6-4b56-a9db-271eb2a012bf,unlabeled,-1,1,0.23136979106178746,-1
data\unlabelled\3dba1589-a66c-4282-afe8-5b25c19a2990.jpg,-1,unlabeled,3dba1589-a66c-4282-afe8-5b25c19a2990,unlabeled,-1,0,0.07027561860858245,-1
data\unlabelled\3de3c09a-52bc-4915-bb84-61a0cfedf855.jpg,-1,unlabeled,3de3c09a-52bc-4915-bb84-61a0cfedf855,unlabeled,-1,1,0.12538485833488378,-1
data\unlabelled\3e3bc53d-e0df-450f-b93b-9d3e6060e195.jpg,-1,unlabeled,3e3bc53d-e0df-450f-b93b-9d3e6060e195,unlabeled,-1,0,0.2941457652607533,-1
data\unlabelled\3e5acc42-321e-45eb-ba51-ecca20a29587.jpg,-1,unlabeled,3e5acc42-321e-45eb-ba51-ecca20a29587,unlabeled,-1,1,0.2593340460228104,-1
data\unlabelled\3ead2ab0-c386-48b7-8e2f-77b0a7219695.jpg,-1,unlabeled,3ead2ab0-c386-48b7-8e2f-77b0a7219695,unlabeled,-1,1,0.028523535282233503,-1
data\unlabelled\3efef3cf-866e-477d-8371-ce2de57bdb8b.jpg,-1,unlabeled,3efef3cf-866e-477d-8371-ce2de57bdb8b,unlabeled,-1,0,0.2923515065334442,-1
data\unlabelled\3f29902a-53f3-4335-9b45-fea429402145.jpg,-1,unlabeled,3f29902a-53f3-4335-9b45-fea429402145,unlabeled,-1,0,0.23478788675860063,-1
data\unlabelled\3f344776-95e6-403b-9624-08234c01d2c2.jpg,-1,unlabeled,3f344776-95e6-403b-9624-08234c01d2c2,unlabeled,-1,1,0.2059350241318627,-1
data\unlabelled\3f5ace85-69f1-4cad-82d3-2d85ba19c5d9.jpg,-1,unlabeled,3f5ace85-69f1-4cad-82d3-2d85ba19c5d9,unlabeled,-1,1,0.26289278525567994,-1
data\unlabelled\3faa6891-dd9c-41b2-aca3-0b87b22eb6b6.jpg,-1,unlabeled,3faa6891-dd9c-41b2-aca3-0b87b22eb6b6,unlabeled,-1,1,0.23445038295998566,-1
data\unlabelled\3fc6f478-c3ef-4df8-a016-17c9c28805d5.jpg,-1,unlabeled,3fc6f478-c3ef-4df8-a016-17c9c28805d5,unlabeled,-1,1,0.10760426908076492,-1
data\unlabelled\3fd266be-c678-4720-a098-e03acdd357ec.jpg,-1,unlabeled,3fd266be-c678-4720-a098-e03acdd357ec,unlabeled,-1,1,0.26591434543695225,-1
data\unlabelled\40077be9-cf60-4d6c-a01b-6de6bb7cf4c1.jpg,-1,unlabeled,40077be9-cf60-4d6c-a01b-6de6bb7cf4c1,unlabeled,-1,1,0.2620872389764344,-1
data\unlabelled\40a84ff8-47bf-4962-80d1-98ab2bf63a4d.jpg,-1,unlabeled,40a84ff8-47bf-4962-80d1-98ab2bf63a4d,unlabeled,-1,0,0.2817877173302925,-1
data\unlabelled\40b1313e-6c50-488f-9066-bfefc7c5b2e1.jpg,-1,unlabeled,40b1313e-6c50-488f-9066-bfefc7c5b2e1,unlabeled,-1,0,0.24503397848101816,-1
data\unlabelled\40b5615a-890b-458f-af87-20cec67dc51b.jpg,-1,unlabeled,40b5615a-890b-458f-af87-20cec67dc51b,unlabeled,-1,1,0.19452741921303673,-1
data\unlabelled\40e7db67-c2e3-4f79-943d-d6ac5b35cf2e.jpg,-1,unlabeled,40e7db67-c2e3-4f79-943d-d6ac5b35cf2e,unlabeled,-1,0,0.23553653113237083,-1
data\unlabelled\41360b65-66a4-47c0-a2c6-6db7bb2c6518.jpg,-1,unlabeled,41360b65-66a4-47c0-a2c6-6db7bb2c6518,unlabeled,-1,1,0.24021492063933092,-1
data\unlabelled\41393bf4-fb5c-46a7-8f81-5262658865f8.jpg,-1,unlabeled,41393bf4-fb5c-46a7-8f81-5262658865f8,unlabeled,-1,0,0.0052248776423317045,-1
data\unlabelled\4167f137-70aa-4295-9237-e6f3d8ddec87.jpg,-1,unlabeled,4167f137-70aa-4295-9237-e6f3d8ddec87,unlabeled,-1,1,0.15253263760393698,-1
data\unlabelled\4171779c-96fe-4b29-afa0-c71919507cc3.jpg,-1,unlabeled,4171779c-96fe-4b29-afa0-c71919507cc3,unlabeled,-1,1,0.09965741857261223,-1
data\unlabelled\41b08a1e-2cff-48e3-a659-c0e1e658e7fc.jpg,-1,unlabeled,41b08a1e-2cff-48e3-a659-c0e1e658e7fc,unlabeled,-1,1,0.10914967424855782,-1
data\unlabelled\41d0f225-4842-4b7b-9e54-9952e603e03f.jpg,-1,unlabeled,41d0f225-4842-4b7b-9e54-9952e603e03f,unlabeled,-1,1,0.26535787079027884,-1
data\unlabelled\420bc65c-4456-45ff-b5b4-19ba112649c3.jpg,-1,unlabeled,420bc65c-4456-45ff-b5b4-19ba112649c3,unlabeled,-1,0,0.27323499710024435,-1
data\unlabelled\4212e469-4106-4e65-bd52-814351f05619.jpg,-1,unlabeled,4212e469-4106-4e65-bd52-814351f05619,unlabeled,-1,1,0.24416082272692718,-1
data\unlabelled\4235abf9-6849-4a61-b70e-96317f1548c6.jpg,-1,unlabeled,4235abf9-6849-4a61-b70e-96317f1548c6,unlabeled,-1,1,0.22834263383722497,-1
data\unlabelled\4245d386-f23e-4f0e-b5e6-dc141da90edb.jpg,-1,unlabeled,4245d386-f23e-4f0e-b5e6-dc141da90edb,unlabeled,-1,0,0.1531008282902936,-1
data\unlabelled\425208de-a7b6-48b4-a44c-3e5199b97fef.jpg,-1,unlabeled,425208de-a7b6-48b4-a44c-3e5199b97fef,unlabeled,-1,1,0.16384009480934647,-1
data\unlabelled\425c79ee-7d27-4f56-bc4a-1379504fc2a7.jpg,-1,unlabeled,425c79ee-7d27-4f56-bc4a-1379504fc2a7,unlabeled,-1,0,0.24061156309348797,-1
data\unlabelled\4277ef53-5782-4d64-a82d-6b44fbac28db.jpg,-1,unlabeled,4277ef53-5782-4d64-a82d-6b44fbac28db,unlabeled,-1,1,0.1798957821306827,-1
data\unlabelled\42d9ce05-9a99-4f86-b7fa-807a3f62396b.jpg,-1,unlabeled,42d9ce05-9a99-4f86-b7fa-807a3f62396b,unlabeled,-1,0,0.25426228537826123,-1
data\unlabelled\438833fd-6e2c-4a08-915e-dd984764fa0e.jpg,-1,unlabeled,438833fd-6e2c-4a08-915e-dd984764fa0e,unlabeled,-1,0,0.29031830296734085,-1
data\unlabelled\43dbbbbc-4970-46ef-8f45-20aec836e19a.jpg,-1,unlabeled,43dbbbbc-4970-46ef-8f45-20aec836e19a,unlabeled,-1,1,0.23656436830650585,-1
data\unlabelled\43e52669-bf1e-468a-a962-e2cb5b258314.jpg,-1,unlabeled,43e52669-bf1e-468a-a962-e2cb5b258314,unlabeled,-1,1,0.17801379980803433,-1
data\unlabelled\44139282-f2e8-4ab1-b16c-d459a0a33a89.jpg,-1,unlabeled,44139282-f2e8-4ab1-b16c-d459a0a33a89,unlabeled,-1,1,0.1249014326461455,-1
data\unlabelled\4424d3a7-1d99-4e69-9e1b-ca4b6f3c9cbf.jpg,-1,unlabeled,4424d3a7-1d99-4e69-9e1b-ca4b6f3c9cbf,unlabeled,-1,1,0.035264474158097414,-1
data\unlabelled\44303155-6799-420d-a55d-99e018674515.jpg,-1,unlabeled,44303155-6799-420d-a55d-99e018674515,unlabeled,-1,1,0.24070765970605534,-1
data\unlabelled\444fe6ac-f7e6-47ae-acbb-3a50c39d9c6e.jpg,-1,unlabeled,444fe6ac-f7e6-47ae-acbb-3a50c39d9c6e,unlabeled,-1,1,0.20384732477388479,-1
data\unlabelled\445cf17d-d94e-4c4d-928f-75ef64f771e9.jpg,-1,unlabeled,445cf17d-d94e-4c4d-928f-75ef64f771e9,unlabeled,-1,1,0.18948338659351394,-1
data\unlabelled\448dad51-615d-4a17-84bc-588412fb79f4.jpg,-1,unlabeled,448dad51-615d-4a17-84bc-588412fb79f4,unlabeled,-1,0,0.2047167490813281,-1
data\unlabelled\4542a953-9f45-49ca-b90b-502fd29732c7.jpg,-1,unlabeled,4542a953-9f45-49ca-b90b-502fd29732c7,unlabeled,-1,1,0.3490407974272324,-1
data\unlabelled\4545f8d2-4fb5-49c2-bb0d-eb2d5372e1f6.jpg,-1,unlabeled,4545f8d2-4fb5-49c2-bb0d-eb2d5372e1f6,unlabeled,-1,0,0.07785722214145396,-1
data\unlabelled\45d918bb-f290-4a21-8cc9-a139377498d8.jpg,-1,unlabeled,45d918bb-f290-4a21-8cc9-a139377498d8,unlabeled,-1,0,0.12927471394084067,-1
data\unlabelled\46718442-5923-4b9f-b2f4-c64d55cdbb7b.jpg,-1,unlabeled,46718442-5923-4b9f-b2f4-c64d55cdbb7b,unlabeled,-1,1,0.17140048186238477,-1
data\unlabelled\470ac80f-4c53-41b5-a903-6054e4f7d424.jpg,-1,unlabeled,470ac80f-4c53-41b5-a903-6054e4f7d424,unlabeled,-1,1,0.17700682183413985,-1
data\unlabelled\470fdac5-3acb-4d5a-aa31-aaf866697c44.jpg,-1,unlabeled,470fdac5-3acb-4d5a-aa31-aaf866697c44,unlabeled,-1,1,0.18113093644072276,-1
data\unlabelled\473788b6-9e8e-449e-82fe-c4f75c13ad96.jpg,-1,unlabeled,473788b6-9e8e-449e-82fe-c4f75c13ad96,unlabeled,-1,1,0.021391984729516866,-1
data\unlabelled\478a4925-c244-4ad7-9df0-a22840d9a508.jpg,-1,unlabeled,478a4925-c244-4ad7-9df0-a22840d9a508,unlabeled,-1,1,0.14821035236485713,-1
data\unlabelled\47abe1b3-9a05-4d39-bae6-f3287dfffa60.jpg,-1,unlabeled,47abe1b3-9a05-4d39-bae6-f3287dfffa60,unlabeled,-1,1,0.2898916011056841,-1
data\unlabelled\4847c338-78a2-4d87-a820-058ce5ebb809.jpg,-1,unlabeled,4847c338-78a2-4d87-a820-058ce5ebb809,unlabeled,-1,1,0.2625345472733154,-1
data\unlabelled\4855f846-6416-4708-8d81-e9e077c340b3.jpg,-1,unlabeled,4855f846-6416-4708-8d81-e9e077c340b3,unlabeled,-1,1,0.049203752298111136,-1
data\unlabelled\48707112-26c5-4351-ba2d-ea391da2c900.jpg,-1,unlabeled,48707112-26c5-4351-ba2d-ea391da2c900,unlabeled,-1,0,0.27986813114097764,-1
data\unlabelled\487ce1da-e303-4e8d-bcc4-9e857ad7b982.jpg,-1,unlabeled,487ce1da-e303-4e8d-bcc4-9e857ad7b982,unlabeled,-1,1,0.2714693460465375,-1
data\unlabelled\48a96c9e-737b-4604-b619-9ba6d533a449.jpg,-1,unlabeled,48a96c9e-737b-4604-b619-9ba6d533a449,unlabeled,-1,1,0.24335459486557076,-1
data\unlabelled\48db0c1b-9bf0-4260-8de9-59ba582b8c64.jpg,-1,unlabeled,48db0c1b-9bf0-4260-8de9-59ba582b8c64,unlabeled,-1,1,0.0229323892056692,-1
data\unlabelled\4940c0e4-2564-446d-a31e-49730bace275.jpg,-1,unlabeled,4940c0e4-2564-446d-a31e-49730bace275,unlabeled,-1,0,0.27185209454268766,-1
data\unlabelled\49439d86-3c4a-4e7a-ae95-f5c545a07faf.jpg,-1,unlabeled,49439d86-3c4a-4e7a-ae95-f5c545a07faf,unlabeled,-1,1,0.10935353751015442,-1
data\unlabelled\4969375d-41fa-4be7-bd79-ac39227781ab.jpg,-1,unlabeled,4969375d-41fa-4be7-bd79-ac39227781ab,unlabeled,-1,1,0.14031357718643056,-1
data\unlabelled\49a9090d-d087-46e5-9309-8a6ba68df5cb.jpg,-1,unlabeled,49a9090d-d087-46e5-9309-8a6ba68df5cb,unlabeled,-1,0,0.22669356579856093,-1
data\unlabelled\4a0dcb3d-b143-4a64-8665-d150a0397f9d.jpg,-1,unlabeled,4a0dcb3d-b143-4a64-8665-d150a0397f9d,unlabeled,-1,1,0.004197799683165471,-1
data\unlabelled\4a4822ad-22e0-4dac-a072-18fe2824cc9f.jpg,-1,unlabeled,4a4822ad-22e0-4dac-a072-18fe2824cc9f,unlabeled,-1,0,0.22233899419515257,-1
data\unlabelled\4a607152-f955-4c6c-becd-44d73e22988d.jpg,-1,unlabeled,4a607152-f955-4c6c-becd-44d73e22988d,unlabeled,-1,0,0.17954208643352798,-1
data\unlabelled\4a64d369-e33e-46fc-812a-b02ef91337c0.jpg,-1,unlabeled,4a64d369-e33e-46fc-812a-b02ef91337c0,unlabeled,-1,1,0.1918392861923952,-1
data\unlabelled\4a84d005-84db-4ce5-81c1-ef1b39b9c219.jpg,-1,unlabeled,4a84d005-84db-4ce5-81c1-ef1b39b9c219,unlabeled,-1,0,0.2241706470959942,-1
data\unlabelled\4ab4a1fe-973b-4d6f-9efd-3803308a3554.jpg,-1,unlabeled,4ab4a1fe-973b-4d6f-9efd-3803308a3554,unlabeled,-1,0,0.2951255171447352,-1
data\unlabelled\4ad95ffb-24ab-40f0-88f2-22b36a6b2906.jpg,-1,unlabeled,4ad95ffb-24ab-40f0-88f2-22b36a6b2906,unlabeled,-1,1,0.140656508662946,-1
data\unlabelled\4b1c65e8-d1c8-46d2-a32f-f47da2f7b33e.jpg,-1,unlabeled,4b1c65e8-d1c8-46d2-a32f-f47da2f7b33e,unlabeled,-1,1,0.23737762118870542,-1
data\unlabelled\4b217ca0-4e5f-4d5e-a71d-b9f992e43281.jpg,-1,unlabeled,4b217ca0-4e5f-4d5e-a71d-b9f992e43281,unlabeled,-1,1,0.14979632703590928,-1
data\unlabelled\4bc797d8-30f1-45b4-ae60-1eb83188c8db.jpg,-1,unlabeled,4bc797d8-30f1-45b4-ae60-1eb83188c8db,unlabeled,-1,1,0.267651929125271,-1
data\unlabelled\4beb7ae1-51f0-48f2-bc18-a13500e164ef.jpg,-1,unlabeled,4beb7ae1-51f0-48f2-bc18-a13500e164ef,unlabeled,-1,1,0.268915853931578,-1
data\unlabelled\4c7dd03b-a2d7-4008-9f72-b62d0f958e63.jpg,-1,unlabeled,4c7dd03b-a2d7-4008-9f72-b62d0f958e63,unlabeled,-1,0,0.18783313532688173,-1
data\unlabelled\4ca7ee0c-f302-4ffa-af58-0e845e4e2aba.jpg,-1,unlabeled,4ca7ee0c-f302-4ffa-af58-0e845e4e2aba,unlabeled,-1,1,0.19268640824156236,-1
data\unlabelled\4cc8628e-3700-45cc-9bd3-30c727c42a46.jpg,-1,unlabeled,4cc8628e-3700-45cc-9bd3-30c727c42a46,unlabeled,-1,1,0.22764864395196405,-1
data\unlabelled\4d0e8bfd-1207-471b-9266-384ee890470a.jpg,-1,unlabeled,4d0e8bfd-1207-471b-9266-384ee890470a,unlabeled,-1,1,0.24383995363950195,-1
data\unlabelled\4d16f5d0-bb48-4571-a231-ed67a5d6dd5e.jpg,-1,unlabeled,4d16f5d0-bb48-4571-a231-ed67a5d6dd5e,unlabeled,-1,0,0.18364896022678212,-1
data\unlabelled\4d276aed-3ddd-4af8-a79b-2649a9cfcd2b.jpg,-1,unlabeled,4d276aed-3ddd-4af8-a79b-2649a9cfcd2b,unlabeled,-1,0,0.23999984925944995,-1
data\unlabelled\4de2f2d2-e55a-419f-9180-cb248afd5546.jpg,-1,unlabeled,4de2f2d2-e55a-419f-9180-cb248afd5546,unlabeled,-1,1,0.2528039862857705,-1
data\unlabelled\4dea203c-6caf-4232-a8d8-af8b1eb5b286.jpg,-1,unlabeled,4dea203c-6caf-4232-a8d8-af8b1eb5b286,unlabeled,-1,0,0.08845393778932797,-1
data\unlabelled\4e2a2ed8-cc16-4b42-b67e-59f949e07654.jpg,-1,unlabeled,4e2a2ed8-cc16-4b42-b67e-59f949e07654,unlabeled,-1,0,0.2797197113174571,-1
data\unlabelled\4e3b417f-147f-4fe8-8539-e21bdf25ae7c.jpg,-1,unlabeled,4e3b417f-147f-4fe8-8539-e21bdf25ae7c,unlabeled,-1,0,0.2613495209319303,-1
data\unlabelled\4e485909-c17c-473b-a216-2ff0609db39f.jpg,-1,unlabeled,4e485909-c17c-473b-a216-2ff0609db39f,unlabeled,-1,0,0.3576166029358927,-1
data\unlabelled\4ed9890b-5bc7-4467-ae5f-2e10bd59040c.jpg,-1,unlabeled,4ed9890b-5bc7-4467-ae5f-2e10bd59040c,unlabeled,-1,1,0.3012573403473403,-1
data\unlabelled\4f5106a7-6369-43e6-88d8-d751965465ab.jpg,-1,unlabeled,4f5106a7-6369-43e6-88d8-d751965465ab,unlabeled,-1,0,0.19634665026142362,-1
data\unlabelled\4f57aa56-f70c-40b1-bf05-e8b4b5a96665.jpg,-1,unlabeled,4f57aa56-f70c-40b1-bf05-e8b4b5a96665,unlabeled,-1,0,0.12396238403233517,-1
data\unlabelled\4f843f10-b692-4744-a9db-754727f78b1b.jpg,-1,unlabeled,4f843f10-b692-4744-a9db-754727f78b1b,unlabeled,-1,1,0.13645393936719818,-1
data\unlabelled\4f957598-f192-4dca-863d-f854b6a794a5.jpg,-1,unlabeled,4f957598-f192-4dca-863d-f854b6a794a5,unlabeled,-1,0,0.12089599516481897,-1
data\unlabelled\4fa53d5a-5b60-45ce-8df5-73bc1fc53fcc.jpg,-1,unlabeled,4fa53d5a-5b60-45ce-8df5-73bc1fc53fcc,unlabeled,-1,1,0.07374422194203956,-1
data\unlabelled\4fc6fd73-542f-4f22-a4c1-db9804334e69.jpg,-1,unlabeled,4fc6fd73-542f-4f22-a4c1-db9804334e69,unlabeled,-1,1,0.24598811398256537,-1
data\unlabelled\4ff209cf-48f8-4f62-a113-e34ca9b65ce2.jpg,-1,unlabeled,4ff209cf-48f8-4f62-a113-e34ca9b65ce2,unlabeled,-1,1,0.19672035888303463,-1
data\unlabelled\4ff27469-de3a-4025-8ae9-7ca95650115c.jpg,-1,unlabeled,4ff27469-de3a-4025-8ae9-7ca95650115c,unlabeled,-1,0,0.3147109296266666,-1
data\unlabelled\5068407e-c4f6-4d77-9a17-eb936200b368.jpg,-1,unlabeled,5068407e-c4f6-4d77-9a17-eb936200b368,unlabeled,-1,1,0.15708341423247918,-1
data\unlabelled\50b98648-0e5b-4fbd-bb2b-bef1be46a55b.jpg,-1,unlabeled,50b98648-0e5b-4fbd-bb2b-bef1be46a55b,unlabeled,-1,1,0.22505835019397258,-1
data\unlabelled\511fbc9c-fe8c-4612-9cc4-46490987601f.jpg,-1,unlabeled,511fbc9c-fe8c-4612-9cc4-46490987601f,unlabeled,-1,1,0.19475531525728618,-1
data\unlabelled\5161b562-dee2-4274-bfa3-71ee764d2f3a.jpg,-1,unlabeled,5161b562-dee2-4274-bfa3-71ee764d2f3a,unlabeled,-1,0,0.2876061985804501,-1
data\unlabelled\51a311cf-b0df-4759-8b4b-0dae8eee2a4e.jpg,-1,unlabeled,51a311cf-b0df-4759-8b4b-0dae8eee2a4e,unlabeled,-1,1,0.3101755709239501,-1
data\unlabelled\51a964bd-5916-45b8-91ae-81a0635143a9.jpg,-1,unlabeled,51a964bd-5916-45b8-91ae-81a0635143a9,unlabeled,-1,1,0.15127658356856988,-1
data\unlabelled\51d94c32-e7d6-4c12-871f-60aa862442fe.jpg,-1,unlabeled,51d94c32-e7d6-4c12-871f-60aa862442fe,unlabeled,-1,0,0.2416102788305584,-1
data\unlabelled\526c8abe-325b-4e72-bff7-3476900bee6c.jpg,-1,unlabeled,526c8abe-325b-4e72-bff7-3476900bee6c,unlabeled,-1,0,0.2983160389962576,-1
data\unlabelled\52b3b597-7397-4e1c-8e8b-8f8b84af20b7.jpg,-1,unlabeled,52b3b597-7397-4e1c-8e8b-8f8b84af20b7,unlabeled,-1,0,0.18802129265604783,-1
data\unlabelled\52cc60ff-dedd-4ed0-be2a-7538d2ed96d7.jpg,-1,unlabeled,52cc60ff-dedd-4ed0-be2a-7538d2ed96d7,unlabeled,-1,0,0.26831976121919776,-1
data\unlabelled\52d8deef-b6a8-4772-8a02-be9a7f6b3741.jpg,-1,unlabeled,52d8deef-b6a8-4772-8a02-be9a7f6b3741,unlabeled,-1,0,0.30141283654176976,-1
data\unlabelled\52f16dc2-f3c0-499c-9a50-59e02341b0fa.jpg,-1,unlabeled,52f16dc2-f3c0-499c-9a50-59e02341b0fa,unlabeled,-1,1,0.18573682170008998,-1
data\unlabelled\52fe9479-660b-47f8-955e-ebf52fe8c9aa.jpg,-1,unlabeled,52fe9479-660b-47f8-955e-ebf52fe8c9aa,unlabeled,-1,1,0.2747476143285169,-1
data\unlabelled\530336b1-b63c-4693-a842-088374c12d4b.jpg,-1,unlabeled,530336b1-b63c-4693-a842-088374c12d4b,unlabeled,-1,1,0.07242688583232804,-1
data\unlabelled\531d1c0c-a400-41ea-b3a0-d73f59885416.jpg,-1,unlabeled,531d1c0c-a400-41ea-b3a0-d73f59885416,unlabeled,-1,1,0.25263793695759074,-1
data\unlabelled\533b4415-879e-490c-b039-eb272938ba83.jpg,-1,unlabeled,533b4415-879e-490c-b039-eb272938ba83,unlabeled,-1,0,0.11801898376391151,-1
data\unlabelled\5343b736-574c-4a8b-8a26-606a727a3ba2.jpg,-1,unlabeled,5343b736-574c-4a8b-8a26-606a727a3ba2,unlabeled,-1,1,0.25254052294227736,-1
data\unlabelled\53af10d9-bad5-48ff-ba27-f26153fb11a1.jpg,-1,unlabeled,53af10d9-bad5-48ff-ba27-f26153fb11a1,unlabeled,-1,1,0.043683145855458516,-1
data\unlabelled\53e9498b-de30-45f9-9653-768b3838b364.jpg,-1,unlabeled,53e9498b-de30-45f9-9653-768b3838b364,unlabeled,-1,0,0.08731723308335482,-1
data\unlabelled\5408cb44-850a-49d9-8f6e-8e7d7d6ea44a.jpg,-1,unlabeled,5408cb44-850a-49d9-8f6e-8e7d7d6ea44a,unlabeled,-1,0,0.10818154040210037,-1
data\unlabelled\5434d6b2-b0dd-42d7-832c-ae465e64ddc2.jpg,-1,unlabeled,5434d6b2-b0dd-42d7-832c-ae465e64ddc2,unlabeled,-1,1,0.1000326955594475,-1
data\unlabelled\5441bcd3-665f-4140-ac1f-ac21f65b8f49.jpg,-1,unlabeled,5441bcd3-665f-4140-ac1f-ac21f65b8f49,unlabeled,-1,1,0.08820341211214233,-1
data\unlabelled\544f03e7-a98e-4337-8fc0-01ace3ec18e1.jpg,-1,unlabeled,544f03e7-a98e-4337-8fc0-01ace3ec18e1,unlabeled,-1,1,0.1394490888061326,-1
data\unlabelled\553cf3fa-ab91-47b4-98c9-9e6c9f3c964f.jpg,-1,unlabeled,553cf3fa-ab91-47b4-98c9-9e6c9f3c964f,unlabeled,-1,0,0.09455623033962446,-1
data\unlabelled\5544c82f-910d-4207-a46f-7e89a740c22e.jpg,-1,unlabeled,5544c82f-910d-4207-a46f-7e89a740c22e,unlabeled,-1,1,0.20802268635623689,-1
data\unlabelled\55651521-e806-425c-8314-9fd20864b090.jpg,-1,unlabeled,55651521-e806-425c-8314-9fd20864b090,unlabeled,-1,1,0.38135452927107916,-1
data\unlabelled\55938246-aacc-4725-8e13-59d3bfaaf974.jpg,-1,unlabeled,55938246-aacc-4725-8e13-59d3bfaaf974,unlabeled,-1,0,0.18247856657671202,-1
data\unlabelled\55e150d8-7be4-4d4b-88b9-8dfaf3ab7d86.jpg,-1,unlabeled,55e150d8-7be4-4d4b-88b9-8dfaf3ab7d86,unlabeled,-1,0,0.1431726651256221,-1
data\unlabelled\55e65112-e914-4360-a2cb-3245bb02005a.jpg,-1,unlabeled,55e65112-e914-4360-a2cb-3245bb02005a,unlabeled,-1,0,0.02286796985629358,-1
data\unlabelled\55ff4348-5711-47d8-9482-11fdfae5a64a.jpg,-1,unlabeled,55ff4348-5711-47d8-9482-11fdfae5a64a,unlabeled,-1,0,0.2035754484469645,-1
data\unlabelled\56349c6c-aa8c-49a4-9112-f50938eecfed.jpg,-1,unlabeled,56349c6c-aa8c-49a4-9112-f50938eecfed,unlabeled,-1,0,0.15753792515070286,-1
data\unlabelled\566df089-a010-4e9a-8038-48bafb8d65c4.jpg,-1,unlabeled,566df089-a010-4e9a-8038-48bafb8d65c4,unlabeled,-1,1,0.2905925469046967,-1
data\unlabelled\5674a7bf-6fe6-4c43-b574-fdd81608e18b.jpg,-1,unlabeled,5674a7bf-6fe6-4c43-b574-fdd81608e18b,unlabeled,-1,1,0.20696584147899988,-1
data\unlabelled\5678f634-63d9-4f7a-8d1e-a5d05a324747.jpg,-1,unlabeled,5678f634-63d9-4f7a-8d1e-a5d05a324747,unlabeled,-1,1,0.2019999141073876,-1
data\unlabelled\56839f79-a382-40e1-854d-312d7e2e7c11.jpg,-1,unlabeled,56839f79-a382-40e1-854d-312d7e2e7c11,unlabeled,-1,1,0.20169169124144948,-1
data\unlabelled\56c4e87b-d26c-4163-aad6-cc18cdb31c4d.jpg,-1,unlabeled,56c4e87b-d26c-4163-aad6-cc18cdb31c4d,unlabeled,-1,1,0.1612569785778828,-1
data\unlabelled\56dad7f7-9054-468b-9714-10589af74613.jpg,-1,unlabeled,56dad7f7-9054-468b-9714-10589af74613,unlabeled,-1,1,0.30497447325926397,-1
data\unlabelled\56e37c03-c9a4-4e39-8d6f-12bf8e03dcb4.jpg,-1,unlabeled,56e37c03-c9a4-4e39-8d6f-12bf8e03dcb4,unlabeled,-1,1,0.09016192550155666,-1
data\unlabelled\56f2989c-2983-4d9e-8cfd-2aceae7cad0e.jpg,-1,unlabeled,56f2989c-2983-4d9e-8cfd-2aceae7cad0e,unlabeled,-1,0,0.171590756980058,-1
data\unlabelled\56f43b5b-e894-4a26-9117-e12b45937248.jpg,-1,unlabeled,56f43b5b-e894-4a26-9117-e12b45937248,unlabeled,-1,1,0.19145226494538092,-1
data\unlabelled\5735cc06-85b0-48a3-84c0-b636f7817ac5.jpg,-1,unlabeled,5735cc06-85b0-48a3-84c0-b636f7817ac5,unlabeled,-1,1,0.320940359682485,-1
data\unlabelled\5795682e-91f2-4aa7-917a-55b589fda78b.jpg,-1,unlabeled,5795682e-91f2-4aa7-917a-55b589fda78b,unlabeled,-1,1,0.33802688328694364,-1
data\unlabelled\57b499f8-f04b-4c6c-96ee-1ebf4eba5f12.jpg,-1,unlabeled,57b499f8-f04b-4c6c-96ee-1ebf4eba5f12,unlabeled,-1,0,0.11097012666085837,-1
data\unlabelled\57baf15b-026f-49e4-8fe5-0b46802abba3.jpg,-1,unlabeled,57baf15b-026f-49e4-8fe5-0b46802abba3,unlabeled,-1,1,0.1617449018886411,-1
data\unlabelled\57e77227-39fe-4d00-9419-a6cbdbc33e16.jpg,-1,unlabeled,57e77227-39fe-4d00-9419-a6cbdbc33e16,unlabeled,-1,0,0.13608278649711503,-1
data\unlabelled\58cba4ba-db60-4790-af57-466b841a20ce.jpg,-1,unlabeled,58cba4ba-db60-4790-af57-466b841a20ce,unlabeled,-1,1,0.37657459378992064,-1
data\unlabelled\59012ec2-6d1a-49b9-b7d2-91095e72f177.jpg,-1,unlabeled,59012ec2-6d1a-49b9-b7d2-91095e72f177,unlabeled,-1,0,0.09172307504588084,-1
data\unlabelled\5917a21d-0a1e-4138-ab5d-0d0e29d32b6b.jpg,-1,unlabeled,5917a21d-0a1e-4138-ab5d-0d0e29d32b6b,unlabeled,-1,1,0.13299299040603085,-1
data\unlabelled\592e9fb8-cf27-4acf-ab1f-7644e76ff88e.jpg,-1,unlabeled,592e9fb8-cf27-4acf-ab1f-7644e76ff88e,unlabeled,-1,1,0.1536320091558796,-1
data\unlabelled\59f4a53f-126b-4239-b6c4-7d352eec2ad5.jpg,-1,unlabeled,59f4a53f-126b-4239-b6c4-7d352eec2ad5,unlabeled,-1,1,0.23235595048821545,-1
data\unlabelled\5a3b10ea-d871-4565-ab46-604e9903f3ee.jpg,-1,unlabeled,5a3b10ea-d871-4565-ab46-604e9903f3ee,unlabeled,-1,0,0.12003320121655303,-1
data\unlabelled\5a4646c6-3d6e-43db-aab7-1205f7cca59b.jpg,-1,unlabeled,5a4646c6-3d6e-43db-aab7-1205f7cca59b,unlabeled,-1,0,0.2323668682087886,-1
data\unlabelled\5a989308-5f9a-4528-9323-7a6c6547107d.jpg,-1,unlabeled,5a989308-5f9a-4528-9323-7a6c6547107d,unlabeled,-1,0,0.17314184837998836,-1
data\unlabelled\5aa75529-97ae-4f97-b1fd-50e0d070ba04.jpg,-1,unlabeled,5aa75529-97ae-4f97-b1fd-50e0d070ba04,unlabeled,-1,0,0.21151647198668133,-1
data\unlabelled\5aafb393-a10b-430e-b1eb-5a86947c4395.jpg,-1,unlabeled,5aafb393-a10b-430e-b1eb-5a86947c4395,unlabeled,-1,1,0.2520388550386121,-1
data\unlabelled\5ad5d915-777b-4f36-84a1-2c019a869145.jpg,-1,unlabeled,5ad5d915-777b-4f36-84a1-2c019a869145,unlabeled,-1,0,0.123740185656661,-1
data\unlabelled\5b076a83-afe8-4876-a740-9c4671fdf489.jpg,-1,unlabeled,5b076a83-afe8-4876-a740-9c4671fdf489,unlabeled,-1,1,0.11212364037110667,-1
data\unlabelled\5b2e35be-2519-4ce5-bf34-3632e6e697e7.jpg,-1,unlabeled,5b2e35be-2519-4ce5-bf34-3632e6e697e7,unlabeled,-1,1,0.21265619437695638,-1
data\unlabelled\5b819f6b-dd29-42b7-b4ac-29ef152bf6bb.jpg,-1,unlabeled,5b819f6b-dd29-42b7-b4ac-29ef152bf6bb,unlabeled,-1,0,0.2410429563769274,-1
data\unlabelled\5ba37d73-71d7-42f0-9d4f-f5180e6aa90b.jpg,-1,unlabeled,5ba37d73-71d7-42f0-9d4f-f5180e6aa90b,unlabeled,-1,0,0.1959825851994803,-1
data\unlabelled\5be6f4ce-f557-4f9a-a298-83ec918be7e8.jpg,-1,unlabeled,5be6f4ce-f557-4f9a-a298-83ec918be7e8,unlabeled,-1,1,0.19939528891586755,-1
data\unlabelled\5becfe91-2b0c-4dcd-b20d-b6af822bd883.jpg,-1,unlabeled,5becfe91-2b0c-4dcd-b20d-b6af822bd883,unlabeled,-1,0,0.08353044734728454,-1
data\unlabelled\5c13438d-0564-4421-85c6-30d58bc1610c.jpg,-1,unlabeled,5c13438d-0564-4421-85c6-30d58bc1610c,unlabeled,-1,1,0.2128294857246361,-1
data\unlabelled\5c3fce72-b187-4488-bbe6-dfa02179e536.jpg,-1,unlabeled,5c3fce72-b187-4488-bbe6-dfa02179e536,unlabeled,-1,1,0.23735222323837823,-1
data\unlabelled\5c4bac09-ff98-42e0-92d7-39d2795ce655.jpg,-1,unlabeled,5c4bac09-ff98-42e0-92d7-39d2795ce655,unlabeled,-1,0,0.30537443273399445,-1
data\unlabelled\5c70c07a-e371-49c9-ae30-2946d0a0d325.jpg,-1,unlabeled,5c70c07a-e371-49c9-ae30-2946d0a0d325,unlabeled,-1,1,0.2619756580212871,-1
data\unlabelled\5c9fe812-4d0a-4c85-b58a-e2e47b731aec.jpg,-1,unlabeled,5c9fe812-4d0a-4c85-b58a-e2e47b731aec,unlabeled,-1,0,0.21391942351089932,-1
data\unlabelled\5cab86f2-5334-48fa-89b8-29ec76dc8e0e.jpg,-1,unlabeled,5cab86f2-5334-48fa-89b8-29ec76dc8e0e,unlabeled,-1,0,0.16668852405100643,-1
data\unlabelled\5cd3ab20-9d14-41b8-a8f6-6a4656ff6037.jpg,-1,unlabeled,5cd3ab20-9d14-41b8-a8f6-6a4656ff6037,unlabeled,-1,0,0.031070368339589427,-1
data\unlabelled\5cfffb87-69c7-43fe-beff-bd68faf57a4c.jpg,-1,unlabeled,5cfffb87-69c7-43fe-beff-bd68faf57a4c,unlabeled,-1,1,0.16346701416453824,-1
data\unlabelled\5d54c255-27b9-4656-9450-b0482579555a.jpg,-1,unlabeled,5d54c255-27b9-4656-9450-b0482579555a,unlabeled,-1,0,0.3044865000443252,-1
data\unlabelled\5d675741-3b51-47be-afce-5c79ebe8b6ea.jpg,-1,unlabeled,5d675741-3b51-47be-afce-5c79ebe8b6ea,unlabeled,-1,1,0.2511903721651363,-1
data\unlabelled\5d67d159-6e50-4a5e-a3ce-aa87c190d358.jpg,-1,unlabeled,5d67d159-6e50-4a5e-a3ce-aa87c190d358,unlabeled,-1,1,0.19955264414434826,-1
data\unlabelled\5d7dc03a-a9ef-4c24-9cb9-aee319a7ada5.jpg,-1,unlabeled,5d7dc03a-a9ef-4c24-9cb9-aee319a7ada5,unlabeled,-1,1,0.2628295685950994,-1
data\unlabelled\5d9c556c-ccf4-4960-a0c4-3fd6a3043fac.jpg,-1,unlabeled,5d9c556c-ccf4-4960-a0c4-3fd6a3043fac,unlabeled,-1,0,0.26327738250455235,-1
data\unlabelled\5dd5c97a-611d-4503-b61b-41e0c3392f01.jpg,-1,unlabeled,5dd5c97a-611d-4503-b61b-41e0c3392f01,unlabeled,-1,0,0.263828407961171,-1
data\unlabelled\5ddcb581-7e49-4d44-9cb0-ff728b2a0742.jpg,-1,unlabeled,5ddcb581-7e49-4d44-9cb0-ff728b2a0742,unlabeled,-1,1,0.1281345926601608,-1
data\unlabelled\5df0a274-ccd4-4403-ac8c-453f51ffeedc.jpg,-1,unlabeled,5df0a274-ccd4-4403-ac8c-453f51ffeedc,unlabeled,-1,0,0.17317868767283173,-1
data\unlabelled\5e06645e-7143-415b-9489-eb075330037a.jpg,-1,unlabeled,5e06645e-7143-415b-9489-eb075330037a,unlabeled,-1,0,0.14319676327916597,-1
data\unlabelled\5e0830ef-ca21-4640-9a17-5e696db5efa6.jpg,-1,unlabeled,5e0830ef-ca21-4640-9a17-5e696db5efa6,unlabeled,-1,0,0.32932834433371516,-1
data\unlabelled\5e507feb-4ab0-4ac8-b211-5f34dd99e490.jpg,-1,unlabeled,5e507feb-4ab0-4ac8-b211-5f34dd99e490,unlabeled,-1,1,0.18482736718976,-1
data\unlabelled\5ea43909-09a1-45a8-9d03-f3b9df576090.jpg,-1,unlabeled,5ea43909-09a1-45a8-9d03-f3b9df576090,unlabeled,-1,0,0.33797207469688983,-1
data\unlabelled\5ecb0070-73d9-4e69-b95b-270db8ae3c2c.jpg,-1,unlabeled,5ecb0070-73d9-4e69-b95b-270db8ae3c2c,unlabeled,-1,1,0.19060807052363493,-1
data\unlabelled\5ed35eaf-bdfa-452f-b7b7-85217d1ca78f.jpg,-1,unlabeled,5ed35eaf-bdfa-452f-b7b7-85217d1ca78f,unlabeled,-1,1,0.2813747766683007,-1
data\unlabelled\5ee07b35-5f1b-4871-986f-9890511a6459.jpg,-1,unlabeled,5ee07b35-5f1b-4871-986f-9890511a6459,unlabeled,-1,0,0.22446393961656363,-1
data\unlabelled\5f37b3dc-0a43-4369-9921-95d1c9aae781.jpg,-1,unlabeled,5f37b3dc-0a43-4369-9921-95d1c9aae781,unlabeled,-1,1,0.2514592644739363,-1
data\unlabelled\5f4659b2-668e-4f60-829f-b8157dcc15fd.jpg,-1,unlabeled,5f4659b2-668e-4f60-829f-b8157dcc15fd,unlabeled,-1,0,0.14524889682524278,-1
data\unlabelled\5f4ed338-616e-43d7-b2a6-da67f4cdde5e.jpg,-1,unlabeled,5f4ed338-616e-43d7-b2a6-da67f4cdde5e,unlabeled,-1,1,0.20518209493756956,-1
data\unlabelled\5f4f7c1c-0ad6-4826-9a96-0c264d5f4b07.jpg,-1,unlabeled,5f4f7c1c-0ad6-4826-9a96-0c264d5f4b07,unlabeled,-1,0,0.284081733066322,-1
data\unlabelled\5f55e8e8-a676-42a9-bce8-4dd02234a621.jpg,-1,unlabeled,5f55e8e8-a676-42a9-bce8-4dd02234a621,unlabeled,-1,1,0.09402906192612515,-1
data\unlabelled\5f7d15a8-3033-47f9-8afc-6e18d3652ce1.jpg,-1,unlabeled,5f7d15a8-3033-47f9-8afc-6e18d3652ce1,unlabeled,-1,1,0.0838175382479025,-1
data\unlabelled\5f80fa29-e2a3-4897-ac4e-d3ec50b42898.jpg,-1,unlabeled,5f80fa29-e2a3-4897-ac4e-d3ec50b42898,unlabeled,-1,0,0.27917052558337163,-1
data\unlabelled\5fe1b066-348e-4ae9-b483-9fd19aeb670f.jpg,-1,unlabeled,5fe1b066-348e-4ae9-b483-9fd19aeb670f,unlabeled,-1,0,0.09539403817674363,-1
data\unlabelled\5ffa1008-2645-4ca8-be18-8802c305e59a.jpg,-1,unlabeled,5ffa1008-2645-4ca8-be18-8802c305e59a,unlabeled,-1,1,0.19810723899173432,-1
data\unlabelled\6048f041-cd08-4194-889a-9b5431ebbcb0.jpg,-1,unlabeled,6048f041-cd08-4194-889a-9b5431ebbcb0,unlabeled,-1,1,0.2293299465794726,-1
data\unlabelled\6088b0d9-038a-4ad4-9f1d-24c6ecc01080.jpg,-1,unlabeled,6088b0d9-038a-4ad4-9f1d-24c6ecc01080,unlabeled,-1,0,0.13018119083654744,-1
data\unlabelled\6096043c-3781-4184-bccd-610da2e4f959.jpg,-1,unlabeled,6096043c-3781-4184-bccd-610da2e4f959,unlabeled,-1,1,0.1617811347496131,-1
data\unlabelled\60bee275-9a87-48eb-a18d-c2eb53ccc30f.jpg,-1,unlabeled,60bee275-9a87-48eb-a18d-c2eb53ccc30f,unlabeled,-1,0,0.21208899146832916,-1
data\unlabelled\60fc769c-658f-448d-b704-74364e12ad05.jpg,-1,unlabeled,60fc769c-658f-448d-b704-74364e12ad05,unlabeled,-1,1,0.3207118771516694,-1
data\unlabelled\61174d39-5271-4b15-9aec-431ab38d982d.jpg,-1,unlabeled,61174d39-5271-4b15-9aec-431ab38d982d,unlabeled,-1,1,0.16468400885468948,-1
data\unlabelled\611cdb80-2293-4ba6-8b32-7d2943a1bb17.jpg,-1,unlabeled,611cdb80-2293-4ba6-8b32-7d2943a1bb17,unlabeled,-1,0,0.16981312425961037,-1
data\unlabelled\6127ee10-688a-4e71-9b84-e80719bf4ef8.jpg,-1,unlabeled,6127ee10-688a-4e71-9b84-e80719bf4ef8,unlabeled,-1,1,0.31311292515784894,-1
data\unlabelled\61573140-5d9f-4678-96d9-2edd5b17cfe5.jpg,-1,unlabeled,61573140-5d9f-4678-96d9-2edd5b17cfe5,unlabeled,-1,1,0.029449492258561194,-1
data\unlabelled\615bc32b-fc75-4e88-8218-185988721a2b.jpg,-1,unlabeled,615bc32b-fc75-4e88-8218-185988721a2b,unlabeled,-1,1,0.2186699171301696,-1
data\unlabelled\61c75b00-ab30-4af7-9017-e4d2c000ec79.jpg,-1,unlabeled,61c75b00-ab30-4af7-9017-e4d2c000ec79,unlabeled,-1,0,0.2599170318932059,-1
data\unlabelled\61d095a1-9a77-44d3-8262-f1f421a4c5ad.jpg,-1,unlabeled,61d095a1-9a77-44d3-8262-f1f421a4c5ad,unlabeled,-1,1,0.18192568428741007,-1
data\unlabelled\61e529cd-243c-41a1-aab7-ad06eb8281bf.jpg,-1,unlabeled,61e529cd-243c-41a1-aab7-ad06eb8281bf,unlabeled,-1,0,0.004296010822460894,-1
data\unlabelled\62125f5d-8ac3-48a7-851b-ea7dde08bc50.jpg,-1,unlabeled,62125f5d-8ac3-48a7-851b-ea7dde08bc50,unlabeled,-1,0,0.12760506281230743,-1
data\unlabelled\622159c6-bf81-4300-82ac-ec4583143d51.jpg,-1,unlabeled,622159c6-bf81-4300-82ac-ec4583143d51,unlabeled,-1,0,0.2923515065334442,-1
data\unlabelled\62417f42-1c08-4c56-840e-2a360d05af1c.jpg,-1,unlabeled,62417f42-1c08-4c56-840e-2a360d05af1c,unlabeled,-1,1,0.2209759347683551,-1
data\unlabelled\628c2c9d-aed0-4bd5-a55c-755fd07afa3c.jpg,-1,unlabeled,628c2c9d-aed0-4bd5-a55c-755fd07afa3c,unlabeled,-1,0,0.08329358497557815,-1
data\unlabelled\629ce647-ee7a-40ef-95a5-c991c5ba7665.jpg,-1,unlabeled,629ce647-ee7a-40ef-95a5-c991c5ba7665,unlabeled,-1,1,0.30941101774698854,-1
data\unlabelled\62a6cdf6-cb17-4933-854d-e44e899b6947.jpg,-1,unlabeled,62a6cdf6-cb17-4933-854d-e44e899b6947,unlabeled,-1,1,0.08820341211214233,-1
data\unlabelled\62acd743-0555-4bb9-b26d-c4c8f09409f3.jpg,-1,unlabeled,62acd743-0555-4bb9-b26d-c4c8f09409f3,unlabeled,-1,1,0.2573553055449943,-1
data\unlabelled\62bfdf9a-a52d-4601-bd89-5da0b9b31447.jpg,-1,unlabeled,62bfdf9a-a52d-4601-bd89-5da0b9b31447,unlabeled,-1,1,0.18204782842039802,-1
data\unlabelled\62c94be8-7c39-492e-b536-c5251beb12f3.jpg,-1,unlabeled,62c94be8-7c39-492e-b536-c5251beb12f3,unlabeled,-1,1,0.26650652562134125,-1
data\unlabelled\63297907-41e2-4a9f-90a2-4343f07a1580.jpg,-1,unlabeled,63297907-41e2-4a9f-90a2-4343f07a1580,unlabeled,-1,0,0.22940780940299121,-1
data\unlabelled\63493130-2687-4ed7-90a0-c5f26adad303.jpg,-1,unlabeled,63493130-2687-4ed7-90a0-c5f26adad303,unlabeled,-1,0,0.15245248397960975,-1
data\unlabelled\6387d2ce-33c0-48d1-90f4-720f19382f62.jpg,-1,unlabeled,6387d2ce-33c0-48d1-90f4-720f19382f62,unlabeled,-1,0,0.20637648310015622,-1
data\unlabelled\63ca22a2-f45f-44d9-9aae-00f4d9bd795a.jpg,-1,unlabeled,63ca22a2-f45f-44d9-9aae-00f4d9bd795a,unlabeled,-1,1,0.10003267518559811,-1
data\unlabelled\63f74ae7-15f3-40e6-90f8-850dd20dbb70.jpg,-1,unlabeled,63f74ae7-15f3-40e6-90f8-850dd20dbb70,unlabeled,-1,0,0.2426184658915137,-1
data\unlabelled\64621ec7-b7c0-49ab-80d4-effba160d22c.jpg,-1,unlabeled,64621ec7-b7c0-49ab-80d4-effba160d22c,unlabeled,-1,0,0.25776197353388586,-1
data\unlabelled\647895dc-e736-4a30-bc1b-71c5b3065b17.jpg,-1,unlabeled,647895dc-e736-4a30-bc1b-71c5b3065b17,unlabeled,-1,0,0.2181615621875389,-1
data\unlabelled\64a29f50-88e4-4e19-bfcc-c838e9566c5d.jpg,-1,unlabeled,64a29f50-88e4-4e19-bfcc-c838e9566c5d,unlabeled,-1,1,0.18319831251996643,-1
data\unlabelled\64e3c52e-6351-4501-a3bf-713cecc6b598.jpg,-1,unlabeled,64e3c52e-6351-4501-a3bf-713cecc6b598,unlabeled,-1,1,0.13924084497674472,-1
data\unlabelled\65305eca-4322-433d-8b85-018e7f3b76c8.jpg,-1,unlabeled,65305eca-4322-433d-8b85-018e7f3b76c8,unlabeled,-1,0,0.20997868147475085,-1
data\unlabelled\6543f400-4a2f-4365-b36f-e6fecf3799d4.jpg,-1,unlabeled,6543f400-4a2f-4365-b36f-e6fecf3799d4,unlabeled,-1,1,0.3510384635781074,-1
data\unlabelled\65444b52-e69f-4a86-9a26-68ed2bf6addf.jpg,-1,unlabeled,65444b52-e69f-4a86-9a26-68ed2bf6addf,unlabeled,-1,0,0.2654548968192214,-1
data\unlabelled\65664115-d6c0-4d61-8708-1e8e36f1c193.jpg,-1,unlabeled,65664115-d6c0-4d61-8708-1e8e36f1c193,unlabeled,-1,1,0.17614089609685935,-1
data\unlabelled\65d5aca4-a25f-4fa8-9b48-c5c46fadbf7a.jpg,-1,unlabeled,65d5aca4-a25f-4fa8-9b48-c5c46fadbf7a,unlabeled,-1,0,0.24754050292315033,-1
data\unlabelled\6617f4da-4eff-47cd-b82b-e805cf91133f.jpg,-1,unlabeled,6617f4da-4eff-47cd-b82b-e805cf91133f,unlabeled,-1,0,0.24085054295642017,-1
data\unlabelled\66787dcb-65fc-465b-99f8-a5f3df43de8f.jpg,-1,unlabeled,66787dcb-65fc-465b-99f8-a5f3df43de8f,unlabeled,-1,1,0.31875421762957057,-1
data\unlabelled\6691bbb0-a19f-4ac0-abb6-5614543e173e.jpg,-1,unlabeled,6691bbb0-a19f-4ac0-abb6-5614543e173e,unlabeled,-1,0,0.2955819872919083,-1
data\unlabelled\66c8ed25-12ad-4966-a78e-e03e2f2d1052.jpg,-1,unlabeled,66c8ed25-12ad-4966-a78e-e03e2f2d1052,unlabeled,-1,0,0.155104577090881,-1
data\unlabelled\66d4bf2b-0482-4db4-885e-89572cb5fc98.jpg,-1,unlabeled,66d4bf2b-0482-4db4-885e-89572cb5fc98,unlabeled,-1,1,0.27755624149472913,-1
data\unlabelled\67236d73-599f-4892-962a-dce0a9385dfa.jpg,-1,unlabeled,67236d73-599f-4892-962a-dce0a9385dfa,unlabeled,-1,1,0.20862819889523554,-1
data\unlabelled\6756262e-9803-41a3-97ed-89deab377693.jpg,-1,unlabeled,6756262e-9803-41a3-97ed-89deab377693,unlabeled,-1,1,0.11858428967877421,-1
data\unlabelled\67722cde-ef60-48a0-8509-4fb75a2528b3.jpg,-1,unlabeled,67722cde-ef60-48a0-8509-4fb75a2528b3,unlabeled,-1,1,0.19474195611583534,-1
data\unlabelled\679bb091-0f65-45dc-9947-9209c0e02c75.jpg,-1,unlabeled,679bb091-0f65-45dc-9947-9209c0e02c75,unlabeled,-1,1,0.3208323287218495,-1
data\unlabelled\67e3f880-94e9-42cc-bb99-5bba6b4bffcd.jpg,-1,unlabeled,67e3f880-94e9-42cc-bb99-5bba6b4bffcd,unlabeled,-1,1,0.2758697952866688,-1
data\unlabelled\6825eab8-f17c-4521-a5b7-818729c0c5d9.jpg,-1,unlabeled,6825eab8-f17c-4521-a5b7-818729c0c5d9,unlabeled,-1,0,0.32925819383283006,-1
data\unlabelled\6835f69b-714e-4707-843c-3b11613a41ca.jpg,-1,unlabeled,6835f69b-714e-4707-843c-3b11613a41ca,unlabeled,-1,0,0.1077022968613478,-1
data\unlabelled\68894621-bd4e-4ea1-92e4-049a42ea00d3.jpg,-1,unlabeled,68894621-bd4e-4ea1-92e4-049a42ea00d3,unlabeled,-1,1,0.15474150769334016,-1
data\unlabelled\68974c00-5555-4cda-907f-fa19e2ebba1d.jpg,-1,unlabeled,68974c00-5555-4cda-907f-fa19e2ebba1d,unlabeled,-1,0,0.20163465280318393,-1
data\unlabelled\68aeff0a-1aa3-4a06-b7e3-d9cae0ea84f5.jpg,-1,unlabeled,68aeff0a-1aa3-4a06-b7e3-d9cae0ea84f5,unlabeled,-1,1,0.07045074850221933,-1
data\unlabelled\68b3a1ed-7cc5-4267-bd56-f043506b7f77.jpg,-1,unlabeled,68b3a1ed-7cc5-4267-bd56-f043506b7f77,unlabeled,-1,1,0.3334158775714746,-1
data\unlabelled\68c5d327-c169-40d6-b3e6-f0e2f1b3d61b.jpg,-1,unlabeled,68c5d327-c169-40d6-b3e6-f0e2f1b3d61b,unlabeled,-1,0,0.2490809403589075,-1
data\unlabelled\68dec09a-7f1c-40e7-94f6-ca2c39073794.jpg,-1,unlabeled,68dec09a-7f1c-40e7-94f6-ca2c39073794,unlabeled,-1,1,0.14934924860897802,-1
data\unlabelled\68e62626-7a8b-4149-baba-5550379957e7.jpg,-1,unlabeled,68e62626-7a8b-4149-baba-5550379957e7,unlabeled,-1,1,0.29920479931319854,-1
data\unlabelled\691c1f9a-1fd6-4abc-bd75-db261111bd2b.jpg,-1,unlabeled,691c1f9a-1fd6-4abc-bd75-db261111bd2b,unlabeled,-1,1,0.2711320952510017,-1
data\unlabelled\692df5a7-346a-45cf-a283-07806ed8bb0b.jpg,-1,unlabeled,692df5a7-346a-45cf-a283-07806ed8bb0b,unlabeled,-1,1,0.10808076080042728,-1
data\unlabelled\694f4feb-433e-458a-8112-64c143ad8193.jpg,-1,unlabeled,694f4feb-433e-458a-8112-64c143ad8193,unlabeled,-1,1,0.07923786563692259,-1
data\unlabelled\696edec1-fa74-41ed-bf5d-f97cade93e84.jpg,-1,unlabeled,696edec1-fa74-41ed-bf5d-f97cade93e84,unlabeled,-1,0,0.024462413512859604,-1
data\unlabelled\69abbee9-403a-4850-84e6-d7817ea07054.jpg,-1,unlabeled,69abbee9-403a-4850-84e6-d7817ea07054,unlabeled,-1,0,0.08348199216420937,-1
data\unlabelled\69bbe849-f752-4ee7-890f-6bbba6638e28.jpg,-1,unlabeled,69bbe849-f752-4ee7-890f-6bbba6638e28,unlabeled,-1,0,0.23517181007538002,-1
data\unlabelled\6a3d7f99-a40c-4417-a617-4e7214bdccc0.jpg,-1,unlabeled,6a3d7f99-a40c-4417-a617-4e7214bdccc0,unlabeled,-1,1,0.22035538929599985,-1
data\unlabelled\6a7044e6-3c4d-4116-a9a3-30cba4d29631.jpg,-1,unlabeled,6a7044e6-3c4d-4116-a9a3-30cba4d29631,unlabeled,-1,0,0.16977156783545022,-1
data\unlabelled\6aa09275-6dea-49aa-ac72-17be13b76fa5.jpg,-1,unlabeled,6aa09275-6dea-49aa-ac72-17be13b76fa5,unlabeled,-1,1,0.18131546197206194,-1
data\unlabelled\6ac0eeae-9e1f-4553-9697-c6d1720fe07a.jpg,-1,unlabeled,6ac0eeae-9e1f-4553-9697-c6d1720fe07a,unlabeled,-1,0,0.2418382153592895,-1
data\unlabelled\6b0fca63-8a4d-42e1-9868-88574caae98b.jpg,-1,unlabeled,6b0fca63-8a4d-42e1-9868-88574caae98b,unlabeled,-1,0,0.2468000472030839,-1
data\unlabelled\6b21bb22-dc60-4553-9d0a-887785ea9ad1.jpg,-1,unlabeled,6b21bb22-dc60-4553-9d0a-887785ea9ad1,unlabeled,-1,0,0.2405927752162439,-1
data\unlabelled\6b28f672-9bbc-4716-98bc-ceae9b69fb7f.jpg,-1,unlabeled,6b28f672-9bbc-4716-98bc-ceae9b69fb7f,unlabeled,-1,0,0.06538920131764181,-1
data\unlabelled\6b4861c4-0479-49a9-8022-4de4fd6ced6e.jpg,-1,unlabeled,6b4861c4-0479-49a9-8022-4de4fd6ced6e,unlabeled,-1,0,0.09327676525464701,-1
data\unlabelled\6b833c30-ad0c-4c8d-9c9b-1561f44af830.jpg,-1,unlabeled,6b833c30-ad0c-4c8d-9c9b-1561f44af830,unlabeled,-1,0,0.013253164678574403,-1
data\unlabelled\6bca183b-0362-40b7-9a0e-e87b8bf3f613.jpg,-1,unlabeled,6bca183b-0362-40b7-9a0e-e87b8bf3f613,unlabeled,-1,1,0.11018449332931435,-1
data\unlabelled\6bca1868-78e1-4fdb-8529-1dc544531537.jpg,-1,unlabeled,6bca1868-78e1-4fdb-8529-1dc544531537,unlabeled,-1,1,0.322003664585918,-1
data\unlabelled\6c2d1073-be0a-4fe8-b93f-2b6fdcbaa1ec.jpg,-1,unlabeled,6c2d1073-be0a-4fe8-b93f-2b6fdcbaa1ec,unlabeled,-1,0,0.2446121856453909,-1
data\unlabelled\6c2fefb9-b272-4ac9-ad8a-9ff7392fff20.jpg,-1,unlabeled,6c2fefb9-b272-4ac9-ad8a-9ff7392fff20,unlabeled,-1,0,0.028841355853457262,-1
data\unlabelled\6c3376de-dc04-4a3f-9025-91bab1caeef1.jpg,-1,unlabeled,6c3376de-dc04-4a3f-9025-91bab1caeef1,unlabeled,-1,1,0.15191527628525758,-1
data\unlabelled\6c4e751a-c8c2-41f6-914b-81e86cf46ae1.jpg,-1,unlabeled,6c4e751a-c8c2-41f6-914b-81e86cf46ae1,unlabeled,-1,0,0.26890433305338424,-1
data\unlabelled\6c5918ac-71ee-4296-a568-a9f82426b361.jpg,-1,unlabeled,6c5918ac-71ee-4296-a568-a9f82426b361,unlabeled,-1,1,0.056325654039388384,-1
data\unlabelled\6c6496bf-be83-40ac-90b3-3ae38c62e8ca.jpg,-1,unlabeled,6c6496bf-be83-40ac-90b3-3ae38c62e8ca,unlabeled,-1,1,0.3028664591644338,-1
data\unlabelled\6c972558-ea9f-40d6-81a5-462f6027c0c7.jpg,-1,unlabeled,6c972558-ea9f-40d6-81a5-462f6027c0c7,unlabeled,-1,0,0.23324404302266288,-1
data\unlabelled\6cc3a22b-54d0-4463-b7e1-fc7ea98b8deb.jpg,-1,unlabeled,6cc3a22b-54d0-4463-b7e1-fc7ea98b8deb,unlabeled,-1,1,0.17830397807814136,-1
data\unlabelled\6ce8de0b-3ea8-4ad9-85a5-245ea0d1405c.jpg,-1,unlabeled,6ce8de0b-3ea8-4ad9-85a5-245ea0d1405c,unlabeled,-1,1,0.32297083221573664,-1
data\unlabelled\6d2bc111-d038-4d58-9fab-207791cf729b.jpg,-1,unlabeled,6d2bc111-d038-4d58-9fab-207791cf729b,unlabeled,-1,1,0.1926054561304562,-1
data\unlabelled\6d2cbcf4-0b17-4f23-9009-4d83be9a2dcd.jpg,-1,unlabeled,6d2cbcf4-0b17-4f23-9009-4d83be9a2dcd,unlabeled,-1,1,0.1375618562941353,-1
data\unlabelled\6d2dd6dd-cb52-449f-b878-be06d24c6f45.jpg,-1,unlabeled,6d2dd6dd-cb52-449f-b878-be06d24c6f45,unlabeled,-1,0,0.2972218383481382,-1
data\unlabelled\6d54198f-6c33-4158-8c3b-41ae0528f76d.jpg,-1,unlabeled,6d54198f-6c33-4158-8c3b-41ae0528f76d,unlabeled,-1,0,0.16035394584467877,-1
data\unlabelled\6d6fe912-d114-48cd-8287-38fe3f715317.jpg,-1,unlabeled,6d6fe912-d114-48cd-8287-38fe3f715317,unlabeled,-1,1,0.019918033806035185,-1
data\unlabelled\6d76f746-5892-4047-baf4-f10e04f666b0.jpg,-1,unlabeled,6d76f746-5892-4047-baf4-f10e04f666b0,unlabeled,-1,1,0.16430215155256034,-1
data\unlabelled\6d811cfe-af52-429d-a172-5dc70ed3d171.jpg,-1,unlabeled,6d811cfe-af52-429d-a172-5dc70ed3d171,unlabeled,-1,1,0.0873371193221455,-1
data\unlabelled\6dd0426f-3cef-4af4-8327-69f724b587d8.jpg,-1,unlabeled,6dd0426f-3cef-4af4-8327-69f724b587d8,unlabeled,-1,1,0.3081991575020251,-1
data\unlabelled\6decc05c-06d4-4f89-98e7-ac6683d105ff.jpg,-1,unlabeled,6decc05c-06d4-4f89-98e7-ac6683d105ff,unlabeled,-1,0,0.2468000472030839,-1
data\unlabelled\6e0979a9-aef4-4745-bc30-8a507398da26.jpg,-1,unlabeled,6e0979a9-aef4-4745-bc30-8a507398da26,unlabeled,-1,0,0.17425515064027963,-1
data\unlabelled\6e68cea0-c10d-4ff0-aa2a-78e336061119.jpg,-1,unlabeled,6e68cea0-c10d-4ff0-aa2a-78e336061119,unlabeled,-1,1,0.01722459836646173,-1
data\unlabelled\6e7f4ce7-00f4-43be-8bbf-299d79968dcd.jpg,-1,unlabeled,6e7f4ce7-00f4-43be-8bbf-299d79968dcd,unlabeled,-1,1,0.2222932832470853,-1
data\unlabelled\6e97f17a-b3c2-4cd6-a67b-c6d086eb07a3.jpg,-1,unlabeled,6e97f17a-b3c2-4cd6-a67b-c6d086eb07a3,unlabeled,-1,0,0.27124050650812015,-1
data\unlabelled\6f10035d-1478-441a-8129-b0c4c119615d.jpg,-1,unlabeled,6f10035d-1478-441a-8129-b0c4c119615d,unlabeled,-1,0,0.21963593099452516,-1
data\unlabelled\6f4274f7-e782-45e0-9536-4931935f7b49.jpg,-1,unlabeled,6f4274f7-e782-45e0-9536-4931935f7b49,unlabeled,-1,1,0.21120370303916047,-1
data\unlabelled\6f5076f7-0726-4902-a8f9-e6ae2d73d300.jpg,-1,unlabeled,6f5076f7-0726-4902-a8f9-e6ae2d73d300,unlabeled,-1,0,0.11176965169079411,-1
data\unlabelled\6f8b8969-a7da-4427-b0de-381f8bba0392.jpg,-1,unlabeled,6f8b8969-a7da-4427-b0de-381f8bba0392,unlabeled,-1,0,0.1799256368262654,-1
data\unlabelled\6faf8336-a090-44fa-9199-4e861c75fd99.jpg,-1,unlabeled,6faf8336-a090-44fa-9199-4e861c75fd99,unlabeled,-1,0,0.20988391831534348,-1
data\unlabelled\6fc428c6-f8f7-441f-ae7f-5bb9f781427c.jpg,-1,unlabeled,6fc428c6-f8f7-441f-ae7f-5bb9f781427c,unlabeled,-1,1,0.23792153062378385,-1
data\unlabelled\6fd760c2-e08a-47de-a044-7934ef77f8f7.jpg,-1,unlabeled,6fd760c2-e08a-47de-a044-7934ef77f8f7,unlabeled,-1,0,0.3019497960648503,-1
data\unlabelled\70382eae-f4b4-4220-bc52-2efe97774b17.jpg,-1,unlabeled,70382eae-f4b4-4220-bc52-2efe97774b17,unlabeled,-1,0,0.012998540511941825,-1
data\unlabelled\70727332-b9d9-4641-9ee2-1c74a56740ad.jpg,-1,unlabeled,70727332-b9d9-4641-9ee2-1c74a56740ad,unlabeled,-1,0,0.3138960434755196,-1
data\unlabelled\708af38b-75da-45bd-ba05-0cb43554bce7.jpg,-1,unlabeled,708af38b-75da-45bd-ba05-0cb43554bce7,unlabeled,-1,1,0.28292326466820605,-1
data\unlabelled\70a8c350-f1f7-4f3c-a258-04e128d81fd5.jpg,-1,unlabeled,70a8c350-f1f7-4f3c-a258-04e128d81fd5,unlabeled,-1,1,0.035811291443092474,-1
data\unlabelled\70ce15fd-5ae1-4380-83dc-2fdb28af7fb8.jpg,-1,unlabeled,70ce15fd-5ae1-4380-83dc-2fdb28af7fb8,unlabeled,-1,1,0.102661368276184,-1
data\unlabelled\711759be-1114-4151-8738-f4196ea00d40.jpg,-1,unlabeled,711759be-1114-4151-8738-f4196ea00d40,unlabeled,-1,0,0.2320526354390965,-1
data\unlabelled\71334459-58f0-4373-8805-6100e6d9b5ed.jpg,-1,unlabeled,71334459-58f0-4373-8805-6100e6d9b5ed,unlabeled,-1,0,0.2192327682018922,-1
data\unlabelled\719fe13a-5fe3-49ef-9eaf-b29b372314e2.jpg,-1,unlabeled,719fe13a-5fe3-49ef-9eaf-b29b372314e2,unlabeled,-1,1,0.23743714126883364,-1
data\unlabelled\71cc7faa-cfeb-4929-83dd-873d5853f05b.jpg,-1,unlabeled,71cc7faa-cfeb-4929-83dd-873d5853f05b,unlabeled,-1,0,0.09194988415999628,-1
data\unlabelled\7288246b-195b-43ba-856b-0828c6a4909c.jpg,-1,unlabeled,7288246b-195b-43ba-856b-0828c6a4909c,unlabeled,-1,0,0.12230065922840438,-1
data\unlabelled\72a8bbb9-0612-4aae-8c9b-0e1d3b9a4352.jpg,-1,unlabeled,72a8bbb9-0612-4aae-8c9b-0e1d3b9a4352,unlabeled,-1,1,0.14015462553368108,-1
data\unlabelled\72ad582f-9c85-4ec4-8d90-8d0106b0c87c.jpg,-1,unlabeled,72ad582f-9c85-4ec4-8d90-8d0106b0c87c,unlabeled,-1,0,0.22175320253523567,-1
data\unlabelled\72d3d361-d735-460b-baa5-97c6c5a089c8.jpg,-1,unlabeled,72d3d361-d735-460b-baa5-97c6c5a089c8,unlabeled,-1,1,0.14031875101340074,-1
data\unlabelled\72da5ddd-59cb-48b1-b6f2-28251f644d68.jpg,-1,unlabeled,72da5ddd-59cb-48b1-b6f2-28251f644d68,unlabeled,-1,0,0.1353128245916757,-1
data\unlabelled\7304bf1c-3cb5-4743-a02b-15ae54899978.jpg,-1,unlabeled,7304bf1c-3cb5-4743-a02b-15ae54899978,unlabeled,-1,1,0.01837174515178941,-1
data\unlabelled\7308f105-d60e-40a8-a0d2-6416566053ca.jpg,-1,unlabeled,7308f105-d60e-40a8-a0d2-6416566053ca,unlabeled,-1,0,0.2823553062147832,-1
data\unlabelled\7342eecc-d717-4e59-92f9-b0d2df943564.jpg,-1,unlabeled,7342eecc-d717-4e59-92f9-b0d2df943564,unlabeled,-1,1,0.23640597405828812,-1
data\unlabelled\73a64487-fd49-49da-a71d-2ebf834ddfc3.jpg,-1,unlabeled,73a64487-fd49-49da-a71d-2ebf834ddfc3,unlabeled,-1,1,0.23702805508352942,-1
data\unlabelled\73be5c72-4e3c-45c2-9e60-b710ba23c1f8.jpg,-1,unlabeled,73be5c72-4e3c-45c2-9e60-b710ba23c1f8,unlabeled,-1,0,0.21723854355684769,-1
data\unlabelled\73bf0a45-591a-40a5-a046-75cb928eeb71.jpg,-1,unlabeled,73bf0a45-591a-40a5-a046-75cb928eeb71,unlabeled,-1,1,0.2916052206974783,-1
data\unlabelled\73c7dece-6cf7-419d-9879-0c029dbaea7d.jpg,-1,unlabeled,73c7dece-6cf7-419d-9879-0c029dbaea7d,unlabeled,-1,1,0.014913745657225252,-1
data\unlabelled\7438ba9a-e4a5-438a-b6e0-b60eb3b71fd0.jpg,-1,unlabeled,7438ba9a-e4a5-438a-b6e0-b60eb3b71fd0,unlabeled,-1,1,0.26853954772908695,-1
data\unlabelled\74486ecc-2beb-460d-89cb-50880e1a3daa.jpg,-1,unlabeled,74486ecc-2beb-460d-89cb-50880e1a3daa,unlabeled,-1,0,0.0938271716724901,-1
data\unlabelled\744e73bc-29c6-4116-9236-785d2c4091b4.jpg,-1,unlabeled,744e73bc-29c6-4116-9236-785d2c4091b4,unlabeled,-1,1,0.2894834500759482,-1
data\unlabelled\74b5792b-eaec-4c55-9826-fdcd98797ba0.jpg,-1,unlabeled,74b5792b-eaec-4c55-9826-fdcd98797ba0,unlabeled,-1,0,0.06134259465696035,-1
data\unlabelled\74bd7e63-eb92-466d-9f81-e869f135e582.jpg,-1,unlabeled,74bd7e63-eb92-466d-9f81-e869f135e582,unlabeled,-1,1,0.02817614174677574,-1
data\unlabelled\74f8ba3b-c1f4-4d7c-9fac-70848ca6a270.jpg,-1,unlabeled,74f8ba3b-c1f4-4d7c-9fac-70848ca6a270,unlabeled,-1,0,0.20734781946968428,-1
data\unlabelled\75023beb-d35c-4d49-a65c-db402532043d.jpg,-1,unlabeled,75023beb-d35c-4d49-a65c-db402532043d,unlabeled,-1,1,0.21197760981275038,-1
data\unlabelled\754b5cb9-275c-43ac-943d-790d31e374c6.jpg,-1,unlabeled,754b5cb9-275c-43ac-943d-790d31e374c6,unlabeled,-1,0,0.2120998727775849,-1
data\unlabelled\755bc290-c99a-4898-b252-23d37614ee88.jpg,-1,unlabeled,755bc290-c99a-4898-b252-23d37614ee88,unlabeled,-1,1,0.05083756956768759,-1
data\unlabelled\75768de5-6cf1-4f8c-93e4-d245683c5e00.jpg,-1,unlabeled,75768de5-6cf1-4f8c-93e4-d245683c5e00,unlabeled,-1,1,0.19747899067912533,-1
data\unlabelled\75cd4442-21fd-4003-8937-449b302a07d1.jpg,-1,unlabeled,75cd4442-21fd-4003-8937-449b302a07d1,unlabeled,-1,1,0.12116445213216853,-1
data\unlabelled\75ee0f44-658d-4ae6-908f-3097b64e0cc4.jpg,-1,unlabeled,75ee0f44-658d-4ae6-908f-3097b64e0cc4,unlabeled,-1,0,0.16623324588777677,-1
data\unlabelled\765b8c3b-d651-4758-9106-736d11ea60c0.jpg,-1,unlabeled,765b8c3b-d651-4758-9106-736d11ea60c0,unlabeled,-1,1,0.2378139167124198,-1
data\unlabelled\7679d4da-0ea0-419b-b948-05c360d205f6.jpg,-1,unlabeled,7679d4da-0ea0-419b-b948-05c360d205f6,unlabeled,-1,1,0.11525293266672865,-1
data\unlabelled\76942237-22f7-472b-9bb1-ce4543ac5013.jpg,-1,unlabeled,76942237-22f7-472b-9bb1-ce4543ac5013,unlabeled,-1,1,0.27074867235215283,-1
data\unlabelled\76a872d5-952d-4aac-863e-0403e82e1448.jpg,-1,unlabeled,76a872d5-952d-4aac-863e-0403e82e1448,unlabeled,-1,1,0.25107587109008667,-1
data\unlabelled\7748b371-a3ee-4659-8979-c941e99d0094.jpg,-1,unlabeled,7748b371-a3ee-4659-8979-c941e99d0094,unlabeled,-1,1,0.19367553997450793,-1
data\unlabelled\7754d2c8-cdb5-4d26-859c-d1e6cf3547d5.jpg,-1,unlabeled,7754d2c8-cdb5-4d26-859c-d1e6cf3547d5,unlabeled,-1,1,0.19047076832972443,-1
data\unlabelled\775a7d3f-98ab-4b64-a6fe-84e280a3480c.jpg,-1,unlabeled,775a7d3f-98ab-4b64-a6fe-84e280a3480c,unlabeled,-1,0,0.03734202163392819,-1
data\unlabelled\776f811e-cd6f-4960-b570-cb74cef0a20e.jpg,-1,unlabeled,776f811e-cd6f-4960-b570-cb74cef0a20e,unlabeled,-1,0,0.20219363130330958,-1
data\unlabelled\77af0364-cf37-44d3-8db3-053c1bafe20f.jpg,-1,unlabeled,77af0364-cf37-44d3-8db3-053c1bafe20f,unlabeled,-1,1,0.18520114840629165,-1
data\unlabelled\77fbfa99-d6d8-4730-bf39-8eee7e6f5746.jpg,-1,unlabeled,77fbfa99-d6d8-4730-bf39-8eee7e6f5746,unlabeled,-1,1,0.27296487949893167,-1
data\unlabelled\781965e8-8a71-434a-931c-a9c2a550570c.jpg,-1,unlabeled,781965e8-8a71-434a-931c-a9c2a550570c,unlabeled,-1,0,0.26905232719949956,-1
data\unlabelled\78567fae-a1d9-46db-a7f1-e5c919ae5baf.jpg,-1,unlabeled,78567fae-a1d9-46db-a7f1-e5c919ae5baf,unlabeled,-1,0,0.3783727965103435,-1
data\unlabelled\78ce4bc8-903c-49e5-91e2-2a7ca88bc95c.jpg,-1,unlabeled,78ce4bc8-903c-49e5-91e2-2a7ca88bc95c,unlabeled,-1,1,0.19623226003004324,-1
data\unlabelled\78ebd406-e28f-464f-8dd2-b0bdc6906e29.jpg,-1,unlabeled,78ebd406-e28f-464f-8dd2-b0bdc6906e29,unlabeled,-1,0,0.25773319243565307,-1
data\unlabelled\78f5a709-7933-4269-b90f-7d7a656e2521.jpg,-1,unlabeled,78f5a709-7933-4269-b90f-7d7a656e2521,unlabeled,-1,1,0.13889648661265752,-1
data\unlabelled\796983b7-b25c-4d49-ba3a-dc77889f3d41.jpg,-1,unlabeled,796983b7-b25c-4d49-ba3a-dc77889f3d41,unlabeled,-1,1,0.28892441990648865,-1
data\unlabelled\79719c62-efcc-4dcb-b6e3-e4112378795e.jpg,-1,unlabeled,79719c62-efcc-4dcb-b6e3-e4112378795e,unlabeled,-1,0,0.20011713119458385,-1
data\unlabelled\798a5120-38eb-4f40-848e-cda877acaa9e.jpg,-1,unlabeled,798a5120-38eb-4f40-848e-cda877acaa9e,unlabeled,-1,1,0.14846438787614247,-1
data\unlabelled\79b39b94-655d-44c1-869f-1dd073736ee2.jpg,-1,unlabeled,79b39b94-655d-44c1-869f-1dd073736ee2,unlabeled,-1,1,0.17804232131882503,-1
data\unlabelled\79d14e3a-3486-4342-92a7-65d1b41cb3d6.jpg,-1,unlabeled,79d14e3a-3486-4342-92a7-65d1b41cb3d6,unlabeled,-1,1,0.22540219537874595,-1
data\unlabelled\7a3d08fb-b6a9-4afa-816e-d8efef8ef1cb.jpg,-1,unlabeled,7a3d08fb-b6a9-4afa-816e-d8efef8ef1cb,unlabeled,-1,0,0.3740441600842326,-1
data\unlabelled\7abc9f6b-ba4f-45cb-8c25-0cb1bd583e6b.jpg,-1,unlabeled,7abc9f6b-ba4f-45cb-8c25-0cb1bd583e6b,unlabeled,-1,1,0.2268102718344277,-1
data\unlabelled\7afb826f-4af1-4221-88ab-35830086a5df.jpg,-1,unlabeled,7afb826f-4af1-4221-88ab-35830086a5df,unlabeled,-1,0,0.15594245623884107,-1
data\unlabelled\7b4c0b8b-e0b3-4b4b-b2fd-404824b3945c.jpg,-1,unlabeled,7b4c0b8b-e0b3-4b4b-b2fd-404824b3945c,unlabeled,-1,1,0.19419739880226972,-1
data\unlabelled\7b9cfe10-9b62-43d7-8975-6e0aed816a9b.jpg,-1,unlabeled,7b9cfe10-9b62-43d7-8975-6e0aed816a9b,unlabeled,-1,1,0.2026427360722125,-1
data\unlabelled\7bb7f2f3-589f-4847-9fab-2a57313fde1b.jpg,-1,unlabeled,7bb7f2f3-589f-4847-9fab-2a57313fde1b,unlabeled,-1,1,0.028176139012091816,-1
data\unlabelled\7bbf0740-36f6-465d-bb85-15a87c6e29a9.jpg,-1,unlabeled,7bbf0740-36f6-465d-bb85-15a87c6e29a9,unlabeled,-1,1,0.12913739799022084,-1
data\unlabelled\7c00276a-0708-4b7b-9035-43d973c8d174.jpg,-1,unlabeled,7c00276a-0708-4b7b-9035-43d973c8d174,unlabeled,-1,0,0.2606784130779508,-1
data\unlabelled\7c232161-5e0e-4e33-8097-f55161592c2f.jpg,-1,unlabeled,7c232161-5e0e-4e33-8097-f55161592c2f,unlabeled,-1,1,0.24475331004595613,-1
data\unlabelled\7c25b873-3b45-4507-8975-3358d52e8acc.jpg,-1,unlabeled,7c25b873-3b45-4507-8975-3358d52e8acc,unlabeled,-1,1,0.17668470622185672,-1
data\unlabelled\7c41e40d-4e72-472c-8da0-b2ce9d642203.jpg,-1,unlabeled,7c41e40d-4e72-472c-8da0-b2ce9d642203,unlabeled,-1,1,0.28711765281076596,-1
data\unlabelled\7c7b10b9-fede-44f1-808d-691e4abf9501.jpg,-1,unlabeled,7c7b10b9-fede-44f1-808d-691e4abf9501,unlabeled,-1,0,0.20732850930334012,-1
data\unlabelled\7cd96999-a74d-413f-bcf1-8beec7b1e28d.jpg,-1,unlabeled,7cd96999-a74d-413f-bcf1-8beec7b1e28d,unlabeled,-1,1,0.1477606093458419,-1
data\unlabelled\7d258fda-1121-4de6-8463-9ea87d01c71b.jpg,-1,unlabeled,7d258fda-1121-4de6-8463-9ea87d01c71b,unlabeled,-1,0,0.27541483348191875,-1
data\unlabelled\7d5333ae-3fe6-414f-b14f-0a1185927b13.jpg,-1,unlabeled,7d5333ae-3fe6-414f-b14f-0a1185927b13,unlabeled,-1,0,0.3169606941685146,-1
data\unlabelled\7d566399-8a85-4fec-bb32-00e5bb3101ac.jpg,-1,unlabeled,7d566399-8a85-4fec-bb32-00e5bb3101ac,unlabeled,-1,0,0.2183403203876847,-1
data\unlabelled\7dfe0c2b-6c33-43a1-b453-8d152813d83f.jpg,-1,unlabeled,7dfe0c2b-6c33-43a1-b453-8d152813d83f,unlabeled,-1,1,0.13214786026462777,-1
data\unlabelled\7e79b591-17a1-4687-aeff-f11849221fab.jpg,-1,unlabeled,7e79b591-17a1-4687-aeff-f11849221fab,unlabeled,-1,0,0.2635350357739642,-1
data\unlabelled\7eefa981-4ca0-4fb1-b10c-ebb49db25b09.jpg,-1,unlabeled,7eefa981-4ca0-4fb1-b10c-ebb49db25b09,unlabeled,-1,0,0.07501753620858354,-1
data\unlabelled\7f18161a-611c-4e57-a0d2-9189582498df.jpg,-1,unlabeled,7f18161a-611c-4e57-a0d2-9189582498df,unlabeled,-1,1,0.2540479113120816,-1
data\unlabelled\7f618cc9-ef72-4caa-b1a1-f363adda2f4c.jpg,-1,unlabeled,7f618cc9-ef72-4caa-b1a1-f363adda2f4c,unlabeled,-1,1,0.07006501510173402,-1
data\unlabelled\7ff11209-fd8e-412f-935e-aaf635a25afa.jpg,-1,unlabeled,7ff11209-fd8e-412f-935e-aaf635a25afa,unlabeled,-1,0,0.15502724532434498,-1
data\unlabelled\7ff5b20e-903d-4579-a36f-237da34815a6.jpg,-1,unlabeled,7ff5b20e-903d-4579-a36f-237da34815a6,unlabeled,-1,1,0.22798134865088548,-1
data\unlabelled\7ff9db72-554c-4cd2-8951-4753599ae67c.jpg,-1,unlabeled,7ff9db72-554c-4cd2-8951-4753599ae67c,unlabeled,-1,1,0.009692609436462107,-1
data\unlabelled\8003f8a0-800d-41e3-98b6-4e69681b9a53.jpg,-1,unlabeled,8003f8a0-800d-41e3-98b6-4e69681b9a53,unlabeled,-1,0,0.23972051315168552,-1
data\unlabelled\8131dd8a-544c-47cb-b780-a970a3c6de3d.jpg,-1,unlabeled,8131dd8a-544c-47cb-b780-a970a3c6de3d,unlabeled,-1,1,0.17667779245286108,-1
data\unlabelled\81340784-52dc-4672-80aa-d3a2e01d1023.jpg,-1,unlabeled,81340784-52dc-4672-80aa-d3a2e01d1023,unlabeled,-1,0,0.19819052493381095,-1
data\unlabelled\814776f9-97b6-4fd4-811e-d3bc41916bc0.jpg,-1,unlabeled,814776f9-97b6-4fd4-811e-d3bc41916bc0,unlabeled,-1,1,0.17334890161727867,-1
data\unlabelled\8162c9e5-bae6-4c9c-8091-2e78b1d15cbf.jpg,-1,unlabeled,8162c9e5-bae6-4c9c-8091-2e78b1d15cbf,unlabeled,-1,0,0.17257258123610064,-1
data\unlabelled\8171df9c-3845-4112-892f-c6fb1961dd00.jpg,-1,unlabeled,8171df9c-3845-4112-892f-c6fb1961dd00,unlabeled,-1,1,0.21227158676321012,-1
data\unlabelled\817e929b-25d8-43d4-9cf0-67cea0353238.jpg,-1,unlabeled,817e929b-25d8-43d4-9cf0-67cea0353238,unlabeled,-1,1,0.3021698807928028,-1
data\unlabelled\824b1cb2-f810-4bf3-97cc-6a6da787a38d.jpg,-1,unlabeled,824b1cb2-f810-4bf3-97cc-6a6da787a38d,unlabeled,-1,1,0.2756830207969285,-1
data\unlabelled\827650e1-dd86-4dc9-a3e0-1483686c5c4d.jpg,-1,unlabeled,827650e1-dd86-4dc9-a3e0-1483686c5c4d,unlabeled,-1,1,0.21689790331953474,-1
data\unlabelled\82903e03-950e-4a82-acde-768e5604b1d2.jpg,-1,unlabeled,82903e03-950e-4a82-acde-768e5604b1d2,unlabeled,-1,0,0.19206301780139878,-1
data\unlabelled\82cac4d5-364b-45a3-b718-b605fe25a9a9.jpg,-1,unlabeled,82cac4d5-364b-45a3-b718-b605fe25a9a9,unlabeled,-1,0,0.2613654151739241,-1
data\unlabelled\8402b146-e427-4bba-9459-30d128dafd92.jpg,-1,unlabeled,8402b146-e427-4bba-9459-30d128dafd92,unlabeled,-1,1,0.17852272317977136,-1
data\unlabelled\8411d424-f38c-497c-aeab-30213125a487.jpg,-1,unlabeled,8411d424-f38c-497c-aeab-30213125a487,unlabeled,-1,0,0.10293382923271799,-1
data\unlabelled\8411efde-077b-4888-9017-55a3c1848399.jpg,-1,unlabeled,8411efde-077b-4888-9017-55a3c1848399,unlabeled,-1,1,0.27876320334805504,-1
data\unlabelled\844735a2-b873-4bc8-b0c6-2022dd4517b5.jpg,-1,unlabeled,844735a2-b873-4bc8-b0c6-2022dd4517b5,unlabeled,-1,0,0.2774936147767021,-1
data\unlabelled\8495307e-e6a0-491e-a810-cca61958f4b2.jpg,-1,unlabeled,8495307e-e6a0-491e-a810-cca61958f4b2,unlabeled,-1,0,0.2640939035144084,-1
data\unlabelled\84e695d7-b3b6-4478-950b-8adb3128b4fb.jpg,-1,unlabeled,84e695d7-b3b6-4478-950b-8adb3128b4fb,unlabeled,-1,0,0.3697361293610366,-1
data\unlabelled\84edcdd6-224b-409c-a4f2-57754d14c097.jpg,-1,unlabeled,84edcdd6-224b-409c-a4f2-57754d14c097,unlabeled,-1,0,0.21678219455752545,-1
data\unlabelled\84f0c6e3-ecc5-455b-843c-00145df2fe4d.jpg,-1,unlabeled,84f0c6e3-ecc5-455b-843c-00145df2fe4d,unlabeled,-1,1,0.21751820210110084,-1
data\unlabelled\851ba783-ca6e-434f-a0d7-6bf1511f4658.jpg,-1,unlabeled,851ba783-ca6e-434f-a0d7-6bf1511f4658,unlabeled,-1,1,0.21000344563422624,-1
data\unlabelled\85d9cafc-64f4-4588-8300-7ddfc00e90fd.jpg,-1,unlabeled,85d9cafc-64f4-4588-8300-7ddfc00e90fd,unlabeled,-1,0,0.2994811356411674,-1
data\unlabelled\85dda3ec-bac0-4bb0-bdb6-2fb214fc8f2e.jpg,-1,unlabeled,85dda3ec-bac0-4bb0-bdb6-2fb214fc8f2e,unlabeled,-1,1,0.14269917216599548,-1
data\unlabelled\85dfd9a7-ddb3-49a2-8090-954da201df89.jpg,-1,unlabeled,85dfd9a7-ddb3-49a2-8090-954da201df89,unlabeled,-1,1,0.23551971666899707,-1
data\unlabelled\85fc3030-a496-4b23-883c-421778bb8905.jpg,-1,unlabeled,85fc3030-a496-4b23-883c-421778bb8905,unlabeled,-1,1,0.25932158801526317,-1
data\unlabelled\8611541f-1c31-4d41-94b6-ad0d209ff402.jpg,-1,unlabeled,8611541f-1c31-4d41-94b6-ad0d209ff402,unlabeled,-1,1,0.18986830695927903,-1
data\unlabelled\8622e150-72a8-4cf9-873c-290335a248af.jpg,-1,unlabeled,8622e150-72a8-4cf9-873c-290335a248af,unlabeled,-1,0,0.27428015353861124,-1
data\unlabelled\8632a815-073d-4a94-a604-db098ad44b37.jpg,-1,unlabeled,8632a815-073d-4a94-a604-db098ad44b37,unlabeled,-1,1,0.23184592176394692,-1
data\unlabelled\864095dd-21ec-49e6-8d1b-63a01e980a4e.jpg,-1,unlabeled,864095dd-21ec-49e6-8d1b-63a01e980a4e,unlabeled,-1,1,0.22733541242687283,-1
data\unlabelled\8694ce78-284d-4e82-8c9e-9f90d1efd760.jpg,-1,unlabeled,8694ce78-284d-4e82-8c9e-9f90d1efd760,unlabeled,-1,0,0.25968659812177486,-1
data\unlabelled\871454cc-5072-4369-919c-76ccebbe196b.jpg,-1,unlabeled,871454cc-5072-4369-919c-76ccebbe196b,unlabeled,-1,1,0.2231332812231822,-1
data\unlabelled\8757de5e-a7df-4668-bf5a-547e22d4533a.jpg,-1,unlabeled,8757de5e-a7df-4668-bf5a-547e22d4533a,unlabeled,-1,0,0.25173730283362883,-1
data\unlabelled\87c90874-56bc-4562-8db9-19ee7d354fe3.jpg,-1,unlabeled,87c90874-56bc-4562-8db9-19ee7d354fe3,unlabeled,-1,1,0.20660884877717522,-1
data\unlabelled\87caab74-b3e2-422b-af3a-0b253c9966c2.jpg,-1,unlabeled,87caab74-b3e2-422b-af3a-0b253c9966c2,unlabeled,-1,0,0.24940397001769532,-1
data\unlabelled\87f7365b-7192-4eac-bd2e-37068ee8cdb7.jpg,-1,unlabeled,87f7365b-7192-4eac-bd2e-37068ee8cdb7,unlabeled,-1,1,0.3077099409060291,-1
data\unlabelled\885b0c52-8257-4511-bb61-5b773eec462e.jpg,-1,unlabeled,885b0c52-8257-4511-bb61-5b773eec462e,unlabeled,-1,0,0.3690497422928867,-1
data\unlabelled\8885fcc6-68de-4743-985c-8cc88d02a579.jpg,-1,unlabeled,8885fcc6-68de-4743-985c-8cc88d02a579,unlabeled,-1,0,0.2673889361100187,-1
data\unlabelled\889363d2-fac2-4e56-b66f-effdfa47ed0c.jpg,-1,unlabeled,889363d2-fac2-4e56-b66f-effdfa47ed0c,unlabeled,-1,1,0.17287549553220372,-1
data\unlabelled\88d5e066-3735-4d6d-b729-de99cd014914.jpg,-1,unlabeled,88d5e066-3735-4d6d-b729-de99cd014914,unlabeled,-1,1,0.30650362428590683,-1
data\unlabelled\88f457e4-1b74-4ad3-a1df-6aeb558849f0.jpg,-1,unlabeled,88f457e4-1b74-4ad3-a1df-6aeb558849f0,unlabeled,-1,1,0.18520114840629165,-1
data\unlabelled\88fe5aaa-5b35-47e3-a28a-0b57fc9acabc.jpg,-1,unlabeled,88fe5aaa-5b35-47e3-a28a-0b57fc9acabc,unlabeled,-1,0,0.27698526197525697,-1
data\unlabelled\89503f10-1f72-4fec-8769-2347375e9b36.jpg,-1,unlabeled,89503f10-1f72-4fec-8769-2347375e9b36,unlabeled,-1,1,0.2788329427325843,-1
data\unlabelled\895361c0-ffa8-4152-b0d0-53935ac35a88.jpg,-1,unlabeled,895361c0-ffa8-4152-b0d0-53935ac35a88,unlabeled,-1,0,0.0654732158146718,-1
data\unlabelled\898c7fe5-19a1-4f37-9f4c-d5dd3edd1c84.jpg,-1,unlabeled,898c7fe5-19a1-4f37-9f4c-d5dd3edd1c84,unlabeled,-1,0,0.13570157485769585,-1
data\unlabelled\8995da3a-8071-4b32-afa8-d71de7ff697e.jpg,-1,unlabeled,8995da3a-8071-4b32-afa8-d71de7ff697e,unlabeled,-1,1,0.1654854015642242,-1
data\unlabelled\8a3db00b-8e54-41d5-8e58-d4c709f586bf.jpg,-1,unlabeled,8a3db00b-8e54-41d5-8e58-d4c709f586bf,unlabeled,-1,0,0.01006536003903391,-1
data\unlabelled\8a856625-e977-47a7-bcb8-c6a5cf409c26.jpg,-1,unlabeled,8a856625-e977-47a7-bcb8-c6a5cf409c26,unlabeled,-1,1,0.1423926447368128,-1
data\unlabelled\8ad33b63-716b-44fd-b0d4-6024718a408f.jpg,-1,unlabeled,8ad33b63-716b-44fd-b0d4-6024718a408f,unlabeled,-1,0,0.19943855416706058,-1
data\unlabelled\8adca915-7158-4d8e-8263-8d9cda2a5668.jpg,-1,unlabeled,8adca915-7158-4d8e-8263-8d9cda2a5668,unlabeled,-1,0,0.0879138721148548,-1
data\unlabelled\8aff78cb-bf70-4b9a-85cd-4b1036ba22cc.jpg,-1,unlabeled,8aff78cb-bf70-4b9a-85cd-4b1036ba22cc,unlabeled,-1,1,0.28414371003006655,-1
data\unlabelled\8b1acb43-eab8-4657-966c-d34aeecae4af.jpg,-1,unlabeled,8b1acb43-eab8-4657-966c-d34aeecae4af,unlabeled,-1,1,0.20103815414904658,-1
data\unlabelled\8b22e623-fe9a-48de-a8a9-326baf91af63.jpg,-1,unlabeled,8b22e623-fe9a-48de-a8a9-326baf91af63,unlabeled,-1,0,0.19247832821169064,-1
data\unlabelled\8b3d8a6a-0421-4824-ae1e-1f1d407fa5bc.jpg,-1,unlabeled,8b3d8a6a-0421-4824-ae1e-1f1d407fa5bc,unlabeled,-1,0,0.1908289230268554,-1
data\unlabelled\8b41163a-f3c8-41da-a113-bdef549a0ce0.jpg,-1,unlabeled,8b41163a-f3c8-41da-a113-bdef549a0ce0,unlabeled,-1,1,0.33982920314653664,-1
data\unlabelled\8b4824e5-7560-4c8d-80d0-75c393002311.jpg,-1,unlabeled,8b4824e5-7560-4c8d-80d0-75c393002311,unlabeled,-1,1,0.020650651312921764,-1
data\unlabelled\8b53b691-5bff-4dc5-8257-1116fac1509a.jpg,-1,unlabeled,8b53b691-5bff-4dc5-8257-1116fac1509a,unlabeled,-1,0,0.21272951555024067,-1
data\unlabelled\8b9372c0-1cc2-4d55-b4cd-53cc82184050.jpg,-1,unlabeled,8b9372c0-1cc2-4d55-b4cd-53cc82184050,unlabeled,-1,0,0.01231068185008699,-1
data\unlabelled\8bcb5cdf-2ef4-4b5a-8db2-4c9d3f851d41.jpg,-1,unlabeled,8bcb5cdf-2ef4-4b5a-8db2-4c9d3f851d41,unlabeled,-1,1,0.009675471420509618,-1
data\unlabelled\8bfd3282-7260-46c9-8e01-864fa9cde88f.jpg,-1,unlabeled,8bfd3282-7260-46c9-8e01-864fa9cde88f,unlabeled,-1,1,0.09415462971534039,-1
data\unlabelled\8c26875f-0282-44f9-9cc0-b8a7a9679098.jpg,-1,unlabeled,8c26875f-0282-44f9-9cc0-b8a7a9679098,unlabeled,-1,0,0.14059313983329225,-1
data\unlabelled\8c3b108d-9340-4274-b434-9c5346580098.jpg,-1,unlabeled,8c3b108d-9340-4274-b434-9c5346580098,unlabeled,-1,0,0.1855114089878911,-1
data\unlabelled\8c4761d3-28d0-483c-8d75-7e4facf21fbb.jpg,-1,unlabeled,8c4761d3-28d0-483c-8d75-7e4facf21fbb,unlabeled,-1,0,0.277698664446265,-1
data\unlabelled\8c98d557-62be-463f-87c0-d8b87802cd01.jpg,-1,unlabeled,8c98d557-62be-463f-87c0-d8b87802cd01,unlabeled,-1,1,0.2052771693698805,-1
data\unlabelled\8cd4ed59-139f-4290-8455-05132107b115.jpg,-1,unlabeled,8cd4ed59-139f-4290-8455-05132107b115,unlabeled,-1,0,0.27785023429966416,-1
data\unlabelled\8ceee2ff-68af-493a-b3cc-d92c0f718a93.jpg,-1,unlabeled,8ceee2ff-68af-493a-b3cc-d92c0f718a93,unlabeled,-1,0,0.08782477467559113,-1
data\unlabelled\8d10d414-a4aa-49df-ba2a-8f29cad2c785.jpg,-1,unlabeled,8d10d414-a4aa-49df-ba2a-8f29cad2c785,unlabeled,-1,1,0.215871910583052,-1
data\unlabelled\8d29f6c5-5f88-441c-b998-f844a8dc040d.jpg,-1,unlabeled,8d29f6c5-5f88-441c-b998-f844a8dc040d,unlabeled,-1,1,0.1945899081445902,-1
data\unlabelled\8d4ed6ef-64c7-40df-b895-4186381f4c2b.jpg,-1,unlabeled,8d4ed6ef-64c7-40df-b895-4186381f4c2b,unlabeled,-1,1,0.2249863108796193,-1
data\unlabelled\8d64b9fd-9f65-4814-aa6e-e94a7c47550b.jpg,-1,unlabeled,8d64b9fd-9f65-4814-aa6e-e94a7c47550b,unlabeled,-1,0,0.27698526197525697,-1
data\unlabelled\8d700c36-24aa-4b10-9f65-c988ad4cb3ab.jpg,-1,unlabeled,8d700c36-24aa-4b10-9f65-c988ad4cb3ab,unlabeled,-1,0,0.33845972195600404,-1
data\unlabelled\8d7764f5-9631-4678-a5fb-88281fe1aa45.jpg,-1,unlabeled,8d7764f5-9631-4678-a5fb-88281fe1aa45,unlabeled,-1,1,0.246309308417199,-1
data\unlabelled\8d77b9ed-0a15-4521-84a1-088073e8ac47.jpg,-1,unlabeled,8d77b9ed-0a15-4521-84a1-088073e8ac47,unlabeled,-1,0,0.20910003360016294,-1
data\unlabelled\8d91658e-94c3-441d-a344-4b8be9885e74.jpg,-1,unlabeled,8d91658e-94c3-441d-a344-4b8be9885e74,unlabeled,-1,1,0.12082156874798655,-1
data\unlabelled\8e081513-46fe-441d-b4a0-54d770656a08.jpg,-1,unlabeled,8e081513-46fe-441d-b4a0-54d770656a08,unlabeled,-1,1,0.16369448735740122,-1
data\unlabelled\8e403e4c-9a8d-4dc8-8892-f692aec2e765.jpg,-1,unlabeled,8e403e4c-9a8d-4dc8-8892-f692aec2e765,unlabeled,-1,1,0.35161499831231524,-1
data\unlabelled\8e4d9f11-5d50-4942-98f8-50458fd0974c.jpg,-1,unlabeled,8e4d9f11-5d50-4942-98f8-50458fd0974c,unlabeled,-1,0,0.33095799227731915,-1
data\unlabelled\8e7656e8-ba42-47b2-84b7-99f4cd7c25a6.jpg,-1,unlabeled,8e7656e8-ba42-47b2-84b7-99f4cd7c25a6,unlabeled,-1,1,0.17864863414225418,-1
data\unlabelled\8e80545b-1752-43fd-83dc-e5896bbc5879.jpg,-1,unlabeled,8e80545b-1752-43fd-83dc-e5896bbc5879,unlabeled,-1,1,0.16923479017777943,-1
data\unlabelled\8f20b4bd-abce-44a7-914e-d0c4e22a09d9.jpg,-1,unlabeled,8f20b4bd-abce-44a7-914e-d0c4e22a09d9,unlabeled,-1,1,0.278217543577885,-1
data\unlabelled\8f3552d6-9507-4303-aaf2-9e296c0232b1.jpg,-1,unlabeled,8f3552d6-9507-4303-aaf2-9e296c0232b1,unlabeled,-1,1,0.2611737900815846,-1
data\unlabelled\8f8c56f6-cedd-4112-b2bc-d9e1709500f9.jpg,-1,unlabeled,8f8c56f6-cedd-4112-b2bc-d9e1709500f9,unlabeled,-1,1,0.2274009243572972,-1
data\unlabelled\9122ff1e-376e-4ea1-a334-7874c4697b8e.jpg,-1,unlabeled,9122ff1e-376e-4ea1-a334-7874c4697b8e,unlabeled,-1,1,0.2553654757330861,-1
data\unlabelled\914a70d9-40db-41d8-ab37-0532ceeee264.jpg,-1,unlabeled,914a70d9-40db-41d8-ab37-0532ceeee264,unlabeled,-1,1,0.21368966535513856,-1
data\unlabelled\917a401f-4cd8-4214-9bc2-f9be773eb91e.jpg,-1,unlabeled,917a401f-4cd8-4214-9bc2-f9be773eb91e,unlabeled,-1,1,0.2187506394658949,-1
data\unlabelled\91babbed-4478-424b-b2fa-65e9aeb3c48a.jpg,-1,unlabeled,91babbed-4478-424b-b2fa-65e9aeb3c48a,unlabeled,-1,1,0.14943704887861287,-1
data\unlabelled\920dfb02-bc48-41fd-8b13-cca63c4f7f89.jpg,-1,unlabeled,920dfb02-bc48-41fd-8b13-cca63c4f7f89,unlabeled,-1,1,0.1980486961863307,-1
data\unlabelled\92100fd8-bdbd-49a3-bf65-3f66201a4f35.jpg,-1,unlabeled,92100fd8-bdbd-49a3-bf65-3f66201a4f35,unlabeled,-1,0,0.2839337962538665,-1
data\unlabelled\9213e2ef-453f-48ae-a303-758617e5d021.jpg,-1,unlabeled,9213e2ef-453f-48ae-a303-758617e5d021,unlabeled,-1,1,0.19165954571415433,-1
data\unlabelled\921c9dea-28b4-48b6-bc28-111bc8d97291.jpg,-1,unlabeled,921c9dea-28b4-48b6-bc28-111bc8d97291,unlabeled,-1,1,0.19301105172525657,-1
data\unlabelled\9238593a-ba0b-440f-b966-682605fe76ac.jpg,-1,unlabeled,9238593a-ba0b-440f-b966-682605fe76ac,unlabeled,-1,1,0.24509195034722497,-1
data\unlabelled\927db685-b584-4440-b776-5be4edc3ce47.jpg,-1,unlabeled,927db685-b584-4440-b776-5be4edc3ce47,unlabeled,-1,0,0.21735208048332566,-1
data\unlabelled\92866c8b-e1fa-4194-b7a7-b8f413812dfd.jpg,-1,unlabeled,92866c8b-e1fa-4194-b7a7-b8f413812dfd,unlabeled,-1,1,0.18748468038593313,-1
data\unlabelled\92f7087b-c5ca-46f8-9f12-72ae7b6a438c.jpg,-1,unlabeled,92f7087b-c5ca-46f8-9f12-72ae7b6a438c,unlabeled,-1,0,0.03172532586948995,-1
data\unlabelled\92fd91db-086c-4edd-b347-7e7f2a0b9504.jpg,-1,unlabeled,92fd91db-086c-4edd-b347-7e7f2a0b9504,unlabeled,-1,1,0.1477606093458419,-1
data\unlabelled\931694a6-44e0-4a93-97c1-7f3d00e7e3c9.jpg,-1,unlabeled,931694a6-44e0-4a93-97c1-7f3d00e7e3c9,unlabeled,-1,0,0.38211837858260556,-1
data\unlabelled\93690fc9-48b6-41c3-a2bd-949b50649ec2.jpg,-1,unlabeled,93690fc9-48b6-41c3-a2bd-949b50649ec2,unlabeled,-1,1,0.1581894604656091,-1
data\unlabelled\9382e987-3df2-465a-8486-e696e4eeabfe.jpg,-1,unlabeled,9382e987-3df2-465a-8486-e696e4eeabfe,unlabeled,-1,0,0.28092034429621926,-1
data\unlabelled\9409c6ad-3afd-430d-94f3-0e7573485291.jpg,-1,unlabeled,9409c6ad-3afd-430d-94f3-0e7573485291,unlabeled,-1,1,0.17982980734862974,-1
data\unlabelled\94585a90-5f11-47ea-9561-450208426722.jpg,-1,unlabeled,94585a90-5f11-47ea-9561-450208426722,unlabeled,-1,0,0.24838717509340602,-1
data\unlabelled\94c7620a-ada0-41b6-b66f-756974523bb8.jpg,-1,unlabeled,94c7620a-ada0-41b6-b66f-756974523bb8,unlabeled,-1,1,0.20434435769519665,-1
data\unlabelled\94cbb531-4b6f-4cda-bb7b-a17158079092.jpg,-1,unlabeled,94cbb531-4b6f-4cda-bb7b-a17158079092,unlabeled,-1,1,0.17856905603944462,-1
data\unlabelled\94eb9a94-40b4-45e8-9c4b-068cd7e2f439.jpg,-1,unlabeled,94eb9a94-40b4-45e8-9c4b-068cd7e2f439,unlabeled,-1,1,0.14491570401138376,-1
data\unlabelled\95055fe4-5c47-4591-85ff-422cdbd3ff0c.jpg,-1,unlabeled,95055fe4-5c47-4591-85ff-422cdbd3ff0c,unlabeled,-1,1,0.20384728267874774,-1
data\unlabelled\9529bbba-150f-43eb-b28a-e80894439090.jpg,-1,unlabeled,9529bbba-150f-43eb-b28a-e80894439090,unlabeled,-1,0,0.265078894020618,-1
data\unlabelled\95336f5d-d39b-46cd-8b16-b58b43518c1c.jpg,-1,unlabeled,95336f5d-d39b-46cd-8b16-b58b43518c1c,unlabeled,-1,1,0.25352734774918795,-1
data\unlabelled\95ac01c6-796a-4d8b-aef7-ffd7183d08da.jpg,-1,unlabeled,95ac01c6-796a-4d8b-aef7-ffd7183d08da,unlabeled,-1,1,0.1396525820942096,-1
data\unlabelled\95be2f40-afeb-4e3a-96e0-81951a7f3a14.jpg,-1,unlabeled,95be2f40-afeb-4e3a-96e0-81951a7f3a14,unlabeled,-1,1,0.23616687481600007,-1
data\unlabelled\95f9cab6-25fa-4b75-a824-d41b9e13bd61.jpg,-1,unlabeled,95f9cab6-25fa-4b75-a824-d41b9e13bd61,unlabeled,-1,1,0.12242102872429417,-1
data\unlabelled\9606cc4f-607d-439a-a18b-54dce8763b99.jpg,-1,unlabeled,9606cc4f-607d-439a-a18b-54dce8763b99,unlabeled,-1,1,0.1687643774198062,-1
data\unlabelled\961b009d-5d96-4e49-8e0a-f31014c0aedb.jpg,-1,unlabeled,961b009d-5d96-4e49-8e0a-f31014c0aedb,unlabeled,-1,1,0.3279112830317841,-1
data\unlabelled\9697898c-3c42-4dab-8916-faff2037a2dc.jpg,-1,unlabeled,9697898c-3c42-4dab-8916-faff2037a2dc,unlabeled,-1,1,0.15289215419299618,-1
data\unlabelled\96cbfc60-f9bc-46ca-846d-520ff6478db4.jpg,-1,unlabeled,96cbfc60-f9bc-46ca-846d-520ff6478db4,unlabeled,-1,1,0.0183717490628742,-1
data\unlabelled\96dbf0e7-2219-4a39-b4f0-c6b8eab1f833.jpg,-1,unlabeled,96dbf0e7-2219-4a39-b4f0-c6b8eab1f833,unlabeled,-1,0,0.17281777548148514,-1
data\unlabelled\974065d8-2b2e-40f2-ad74-be186b798088.jpg,-1,unlabeled,974065d8-2b2e-40f2-ad74-be186b798088,unlabeled,-1,0,0.18933955125427138,-1
data\unlabelled\977aebd7-dd30-49b0-9a22-51a3dcaf0cb1.jpg,-1,unlabeled,977aebd7-dd30-49b0-9a22-51a3dcaf0cb1,unlabeled,-1,1,0.24667106338451195,-1
data\unlabelled\978715e7-db82-4910-a952-40498744ae1e.jpg,-1,unlabeled,978715e7-db82-4910-a952-40498744ae1e,unlabeled,-1,0,0.2912332413204486,-1
data\unlabelled\98928722-3d12-4a82-a5d9-16c6b6b65eb3.jpg,-1,unlabeled,98928722-3d12-4a82-a5d9-16c6b6b65eb3,unlabeled,-1,1,0.28820972015734225,-1
data\unlabelled\98a27014-e5ce-4fee-a65f-1b24a24a803e.jpg,-1,unlabeled,98a27014-e5ce-4fee-a65f-1b24a24a803e,unlabeled,-1,1,0.19756878600620154,-1
data\unlabelled\98d7592f-4da2-4888-97a9-34e488a387af.jpg,-1,unlabeled,98d7592f-4da2-4888-97a9-34e488a387af,unlabeled,-1,1,0.27244858164898234,-1
data\unlabelled\9910a342-b82a-40e3-af17-13e22971b18f.jpg,-1,unlabeled,9910a342-b82a-40e3-af17-13e22971b18f,unlabeled,-1,0,0.16791193125082537,-1
data\unlabelled\992ac932-5fd5-46bd-8587-9f8ce8004765.jpg,-1,unlabeled,992ac932-5fd5-46bd-8587-9f8ce8004765,unlabeled,-1,1,0.289590226884913,-1
data\unlabelled\995b70f4-c2b6-4aad-a523-e45d83636997.jpg,-1,unlabeled,995b70f4-c2b6-4aad-a523-e45d83636997,unlabeled,-1,1,0.23454153982136083,-1
data\unlabelled\995e501d-00d3-4117-878f-457172204953.jpg,-1,unlabeled,995e501d-00d3-4117-878f-457172204953,unlabeled,-1,1,0.11593168305976098,-1
data\unlabelled\9972400e-6729-4cd8-8974-f2b95d78ba9f.jpg,-1,unlabeled,9972400e-6729-4cd8-8974-f2b95d78ba9f,unlabeled,-1,1,0.1617811450673824,-1
data\unlabelled\99a4b384-9f8f-4123-8d6d-714264efe63c.jpg,-1,unlabeled,99a4b384-9f8f-4123-8d6d-714264efe63c,unlabeled,-1,1,0.18874874753787285,-1
data\unlabelled\99d4192d-8f01-4d1c-8447-1e848d1322c0.jpg,-1,unlabeled,99d4192d-8f01-4d1c-8447-1e848d1322c0,unlabeled,-1,1,0.20960920154471885,-1
data\unlabelled\99e3bd44-d147-4043-9e32-8f11baac22d2.jpg,-1,unlabeled,99e3bd44-d147-4043-9e32-8f11baac22d2,unlabeled,-1,1,0.15257969370375768,-1
data\unlabelled\9a09fff4-8e8d-46b2-b16c-2911e8677701.jpg,-1,unlabeled,9a09fff4-8e8d-46b2-b16c-2911e8677701,unlabeled,-1,1,0.1720400656896076,-1
data\unlabelled\9a5228be-dc9f-4d66-94df-38681337375a.jpg,-1,unlabeled,9a5228be-dc9f-4d66-94df-38681337375a,unlabeled,-1,0,0.1424743969172031,-1
data\unlabelled\9af38262-36c2-4165-9e5b-bb44e762db16.jpg,-1,unlabeled,9af38262-36c2-4165-9e5b-bb44e762db16,unlabeled,-1,1,0.20334377647203328,-1
data\unlabelled\9b04b6c2-79c4-4837-9199-8b4104224743.jpg,-1,unlabeled,9b04b6c2-79c4-4837-9199-8b4104224743,unlabeled,-1,0,0.20006155187871444,-1
data\unlabelled\9b2736c3-5b1b-45fd-ba9b-b1b64228e999.jpg,-1,unlabeled,9b2736c3-5b1b-45fd-ba9b-b1b64228e999,unlabeled,-1,0,0.2511096863761698,-1
data\unlabelled\9b2f0d98-5b77-479e-af28-fc3db7350bab.jpg,-1,unlabeled,9b2f0d98-5b77-479e-af28-fc3db7350bab,unlabeled,-1,1,0.3492892638980153,-1
data\unlabelled\9c1914bd-03b4-4fe9-984b-590ee2ba0142.jpg,-1,unlabeled,9c1914bd-03b4-4fe9-984b-590ee2ba0142,unlabeled,-1,1,0.16892080986062574,-1
data\unlabelled\9c36dc3a-874d-4f12-957a-c5733f3ff4da.jpg,-1,unlabeled,9c36dc3a-874d-4f12-957a-c5733f3ff4da,unlabeled,-1,0,0.1588843645967586,-1
data\unlabelled\9c72c314-9e62-4249-b57c-e9037ffd1dae.jpg,-1,unlabeled,9c72c314-9e62-4249-b57c-e9037ffd1dae,unlabeled,-1,1,0.27623243095205907,-1
data\unlabelled\9d34d3c6-d14d-4c5d-b2dd-6798af15e3a1.jpg,-1,unlabeled,9d34d3c6-d14d-4c5d-b2dd-6798af15e3a1,unlabeled,-1,0,0.04309775663362958,-1
data\unlabelled\9d438e7a-cc56-4688-995a-9af082b8ee1f.jpg,-1,unlabeled,9d438e7a-cc56-4688-995a-9af082b8ee1f,unlabeled,-1,0,0.1783929299747613,-1
data\unlabelled\9e156348-a54a-47bc-8da0-c7f8ab8dc6db.jpg,-1,unlabeled,9e156348-a54a-47bc-8da0-c7f8ab8dc6db,unlabeled,-1,1,0.20824543204969204,-1
data\unlabelled\9e3c9103-8fa7-4fa6-b253-30babf2718fc.jpg,-1,unlabeled,9e3c9103-8fa7-4fa6-b253-30babf2718fc,unlabeled,-1,0,0.18408198598770698,-1
data\unlabelled\9e6efb0c-a87a-4c26-bcc0-263957bee67b.jpg,-1,unlabeled,9e6efb0c-a87a-4c26-bcc0-263957bee67b,unlabeled,-1,0,0.12814343279670648,-1
data\unlabelled\9e990790-ab7d-449a-ac2d-8419f925614e.jpg,-1,unlabeled,9e990790-ab7d-449a-ac2d-8419f925614e,unlabeled,-1,0,0.23521113988838116,-1
data\unlabelled\9ebd9970-4cda-4cb9-8f08-b234eba80e5a.jpg,-1,unlabeled,9ebd9970-4cda-4cb9-8f08-b234eba80e5a,unlabeled,-1,1,0.10776179952665743,-1
data\unlabelled\9ef2b84b-cee8-4b4d-9431-ad40d062cb47.jpg,-1,unlabeled,9ef2b84b-cee8-4b4d-9431-ad40d062cb47,unlabeled,-1,1,0.16486105714528532,-1
data\unlabelled\9efacc2b-7386-4c99-a3fb-22082c0b91bd.jpg,-1,unlabeled,9efacc2b-7386-4c99-a3fb-22082c0b91bd,unlabeled,-1,1,0.19802928075204118,-1
data\unlabelled\9f4332e0-5d98-4ce4-8ce5-c713eacc0081.jpg,-1,unlabeled,9f4332e0-5d98-4ce4-8ce5-c713eacc0081,unlabeled,-1,1,0.1304553668626679,-1
data\unlabelled\9f94cc07-eb10-48d4-aebe-c88327765a74.jpg,-1,unlabeled,9f94cc07-eb10-48d4-aebe-c88327765a74,unlabeled,-1,0,0.2975243612829602,-1
data\unlabelled\9f9bbaed-8a26-422e-b8d2-e94a18295dcb.jpg,-1,unlabeled,9f9bbaed-8a26-422e-b8d2-e94a18295dcb,unlabeled,-1,1,0.24311066666189896,-1
data\unlabelled\a04979a3-848c-4019-9fac-dd294519b75d.jpg,-1,unlabeled,a04979a3-848c-4019-9fac-dd294519b75d,unlabeled,-1,1,0.3187978967103169,-1
data\unlabelled\a0527877-e057-4aad-b285-3c19c94a3534.jpg,-1,unlabeled,a0527877-e057-4aad-b285-3c19c94a3534,unlabeled,-1,1,0.2951335226247772,-1
data\unlabelled\a0982775-75fb-4f4a-b955-530a0d59ad61.jpg,-1,unlabeled,a0982775-75fb-4f4a-b955-530a0d59ad61,unlabeled,-1,0,0.2959734365778991,-1
data\unlabelled\a09d7bd5-2c8f-4138-80c0-de1a7f2cd360.jpg,-1,unlabeled,a09d7bd5-2c8f-4138-80c0-de1a7f2cd360,unlabeled,-1,1,0.13662308281406,-1
data\unlabelled\a152b48e-a831-4ff4-8868-3d870eba4a7f.jpg,-1,unlabeled,a152b48e-a831-4ff4-8868-3d870eba4a7f,unlabeled,-1,0,0.19598258790209577,-1
data\unlabelled\a170a945-4b1c-40eb-aae4-59d20c8a1b22.jpg,-1,unlabeled,a170a945-4b1c-40eb-aae4-59d20c8a1b22,unlabeled,-1,1,0.18868363956075707,-1
data\unlabelled\a1841a10-a43f-45b8-8f43-4acc3d2f1f4e.jpg,-1,unlabeled,a1841a10-a43f-45b8-8f43-4acc3d2f1f4e,unlabeled,-1,0,0.24551937287409675,-1
data\unlabelled\a213ec08-5323-4cac-b2f7-7a8cd7dad21e.jpg,-1,unlabeled,a213ec08-5323-4cac-b2f7-7a8cd7dad21e,unlabeled,-1,1,0.32710799053694795,-1
data\unlabelled\a249a282-e855-44d5-8759-476934b332fb.jpg,-1,unlabeled,a249a282-e855-44d5-8759-476934b332fb,unlabeled,-1,1,0.24713209130979452,-1
data\unlabelled\a24e6a4f-5dca-498f-9329-1e6cfe84b131.jpg,-1,unlabeled,a24e6a4f-5dca-498f-9329-1e6cfe84b131,unlabeled,-1,0,0.2505390796907081,-1
data\unlabelled\a255736e-214b-4b79-8de1-b41896126278.jpg,-1,unlabeled,a255736e-214b-4b79-8de1-b41896126278,unlabeled,-1,0,0.2403685421739027,-1
data\unlabelled\a2662c2f-32e2-490d-aece-f0aab3577c95.jpg,-1,unlabeled,a2662c2f-32e2-490d-aece-f0aab3577c95,unlabeled,-1,0,0.16854574687449342,-1
data\unlabelled\a2e9256e-b213-43b2-a4b2-846c181ab7ae.jpg,-1,unlabeled,a2e9256e-b213-43b2-a4b2-846c181ab7ae,unlabeled,-1,1,0.19608371133889513,-1
data\unlabelled\a32947a4-5d48-47b3-ac14-29dc8810e9c0.jpg,-1,unlabeled,a32947a4-5d48-47b3-ac14-29dc8810e9c0,unlabeled,-1,0,0.1953462320234457,-1
data\unlabelled\a3337a5a-2572-42d5-b94d-737da22ff3a9.jpg,-1,unlabeled,a3337a5a-2572-42d5-b94d-737da22ff3a9,unlabeled,-1,1,0.20292310581729267,-1
data\unlabelled\a3625935-0405-40a2-b406-1c412fffc7f3.jpg,-1,unlabeled,a3625935-0405-40a2-b406-1c412fffc7f3,unlabeled,-1,0,0.2240131411791041,-1
data\unlabelled\a399a471-fd58-48b0-82a3-5eed99068570.jpg,-1,unlabeled,a399a471-fd58-48b0-82a3-5eed99068570,unlabeled,-1,0,0.019421436439557294,-1
data\unlabelled\a3c09133-febe-4e86-9436-2b892f3a0387.jpg,-1,unlabeled,a3c09133-febe-4e86-9436-2b892f3a0387,unlabeled,-1,1,0.1320854055304651,-1
data\unlabelled\a3e38644-10d6-43b0-bac5-1847580bc89d.jpg,-1,unlabeled,a3e38644-10d6-43b0-bac5-1847580bc89d,unlabeled,-1,0,0.22124414419877036,-1
data\unlabelled\a3f72a5f-00ea-4e2c-9ca8-4a67db544f50.jpg,-1,unlabeled,a3f72a5f-00ea-4e2c-9ca8-4a67db544f50,unlabeled,-1,1,0.2890682834007511,-1
data\unlabelled\a4246a3d-368d-44da-8518-cf2d87dc8c59.jpg,-1,unlabeled,a4246a3d-368d-44da-8518-cf2d87dc8c59,unlabeled,-1,1,0.27489951221235587,-1
data\unlabelled\a440576d-e956-4701-934a-b3cf8dc4321d.jpg,-1,unlabeled,a440576d-e956-4701-934a-b3cf8dc4321d,unlabeled,-1,1,0.12147683508855323,-1
data\unlabelled\a441670c-ed19-4b1c-b482-7c925983dfbf.jpg,-1,unlabeled,a441670c-ed19-4b1c-b482-7c925983dfbf,unlabeled,-1,1,0.2444437732856216,-1
data\unlabelled\a486acab-bb88-45d9-bba8-632008060dc2.jpg,-1,unlabeled,a486acab-bb88-45d9-bba8-632008060dc2,unlabeled,-1,1,0.15421252355940385,-1
data\unlabelled\a49abbe4-ae77-4c42-b77d-3a09ddc78f06.jpg,-1,unlabeled,a49abbe4-ae77-4c42-b77d-3a09ddc78f06,unlabeled,-1,1,0.2830045432444974,-1
data\unlabelled\a4db8e48-b4c2-4c58-b51d-c4c9f27db258.jpg,-1,unlabeled,a4db8e48-b4c2-4c58-b51d-c4c9f27db258,unlabeled,-1,1,0.06451384729957421,-1
data\unlabelled\a5061d81-4ac1-45f2-a3cf-f4450339a17f.jpg,-1,unlabeled,a5061d81-4ac1-45f2-a3cf-f4450339a17f,unlabeled,-1,0,0.11911927948762002,-1
data\unlabelled\a506ca92-55af-4bb7-a08e-0680c32a0204.jpg,-1,unlabeled,a506ca92-55af-4bb7-a08e-0680c32a0204,unlabeled,-1,0,0.12354661663118105,-1
data\unlabelled\a51d702b-501d-4cbb-823d-11ece157fe4f.jpg,-1,unlabeled,a51d702b-501d-4cbb-823d-11ece157fe4f,unlabeled,-1,0,0.232052625143237,-1
data\unlabelled\a526c83b-fb91-497a-aded-94e0c8f5a352.jpg,-1,unlabeled,a526c83b-fb91-497a-aded-94e0c8f5a352,unlabeled,-1,0,0.08699491244533808,-1
data\unlabelled\a5498ea1-4980-4bf9-a397-eff3fc64da84.jpg,-1,unlabeled,a5498ea1-4980-4bf9-a397-eff3fc64da84,unlabeled,-1,1,0.22488886986310075,-1
data\unlabelled\a5f5a148-0ad8-489e-9ebb-fc854a3d1609.jpg,-1,unlabeled,a5f5a148-0ad8-489e-9ebb-fc854a3d1609,unlabeled,-1,1,0.22981106246989524,-1
data\unlabelled\a694549b-164f-4ab6-8c6e-821661302d50.jpg,-1,unlabeled,a694549b-164f-4ab6-8c6e-821661302d50,unlabeled,-1,0,0.15923458032716498,-1
data\unlabelled\a6a3b83f-47e0-499f-b71f-8d495ec1c17f.jpg,-1,unlabeled,a6a3b83f-47e0-499f-b71f-8d495ec1c17f,unlabeled,-1,1,0.320149318530904,-1
data\unlabelled\a6e0f28f-6638-4af9-bd2e-2dc8816a7971.jpg,-1,unlabeled,a6e0f28f-6638-4af9-bd2e-2dc8816a7971,unlabeled,-1,0,0.22050189351457739,-1
data\unlabelled\a6eea4e7-5d58-4dc5-9454-db31b2abac4f.jpg,-1,unlabeled,a6eea4e7-5d58-4dc5-9454-db31b2abac4f,unlabeled,-1,0,0.25660813713860253,-1
data\unlabelled\a6eedd89-85a6-417e-b126-70ea9a7c5878.jpg,-1,unlabeled,a6eedd89-85a6-417e-b126-70ea9a7c5878,unlabeled,-1,0,0.14632778858509687,-1
data\unlabelled\a7229906-e5cd-4ae0-9762-f12dbf1a65c7.jpg,-1,unlabeled,a7229906-e5cd-4ae0-9762-f12dbf1a65c7,unlabeled,-1,0,0.323760274056062,-1
data\unlabelled\a74cd797-2401-44e9-b29b-e3e125c8e148.jpg,-1,unlabeled,a74cd797-2401-44e9-b29b-e3e125c8e148,unlabeled,-1,0,0.2426184658915137,-1
data\unlabelled\a7666642-0f25-4334-84c0-75833f969748.jpg,-1,unlabeled,a7666642-0f25-4334-84c0-75833f969748,unlabeled,-1,1,0.10148498183992849,-1
data\unlabelled\a766a6c1-a58d-4e3e-a88d-dacbbb7fe49f.jpg,-1,unlabeled,a766a6c1-a58d-4e3e-a88d-dacbbb7fe49f,unlabeled,-1,0,0.04098829400744508,-1
data\unlabelled\a77a60c2-a281-456a-9cbc-abff11eb4ecd.jpg,-1,unlabeled,a77a60c2-a281-456a-9cbc-abff11eb4ecd,unlabeled,-1,0,0.05765429352436868,-1
data\unlabelled\a7d3098c-d265-4ae3-92a2-f5434f20a9e4.jpg,-1,unlabeled,a7d3098c-d265-4ae3-92a2-f5434f20a9e4,unlabeled,-1,1,0.21298543890873123,-1
data\unlabelled\a83813e8-550f-4510-999d-fd120608ada3.jpg,-1,unlabeled,a83813e8-550f-4510-999d-fd120608ada3,unlabeled,-1,1,0.28312061588941806,-1
data\unlabelled\a8e2d57e-39b3-495c-a585-b2d2d14e0cf3.jpg,-1,unlabeled,a8e2d57e-39b3-495c-a585-b2d2d14e0cf3,unlabeled,-1,0,0.156307745092107,-1
data\unlabelled\a8e8e276-1bae-4b51-9301-2dda6e7e8b32.jpg,-1,unlabeled,a8e8e276-1bae-4b51-9301-2dda6e7e8b32,unlabeled,-1,0,0.1621050929045642,-1
data\unlabelled\a941b1d0-6a6c-4957-843e-2cc48011a512.jpg,-1,unlabeled,a941b1d0-6a6c-4957-843e-2cc48011a512,unlabeled,-1,0,0.249014023364859,-1
data\unlabelled\a94640dc-32e9-4842-ae35-28769b867234.jpg,-1,unlabeled,a94640dc-32e9-4842-ae35-28769b867234,unlabeled,-1,0,0.30780961365608406,-1
data\unlabelled\a9619c7e-ed01-41ee-8d40-631b9852a32d.jpg,-1,unlabeled,a9619c7e-ed01-41ee-8d40-631b9852a32d,unlabeled,-1,1,0.20900995751397966,-1
data\unlabelled\a99cffba-c2d8-422b-9ef7-87390609ce8f.jpg,-1,unlabeled,a99cffba-c2d8-422b-9ef7-87390609ce8f,unlabeled,-1,0,0.24842658698221276,-1
data\unlabelled\aa11c48a-6e6e-4cdc-9159-a8b5d4f072c8.jpg,-1,unlabeled,aa11c48a-6e6e-4cdc-9159-a8b5d4f072c8,unlabeled,-1,1,0.055741076831705705,-1
data\unlabelled\aa237812-9888-464b-8331-cc9b67fc76d4.jpg,-1,unlabeled,aa237812-9888-464b-8331-cc9b67fc76d4,unlabeled,-1,1,0.3496738829722993,-1
data\unlabelled\aa3b5558-4655-4cc2-a6f1-b7a1183202ec.jpg,-1,unlabeled,aa3b5558-4655-4cc2-a6f1-b7a1183202ec,unlabeled,-1,0,0.11126939237684974,-1
data\unlabelled\aa3c3d81-b7c5-4f1a-8c26-416bb1e98959.jpg,-1,unlabeled,aa3c3d81-b7c5-4f1a-8c26-416bb1e98959,unlabeled,-1,1,0.2665165564560127,-1
data\unlabelled\aa461b31-5cc7-4dbf-9519-24197370f2b2.jpg,-1,unlabeled,aa461b31-5cc7-4dbf-9519-24197370f2b2,unlabeled,-1,0,0.1396688473740071,-1
data\unlabelled\aa5fc6b7-117f-4ee3-a003-5cf4fe092ae8.jpg,-1,unlabeled,aa5fc6b7-117f-4ee3-a003-5cf4fe092ae8,unlabeled,-1,0,0.12115796932189804,-1
data\unlabelled\aa6a9740-d0df-4132-bd1d-083f5d354ca9.jpg,-1,unlabeled,aa6a9740-d0df-4132-bd1d-083f5d354ca9,unlabeled,-1,0,0.3403470478714392,-1
data\unlabelled\aa6adb98-0db9-490e-8c82-f8f1542ad0f3.jpg,-1,unlabeled,aa6adb98-0db9-490e-8c82-f8f1542ad0f3,unlabeled,-1,1,0.12018827270610077,-1
data\unlabelled\aa83f943-338c-4ec5-82dc-551a8edfd99c.jpg,-1,unlabeled,aa83f943-338c-4ec5-82dc-551a8edfd99c,unlabeled,-1,1,0.13214786026462777,-1
data\unlabelled\aaa8904f-1fbf-41f8-8672-d3a0c0ae69ca.jpg,-1,unlabeled,aaa8904f-1fbf-41f8-8672-d3a0c0ae69ca,unlabeled,-1,1,0.22029195417950365,-1
data\unlabelled\aab772d0-24a3-4227-8c9b-384f29e2b522.jpg,-1,unlabeled,aab772d0-24a3-4227-8c9b-384f29e2b522,unlabeled,-1,1,0.24937626168504246,-1
data\unlabelled\aac0bd5e-11a8-44c3-8919-4908a7fe2dce.jpg,-1,unlabeled,aac0bd5e-11a8-44c3-8919-4908a7fe2dce,unlabeled,-1,1,0.21262012472376746,-1
data\unlabelled\ab0cb281-58e7-401e-aff2-dcdc6dfe5d59.jpg,-1,unlabeled,ab0cb281-58e7-401e-aff2-dcdc6dfe5d59,unlabeled,-1,1,0.22518098608564463,-1
data\unlabelled\ab0e7755-33af-44b9-81bd-bc82b31aee1e.jpg,-1,unlabeled,ab0e7755-33af-44b9-81bd-bc82b31aee1e,unlabeled,-1,0,0.09244595462837346,-1
data\unlabelled\ab11abb6-af74-41ad-a11a-e7fa6d7291ba.jpg,-1,unlabeled,ab11abb6-af74-41ad-a11a-e7fa6d7291ba,unlabeled,-1,1,0.2694921997232389,-1
data\unlabelled\ab397471-9613-408a-8b46-eddde6dcb5d5.jpg,-1,unlabeled,ab397471-9613-408a-8b46-eddde6dcb5d5,unlabeled,-1,1,0.1454672145433369,-1
data\unlabelled\ababc0c0-83f6-4a4a-93c6-ecc9600659f8.jpg,-1,unlabeled,ababc0c0-83f6-4a4a-93c6-ecc9600659f8,unlabeled,-1,0,0.19558584332231055,-1
data\unlabelled\abac2253-1a4b-403c-aaa9-1c94b1d5303b.jpg,-1,unlabeled,abac2253-1a4b-403c-aaa9-1c94b1d5303b,unlabeled,-1,1,0.2140351259606852,-1
data\unlabelled\abbb32f3-2e41-40b7-9dcf-74cc277e422b.jpg,-1,unlabeled,abbb32f3-2e41-40b7-9dcf-74cc277e422b,unlabeled,-1,1,0.12748335599650207,-1
data\unlabelled\ac1b0ef1-5707-46b7-a97a-5312e76ce70b.jpg,-1,unlabeled,ac1b0ef1-5707-46b7-a97a-5312e76ce70b,unlabeled,-1,1,0.2453969285717903,-1
data\unlabelled\ac2dfb66-a006-4e9a-a0c9-3a126d7278c4.jpg,-1,unlabeled,ac2dfb66-a006-4e9a-a0c9-3a126d7278c4,unlabeled,-1,0,0.2540341424943464,-1
data\unlabelled\ac865d09-397a-4949-9ebf-46ec9f12fa9c.jpg,-1,unlabeled,ac865d09-397a-4949-9ebf-46ec9f12fa9c,unlabeled,-1,1,0.30729490504976953,-1
data\unlabelled\acad871f-9572-4f2f-b29a-eed3823f2290.jpg,-1,unlabeled,acad871f-9572-4f2f-b29a-eed3823f2290,unlabeled,-1,0,0.20898342580890916,-1
data\unlabelled\acb02192-02e1-437d-8c18-caee543a6a91.jpg,-1,unlabeled,acb02192-02e1-437d-8c18-caee543a6a91,unlabeled,-1,0,0.1705140465822551,-1
data\unlabelled\acd40feb-efc6-453d-befa-819b9502a4c2.jpg,-1,unlabeled,acd40feb-efc6-453d-befa-819b9502a4c2,unlabeled,-1,1,0.2301545460588844,-1
data\unlabelled\ad54994e-ddfd-42b0-8bc1-421cf121ecfa.jpg,-1,unlabeled,ad54994e-ddfd-42b0-8bc1-421cf121ecfa,unlabeled,-1,0,0.24305180361039203,-1
data\unlabelled\ad830b6f-868a-46e3-bb55-f5246f02fcea.jpg,-1,unlabeled,ad830b6f-868a-46e3-bb55-f5246f02fcea,unlabeled,-1,1,0.28989158269101467,-1
data\unlabelled\ade0e9eb-189d-4e9e-8f8a-93f142c99e70.jpg,-1,unlabeled,ade0e9eb-189d-4e9e-8f8a-93f142c99e70,unlabeled,-1,0,0.16536706163015746,-1
data\unlabelled\adf753d3-b12a-4ab5-9c8a-732f31df7bd2.jpg,-1,unlabeled,adf753d3-b12a-4ab5-9c8a-732f31df7bd2,unlabeled,-1,0,0.305581202556779,-1
data\unlabelled\adfe2464-c84b-418a-a92f-0aca61600d14.jpg,-1,unlabeled,adfe2464-c84b-418a-a92f-0aca61600d14,unlabeled,-1,1,0.18540904200403752,-1
data\unlabelled\ae12b9b6-c619-4272-8f67-e7f62d17adfc.jpg,-1,unlabeled,ae12b9b6-c619-4272-8f67-e7f62d17adfc,unlabeled,-1,1,0.24582226915900862,-1
data\unlabelled\ae16d97e-2b19-4723-b545-5da8a6788538.jpg,-1,unlabeled,ae16d97e-2b19-4723-b545-5da8a6788538,unlabeled,-1,1,0.2162948984469314,-1
data\unlabelled\ae204781-dfdd-42e3-add7-a3b4bd3e1d67.jpg,-1,unlabeled,ae204781-dfdd-42e3-add7-a3b4bd3e1d67,unlabeled,-1,1,0.26930950393914543,-1
data\unlabelled\ae368c7a-7dda-438c-ba8e-95be6df4180c.jpg,-1,unlabeled,ae368c7a-7dda-438c-ba8e-95be6df4180c,unlabeled,-1,0,0.11628511975989742,-1
data\unlabelled\ae433b5a-7fe2-4c2e-9e5a-d0c3968b6f93.jpg,-1,unlabeled,ae433b5a-7fe2-4c2e-9e5a-d0c3968b6f93,unlabeled,-1,1,0.13469118723497486,-1
data\unlabelled\ae976992-00db-4566-8edd-e0813aecbdbf.jpg,-1,unlabeled,ae976992-00db-4566-8edd-e0813aecbdbf,unlabeled,-1,0,0.18310784023990223,-1
data\unlabelled\aea301ef-d59d-4843-a30d-05090edb163a.jpg,-1,unlabeled,aea301ef-d59d-4843-a30d-05090edb163a,unlabeled,-1,1,0.25946583161366976,-1
data\unlabelled\aead6025-7446-4bca-b635-12e9ad466fe3.jpg,-1,unlabeled,aead6025-7446-4bca-b635-12e9ad466fe3,unlabeled,-1,0,0.10990555600306673,-1
data\unlabelled\aec1ce1c-8e2a-4fec-bb80-60206e2773f4.jpg,-1,unlabeled,aec1ce1c-8e2a-4fec-bb80-60206e2773f4,unlabeled,-1,0,0.26028141950071293,-1
data\unlabelled\aed79224-2956-4bb5-9cfe-ba66a0cc2fa3.jpg,-1,unlabeled,aed79224-2956-4bb5-9cfe-ba66a0cc2fa3,unlabeled,-1,0,0.284081733063446,-1
data\unlabelled\aed7d082-bf4a-4f7b-bcac-437cb3453640.jpg,-1,unlabeled,aed7d082-bf4a-4f7b-bcac-437cb3453640,unlabeled,-1,0,0.1383131338554987,-1
data\unlabelled\af339dff-712b-4d32-8869-d1840c919217.jpg,-1,unlabeled,af339dff-712b-4d32-8869-d1840c919217,unlabeled,-1,1,0.26750125290753246,-1
data\unlabelled\af799b9c-1752-424f-9139-02f554e58b68.jpg,-1,unlabeled,af799b9c-1752-424f-9139-02f554e58b68,unlabeled,-1,1,0.3641054695849898,-1
data\unlabelled\af8a85eb-0518-464f-82ba-4bbe07234156.jpg,-1,unlabeled,af8a85eb-0518-464f-82ba-4bbe07234156,unlabeled,-1,1,0.18091363556464624,-1
data\unlabelled\afa2ea25-3198-4c2a-90ed-5fbfdb617426.jpg,-1,unlabeled,afa2ea25-3198-4c2a-90ed-5fbfdb617426,unlabeled,-1,1,0.3007584679329308,-1
data\unlabelled\afae92bf-17c8-4ffa-ab32-3fb29c79a586.jpg,-1,unlabeled,afae92bf-17c8-4ffa-ab32-3fb29c79a586,unlabeled,-1,1,0.008412422626402738,-1
data\unlabelled\aff26bce-b891-41bc-9ee6-b296d8b76f59.jpg,-1,unlabeled,aff26bce-b891-41bc-9ee6-b296d8b76f59,unlabeled,-1,0,0.23742558118946633,-1
data\unlabelled\b0106bf8-8746-4191-b59d-454c38756d88.jpg,-1,unlabeled,b0106bf8-8746-4191-b59d-454c38756d88,unlabeled,-1,1,0.16629995814513687,-1
data\unlabelled\b0336c35-ecf3-4300-942e-4046e651403a.jpg,-1,unlabeled,b0336c35-ecf3-4300-942e-4046e651403a,unlabeled,-1,0,0.146047837562839,-1
data\unlabelled\b038504e-6513-4c61-83ea-6016dae07068.jpg,-1,unlabeled,b038504e-6513-4c61-83ea-6016dae07068,unlabeled,-1,1,0.1302171225006452,-1
data\unlabelled\b0573368-2b4a-4bb5-a2f2-fd4c106cbd6a.jpg,-1,unlabeled,b0573368-2b4a-4bb5-a2f2-fd4c106cbd6a,unlabeled,-1,1,0.16015406748790517,-1
data\unlabelled\b0919a76-d100-43a1-a5f6-1cd2400909b7.jpg,-1,unlabeled,b0919a76-d100-43a1-a5f6-1cd2400909b7,unlabeled,-1,0,0.18169148925494782,-1
data\unlabelled\b0da657c-53c0-4efb-bed4-ebb465f90bd0.jpg,-1,unlabeled,b0da657c-53c0-4efb-bed4-ebb465f90bd0,unlabeled,-1,1,0.11121973845333755,-1
data\unlabelled\b0e5ad1b-ffbc-4ca3-8fc0-a9c3f2843024.jpg,-1,unlabeled,b0e5ad1b-ffbc-4ca3-8fc0-a9c3f2843024,unlabeled,-1,0,0.2815632760934078,-1
data\unlabelled\b0f30a6c-a9d6-4918-8b79-d824fd5c5156.jpg,-1,unlabeled,b0f30a6c-a9d6-4918-8b79-d824fd5c5156,unlabeled,-1,0,0.10857412307967251,-1
data\unlabelled\b1526b83-80c1-4cd8-94e2-452d3aff4d5c.jpg,-1,unlabeled,b1526b83-80c1-4cd8-94e2-452d3aff4d5c,unlabeled,-1,1,0.11931646718550126,-1
data\unlabelled\b1596679-1197-4da3-94ea-5c865f1ab2aa.jpg,-1,unlabeled,b1596679-1197-4da3-94ea-5c865f1ab2aa,unlabeled,-1,1,0.3638978851996886,-1
data\unlabelled\b1599906-a75f-4f7c-9194-aef5ac307a98.jpg,-1,unlabeled,b1599906-a75f-4f7c-9194-aef5ac307a98,unlabeled,-1,1,0.26510076741980915,-1
data\unlabelled\b168a97e-f1f6-44ab-a561-1fc9f764beb5.jpg,-1,unlabeled,b168a97e-f1f6-44ab-a561-1fc9f764beb5,unlabeled,-1,1,0.18662639714967655,-1
data\unlabelled\b16fb117-880f-4bf2-844c-8fca10f6a8ba.jpg,-1,unlabeled,b16fb117-880f-4bf2-844c-8fca10f6a8ba,unlabeled,-1,0,0.3140682352826558,-1
data\unlabelled\b1822f99-76ad-446d-a591-8fcd1ee03b4d.jpg,-1,unlabeled,b1822f99-76ad-446d-a591-8fcd1ee03b4d,unlabeled,-1,1,0.15087370600584393,-1
data\unlabelled\b187d364-3687-4b99-833a-c1e0c72a1553.jpg,-1,unlabeled,b187d364-3687-4b99-833a-c1e0c72a1553,unlabeled,-1,1,0.10482648133702166,-1
data\unlabelled\b1b84b67-8ecb-461f-b5d8-5c15dea5b40e.jpg,-1,unlabeled,b1b84b67-8ecb-461f-b5d8-5c15dea5b40e,unlabeled,-1,1,0.2941548480105618,-1
data\unlabelled\b238289a-2616-4fbf-bea3-6d3cbf4c12cf.jpg,-1,unlabeled,b238289a-2616-4fbf-bea3-6d3cbf4c12cf,unlabeled,-1,1,0.2040825407594964,-1
data\unlabelled\b239bae7-a577-4569-a922-20eff3a5c4f3.jpg,-1,unlabeled,b239bae7-a577-4569-a922-20eff3a5c4f3,unlabeled,-1,1,0.1979476500784576,-1
data\unlabelled\b2eb2734-0e32-48c6-bad6-6f8fefd3d828.jpg,-1,unlabeled,b2eb2734-0e32-48c6-bad6-6f8fefd3d828,unlabeled,-1,1,0.18520115995980313,-1
data\unlabelled\b2f8d9a9-ef82-4c08-a602-1a5fdc3ba173.jpg,-1,unlabeled,b2f8d9a9-ef82-4c08-a602-1a5fdc3ba173,unlabeled,-1,1,0.18221037194561907,-1
data\unlabelled\b3183347-7366-4e1f-b1ea-963ff647d59c.jpg,-1,unlabeled,b3183347-7366-4e1f-b1ea-963ff647d59c,unlabeled,-1,1,0.1682193460454563,-1
data\unlabelled\b3435209-7f0e-4c19-b14c-961dfedf7fa5.jpg,-1,unlabeled,b3435209-7f0e-4c19-b14c-961dfedf7fa5,unlabeled,-1,1,0.18565723575364412,-1
data\unlabelled\b34c74b8-90d1-415f-aef0-e6803e181fb8.jpg,-1,unlabeled,b34c74b8-90d1-415f-aef0-e6803e181fb8,unlabeled,-1,1,0.1533167038167882,-1
data\unlabelled\b378a02d-501a-4a6c-b7a8-db752f862f42.jpg,-1,unlabeled,b378a02d-501a-4a6c-b7a8-db752f862f42,unlabeled,-1,0,0.07561869740692151,-1
data\unlabelled\b37b548d-b64c-4121-8a2c-a774e4de52f3.jpg,-1,unlabeled,b37b548d-b64c-4121-8a2c-a774e4de52f3,unlabeled,-1,1,0.2219065588044299,-1
data\unlabelled\b37f5017-ab4a-4ef4-bf96-e71749d6fd69.jpg,-1,unlabeled,b37f5017-ab4a-4ef4-bf96-e71749d6fd69,unlabeled,-1,0,0.22300965634835856,-1
data\unlabelled\b3cc2a2a-c893-4007-8923-cf388e074e98.jpg,-1,unlabeled,b3cc2a2a-c893-4007-8923-cf388e074e98,unlabeled,-1,0,0.32421199937244394,-1
data\unlabelled\b3d19755-4df5-4a8a-9206-92f244ea82bc.jpg,-1,unlabeled,b3d19755-4df5-4a8a-9206-92f244ea82bc,unlabeled,-1,0,0.2574858104890507,-1
data\unlabelled\b3d87e60-cc73-4d1f-93b3-dee5658080d2.jpg,-1,unlabeled,b3d87e60-cc73-4d1f-93b3-dee5658080d2,unlabeled,-1,0,0.20137800457707122,-1
data\unlabelled\b3db51cb-3433-4810-b386-623bf2b4a118.jpg,-1,unlabeled,b3db51cb-3433-4810-b386-623bf2b4a118,unlabeled,-1,1,0.09542026757240152,-1
data\unlabelled\b439fafb-e052-46ed-a016-7ff5d1807c21.jpg,-1,unlabeled,b439fafb-e052-46ed-a016-7ff5d1807c21,unlabeled,-1,0,0.2719611465447941,-1
data\unlabelled\b43df22b-ca36-4759-bcab-607c2bb15700.jpg,-1,unlabeled,b43df22b-ca36-4759-bcab-607c2bb15700,unlabeled,-1,1,0.31932702217195497,-1
data\unlabelled\b46cabf0-ee01-4350-a395-b6f3f7965550.jpg,-1,unlabeled,b46cabf0-ee01-4350-a395-b6f3f7965550,unlabeled,-1,0,0.08916031165652394,-1
data\unlabelled\b4835ad6-9259-469a-8b1d-1db0ce85f438.jpg,-1,unlabeled,b4835ad6-9259-469a-8b1d-1db0ce85f438,unlabeled,-1,1,0.23981771360970472,-1
data\unlabelled\b5a05df2-50ea-435b-8946-f4ba1bb1d9ac.jpg,-1,unlabeled,b5a05df2-50ea-435b-8946-f4ba1bb1d9ac,unlabeled,-1,0,0.30231482033739,-1
data\unlabelled\b5b311b5-9264-4d34-a9a5-8952ecf727cb.jpg,-1,unlabeled,b5b311b5-9264-4d34-a9a5-8952ecf727cb,unlabeled,-1,0,0.1717672514031423,-1
data\unlabelled\b5e72ee8-c802-43d8-b9ec-8e42629a608e.jpg,-1,unlabeled,b5e72ee8-c802-43d8-b9ec-8e42629a608e,unlabeled,-1,0,0.23825405689823576,-1
data\unlabelled\b6261bb8-2308-4f80-8535-0f42397c3231.jpg,-1,unlabeled,b6261bb8-2308-4f80-8535-0f42397c3231,unlabeled,-1,0,0.29081234479646934,-1
data\unlabelled\b653d469-6c8e-4ff9-b584-f0bb3c6de2f7.jpg,-1,unlabeled,b653d469-6c8e-4ff9-b584-f0bb3c6de2f7,unlabeled,-1,0,0.12025951741556329,-1
data\unlabelled\b65c7ebe-aac9-414e-a9d3-b8205d5d5a23.jpg,-1,unlabeled,b65c7ebe-aac9-414e-a9d3-b8205d5d5a23,unlabeled,-1,0,0.2282591895811954,-1
data\unlabelled\b66e444a-e524-4b91-93b0-6ce5a3d91bea.jpg,-1,unlabeled,b66e444a-e524-4b91-93b0-6ce5a3d91bea,unlabeled,-1,1,0.19220001554243082,-1
data\unlabelled\b6a367ea-90ef-4608-8cc4-25d6480f2316.jpg,-1,unlabeled,b6a367ea-90ef-4608-8cc4-25d6480f2316,unlabeled,-1,0,0.39281700472676595,-1
data\unlabelled\b6bc5e43-545c-4ad1-999a-fd8134cd462f.jpg,-1,unlabeled,b6bc5e43-545c-4ad1-999a-fd8134cd462f,unlabeled,-1,1,0.14943704887861287,-1
data\unlabelled\b6f5d34f-6564-4515-a8bd-454cb427d89b.jpg,-1,unlabeled,b6f5d34f-6564-4515-a8bd-454cb427d89b,unlabeled,-1,1,0.2442241453280971,-1
data\unlabelled\b76bc357-ef11-4969-aff5-08d164bd3e72.jpg,-1,unlabeled,b76bc357-ef11-4969-aff5-08d164bd3e72,unlabeled,-1,1,0.18495792656903476,-1
data\unlabelled\b791695b-ae90-4bf2-a21f-49f50473d757.jpg,-1,unlabeled,b791695b-ae90-4bf2-a21f-49f50473d757,unlabeled,-1,1,0.2068115012767564,-1
data\unlabelled\b7b2c1fd-bf77-48d2-8945-22ede0c2e7f0.jpg,-1,unlabeled,b7b2c1fd-bf77-48d2-8945-22ede0c2e7f0,unlabeled,-1,1,0.20434435722687272,-1
data\unlabelled\b7dfdd1a-0fde-4fb6-a164-cd3ffde2c76c.jpg,-1,unlabeled,b7dfdd1a-0fde-4fb6-a164-cd3ffde2c76c,unlabeled,-1,1,0.2666265590660596,-1
data\unlabelled\b81d8697-0c53-4884-ae67-451f03c49cf3.jpg,-1,unlabeled,b81d8697-0c53-4884-ae67-451f03c49cf3,unlabeled,-1,1,0.2475907400534647,-1
data\unlabelled\b84b03dd-e7ef-4279-b16e-8d15ed3dcf8d.jpg,-1,unlabeled,b84b03dd-e7ef-4279-b16e-8d15ed3dcf8d,unlabeled,-1,0,0.24655331667116753,-1
data\unlabelled\b86b9957-2c27-46b3-a81d-67a7d0dca889.jpg,-1,unlabeled,b86b9957-2c27-46b3-a81d-67a7d0dca889,unlabeled,-1,0,0.0673143875735367,-1
data\unlabelled\b88a3666-f80f-4dc9-9857-dd86a147610d.jpg,-1,unlabeled,b88a3666-f80f-4dc9-9857-dd86a147610d,unlabeled,-1,1,0.23871273933830173,-1
data\unlabelled\b89c1d66-644d-40c5-ab60-963dae9f4721.jpg,-1,unlabeled,b89c1d66-644d-40c5-ab60-963dae9f4721,unlabeled,-1,1,0.07138308498029355,-1
data\unlabelled\b8b5d78a-1554-4094-bbdb-437564558675.jpg,-1,unlabeled,b8b5d78a-1554-4094-bbdb-437564558675,unlabeled,-1,0,0.15084876141899695,-1
data\unlabelled\b8c59bed-8b98-4e04-b7c8-d7a7a7dde6ce.jpg,-1,unlabeled,b8c59bed-8b98-4e04-b7c8-d7a7a7dde6ce,unlabeled,-1,1,0.24681118223156862,-1
data\unlabelled\b8de1e90-8be7-439c-8e7e-4e674309eff0.jpg,-1,unlabeled,b8de1e90-8be7-439c-8e7e-4e674309eff0,unlabeled,-1,0,0.2224672600856653,-1
data\unlabelled\b8ef73d1-99ce-47f3-a6af-fc2ccb6f3516.jpg,-1,unlabeled,b8ef73d1-99ce-47f3-a6af-fc2ccb6f3516,unlabeled,-1,1,0.2548084929593857,-1
data\unlabelled\b96121d1-be2e-41ab-a5d1-807f1f07d643.jpg,-1,unlabeled,b96121d1-be2e-41ab-a5d1-807f1f07d643,unlabeled,-1,1,0.15434637007623286,-1
data\unlabelled\b9929535-b604-4eab-9d1b-aa8fd00a5199.jpg,-1,unlabeled,b9929535-b604-4eab-9d1b-aa8fd00a5199,unlabeled,-1,0,0.27767074855115825,-1
data\unlabelled\b9a10b26-a2f4-409c-86af-7a8e32034822.jpg,-1,unlabeled,b9a10b26-a2f4-409c-86af-7a8e32034822,unlabeled,-1,0,0.2340596426030086,-1
data\unlabelled\b9c3a1cf-596c-48f5-93a2-6b3df977067d.jpg,-1,unlabeled,b9c3a1cf-596c-48f5-93a2-6b3df977067d,unlabeled,-1,0,0.16925207687498056,-1
data\unlabelled\b9faf187-8ece-46cc-bcfb-3f6177cf5c74.jpg,-1,unlabeled,b9faf187-8ece-46cc-bcfb-3f6177cf5c74,unlabeled,-1,0,0.0042960076380234025,-1
data\unlabelled\ba2a0d7c-955d-41ac-9cbd-6efb63d5bbc3.jpg,-1,unlabeled,ba2a0d7c-955d-41ac-9cbd-6efb63d5bbc3,unlabeled,-1,1,0.1631697859130462,-1
data\unlabelled\ba6e94c8-06f0-4750-9ff8-d444eb24d50e.jpg,-1,unlabeled,ba6e94c8-06f0-4750-9ff8-d444eb24d50e,unlabeled,-1,1,0.1477736642258991,-1
data\unlabelled\ba976fd5-3416-4147-908c-1eb3c89a9712.jpg,-1,unlabeled,ba976fd5-3416-4147-908c-1eb3c89a9712,unlabeled,-1,0,0.3048464441653814,-1
data\unlabelled\baf0dbab-3f67-4785-bf3d-0005d2789079.jpg,-1,unlabeled,baf0dbab-3f67-4785-bf3d-0005d2789079,unlabeled,-1,1,0.23307135874186236,-1
data\unlabelled\bb2e08a6-de1e-4098-898d-09bc50cfb2d6.jpg,-1,unlabeled,bb2e08a6-de1e-4098-898d-09bc50cfb2d6,unlabeled,-1,0,0.16784420255035704,-1
data\unlabelled\bb7be2dc-ad86-4c83-8350-c711317d5fb0.jpg,-1,unlabeled,bb7be2dc-ad86-4c83-8350-c711317d5fb0,unlabeled,-1,1,0.14550005661242615,-1
data\unlabelled\bb813aae-eb3f-402f-87ef-4f788ccf542b.jpg,-1,unlabeled,bb813aae-eb3f-402f-87ef-4f788ccf542b,unlabeled,-1,1,0.0851745944318496,-1
data\unlabelled\bbd58dd2-cbac-4bde-8237-53318d52c369.jpg,-1,unlabeled,bbd58dd2-cbac-4bde-8237-53318d52c369,unlabeled,-1,0,0.24960459099653087,-1
data\unlabelled\bbf13c98-7160-4557-8f5a-d00dfa44f1c1.jpg,-1,unlabeled,bbf13c98-7160-4557-8f5a-d00dfa44f1c1,unlabeled,-1,1,0.2626061912216465,-1
data\unlabelled\bc0d40fa-a3fa-441b-bc86-b54ce94e2d7a.jpg,-1,unlabeled,bc0d40fa-a3fa-441b-bc86-b54ce94e2d7a,unlabeled,-1,0,0.2381139500476025,-1
data\unlabelled\bc64bb6f-65e9-4ad6-99e1-525c0052948b.jpg,-1,unlabeled,bc64bb6f-65e9-4ad6-99e1-525c0052948b,unlabeled,-1,1,0.22433580524106467,-1
data\unlabelled\bc95a8de-6cba-4948-8a6b-0a0f42e570aa.jpg,-1,unlabeled,bc95a8de-6cba-4948-8a6b-0a0f42e570aa,unlabeled,-1,0,0.011501028843948546,-1
data\unlabelled\bce45fb4-a4e3-46ad-bd02-a111ef092889.jpg,-1,unlabeled,bce45fb4-a4e3-46ad-bd02-a111ef092889,unlabeled,-1,0,0.2241706470959942,-1
data\unlabelled\bd379318-b2ad-42c4-825b-88ab71c55e15.jpg,-1,unlabeled,bd379318-b2ad-42c4-825b-88ab71c55e15,unlabeled,-1,1,0.20694723517936142,-1
data\unlabelled\bd3cc2df-d45d-4fd3-bc29-f49191309646.jpg,-1,unlabeled,bd3cc2df-d45d-4fd3-bc29-f49191309646,unlabeled,-1,1,0.23081832236571043,-1
data\unlabelled\bd43b263-5430-4c50-b685-afbed1f0a870.jpg,-1,unlabeled,bd43b263-5430-4c50-b685-afbed1f0a870,unlabeled,-1,0,0.03260353156803397,-1
data\unlabelled\bd823626-a1df-46de-9e4a-f93c6b12600d.jpg,-1,unlabeled,bd823626-a1df-46de-9e4a-f93c6b12600d,unlabeled,-1,1,0.2780615309233697,-1
data\unlabelled\bd836b2d-0574-4551-b877-48dcb309d12b.jpg,-1,unlabeled,bd836b2d-0574-4551-b877-48dcb309d12b,unlabeled,-1,1,0.21106483963295108,-1
data\unlabelled\bd90cca9-a572-4464-b6fd-edb2af3e9a15.jpg,-1,unlabeled,bd90cca9-a572-4464-b6fd-edb2af3e9a15,unlabeled,-1,1,0.09405961460996937,-1
data\unlabelled\bdb59569-ecb6-4ea4-8b48-7bbe75775ca4.jpg,-1,unlabeled,bdb59569-ecb6-4ea4-8b48-7bbe75775ca4,unlabeled,-1,0,0.189112935164513,-1
data\unlabelled\be13c534-5a49-4a6f-abed-0ee6d43b8168.jpg,-1,unlabeled,be13c534-5a49-4a6f-abed-0ee6d43b8168,unlabeled,-1,1,0.2889982159214476,-1
data\unlabelled\be2b5d73-760e-4c64-a969-e6969fc1a77a.jpg,-1,unlabeled,be2b5d73-760e-4c64-a969-e6969fc1a77a,unlabeled,-1,1,0.19334082400948427,-1
data\unlabelled\be331e19-085b-4197-95a8-8c148c815334.jpg,-1,unlabeled,be331e19-085b-4197-95a8-8c148c815334,unlabeled,-1,1,0.03743062936156438,-1
data\unlabelled\be37b806-f9a2-4949-a245-a2d6782f2e29.jpg,-1,unlabeled,be37b806-f9a2-4949-a245-a2d6782f2e29,unlabeled,-1,0,0.14151635273476149,-1
data\unlabelled\be6b6d40-5b6f-4159-888d-4bdcf9b0ba5b.jpg,-1,unlabeled,be6b6d40-5b6f-4159-888d-4bdcf9b0ba5b,unlabeled,-1,1,0.16131510152085493,-1
data\unlabelled\be754d13-4280-4fde-a6f1-cd8b899bd71a.jpg,-1,unlabeled,be754d13-4280-4fde-a6f1-cd8b899bd71a,unlabeled,-1,0,0.0514659821592226,-1
data\unlabelled\beab9b35-c1b2-4ad0-90f5-41c773f135ff.jpg,-1,unlabeled,beab9b35-c1b2-4ad0-90f5-41c773f135ff,unlabeled,-1,0,0.17954205273633306,-1
data\unlabelled\bed6e12c-2ea8-4b3e-a59e-cf36fe96e463.jpg,-1,unlabeled,bed6e12c-2ea8-4b3e-a59e-cf36fe96e463,unlabeled,-1,1,0.2271372287754857,-1
data\unlabelled\beee84d9-4e44-430a-aaf0-4e54b2bed5e5.jpg,-1,unlabeled,beee84d9-4e44-430a-aaf0-4e54b2bed5e5,unlabeled,-1,0,0.22063074369510705,-1
data\unlabelled\bef3673e-fe67-4c99-b706-8b9cd3b5e6c6.jpg,-1,unlabeled,bef3673e-fe67-4c99-b706-8b9cd3b5e6c6,unlabeled,-1,1,0.14627830577046397,-1
data\unlabelled\bf057df5-c436-4d56-bae3-66f6e9fc071f.jpg,-1,unlabeled,bf057df5-c436-4d56-bae3-66f6e9fc071f,unlabeled,-1,1,0.2809576319383763,-1
data\unlabelled\bf866f83-f688-447d-96cc-541c2f402f47.jpg,-1,unlabeled,bf866f83-f688-447d-96cc-541c2f402f47,unlabeled,-1,1,0.24293623508382078,-1
data\unlabelled\bfa253c9-0a12-43aa-9239-1ac9912ff6b6.jpg,-1,unlabeled,bfa253c9-0a12-43aa-9239-1ac9912ff6b6,unlabeled,-1,1,0.23817442779161624,-1
data\unlabelled\bfb57862-59ff-4192-9b27-cb09620612b4.jpg,-1,unlabeled,bfb57862-59ff-4192-9b27-cb09620612b4,unlabeled,-1,0,0.41627199561944395,-1
data\unlabelled\bfbbb8e6-e856-4b37-a623-adc115a549d7.jpg,-1,unlabeled,bfbbb8e6-e856-4b37-a623-adc115a549d7,unlabeled,-1,0,0.17169298230822405,-1
data\unlabelled\bfe2c7a0-03d8-4981-ae18-b7ee0130bc11.jpg,-1,unlabeled,bfe2c7a0-03d8-4981-ae18-b7ee0130bc11,unlabeled,-1,0,0.041853586988838565,-1
data\unlabelled\c00c6d8b-5710-4a18-ba46-6b38b6e760fe.jpg,-1,unlabeled,c00c6d8b-5710-4a18-ba46-6b38b6e760fe,unlabeled,-1,1,0.28421482911444573,-1
data\unlabelled\c02578ec-420e-49cb-b300-c648388a4b69.jpg,-1,unlabeled,c02578ec-420e-49cb-b300-c648388a4b69,unlabeled,-1,1,0.20761090182093966,-1
data\unlabelled\c02c117f-b4b7-45ae-966d-f8f6de91ee23.jpg,-1,unlabeled,c02c117f-b4b7-45ae-966d-f8f6de91ee23,unlabeled,-1,1,0.2604599556269347,-1
data\unlabelled\c03777e7-cd5b-4678-b23c-c23bda2cb73d.jpg,-1,unlabeled,c03777e7-cd5b-4678-b23c-c23bda2cb73d,unlabeled,-1,0,0.23455850714169935,-1
data\unlabelled\c0c88360-0527-4dcd-9b20-fd18576a948a.jpg,-1,unlabeled,c0c88360-0527-4dcd-9b20-fd18576a948a,unlabeled,-1,1,0.15222322921919873,-1
data\unlabelled\c1031cf0-6eb2-4413-ae12-cc281fb560c5.jpg,-1,unlabeled,c1031cf0-6eb2-4413-ae12-cc281fb560c5,unlabeled,-1,0,0.28227194355453256,-1
data\unlabelled\c268e736-3706-4f9d-9da5-d5a089549c05.jpg,-1,unlabeled,c268e736-3706-4f9d-9da5-d5a089549c05,unlabeled,-1,0,0.23480599020973736,-1
data\unlabelled\c26a9f25-f9a6-49d3-b090-cb5b04287bc0.jpg,-1,unlabeled,c26a9f25-f9a6-49d3-b090-cb5b04287bc0,unlabeled,-1,0,0.2453710148639332,-1
data\unlabelled\c2a80dba-936c-4924-9f26-6de0e9aa082f.jpg,-1,unlabeled,c2a80dba-936c-4924-9f26-6de0e9aa082f,unlabeled,-1,0,0.17744216822651782,-1
data\unlabelled\c2a831ad-4d6e-45ec-a308-d873662a9fff.jpg,-1,unlabeled,c2a831ad-4d6e-45ec-a308-d873662a9fff,unlabeled,-1,0,0.26593684331036016,-1
data\unlabelled\c2dc7b24-dcc4-46da-a400-8f5f733a2bb9.jpg,-1,unlabeled,c2dc7b24-dcc4-46da-a400-8f5f733a2bb9,unlabeled,-1,1,0.2241632325196653,-1
data\unlabelled\c2feb010-0d6a-45c6-9fe8-4981b40daef4.jpg,-1,unlabeled,c2feb010-0d6a-45c6-9fe8-4981b40daef4,unlabeled,-1,1,0.24833157680375906,-1
data\unlabelled\c3305fd4-95c1-4761-bd6c-f8969a1f631e.jpg,-1,unlabeled,c3305fd4-95c1-4761-bd6c-f8969a1f631e,unlabeled,-1,0,0.3351154746057078,-1
data\unlabelled\c3548ce6-14fd-4747-99d2-a498ec2a89dc.jpg,-1,unlabeled,c3548ce6-14fd-4747-99d2-a498ec2a89dc,unlabeled,-1,0,0.2531076878702412,-1
data\unlabelled\c357845a-2ebc-4dec-a129-59c1b34283a1.jpg,-1,unlabeled,c357845a-2ebc-4dec-a129-59c1b34283a1,unlabeled,-1,1,0.1393954190558323,-1
data\unlabelled\c38f8369-c2b1-41e3-a5ab-fd4c0cdafd3e.jpg,-1,unlabeled,c38f8369-c2b1-41e3-a5ab-fd4c0cdafd3e,unlabeled,-1,1,0.2173061425278241,-1
data\unlabelled\c3b3d8bc-8c66-41fb-9cee-1e461377b8b8.jpg,-1,unlabeled,c3b3d8bc-8c66-41fb-9cee-1e461377b8b8,unlabeled,-1,0,0.2511096899264894,-1
data\unlabelled\c4ae2e45-ed52-4c37-b411-0f432b3e8b5b.jpg,-1,unlabeled,c4ae2e45-ed52-4c37-b411-0f432b3e8b5b,unlabeled,-1,1,0.19744331700346474,-1
data\unlabelled\c4d9b988-8e7d-4f8c-9f67-d34f275a1c41.jpg,-1,unlabeled,c4d9b988-8e7d-4f8c-9f67-d34f275a1c41,unlabeled,-1,0,0.020665301974014172,-1
data\unlabelled\c50d1338-01bb-4862-aa2e-b4e009052b7b.jpg,-1,unlabeled,c50d1338-01bb-4862-aa2e-b4e009052b7b,unlabeled,-1,0,0.23645207128905488,-1
data\unlabelled\c51b239d-ea9f-4e39-851d-3d31c378e1c9.jpg,-1,unlabeled,c51b239d-ea9f-4e39-851d-3d31c378e1c9,unlabeled,-1,1,0.2568973089050339,-1
data\unlabelled\c54fb914-ea29-4755-a55a-80694f6e12c2.jpg,-1,unlabeled,c54fb914-ea29-4755-a55a-80694f6e12c2,unlabeled,-1,1,0.1837535948734501,-1
data\unlabelled\c5dbb237-8720-48a0-8413-b4659a622100.jpg,-1,unlabeled,c5dbb237-8720-48a0-8413-b4659a622100,unlabeled,-1,0,0.11032560876212483,-1
data\unlabelled\c65e4953-4a81-4bc5-a85c-57d57704e3be.jpg,-1,unlabeled,c65e4953-4a81-4bc5-a85c-57d57704e3be,unlabeled,-1,1,0.18679440096371347,-1
data\unlabelled\c6942443-0497-4e2c-898b-13a956249316.jpg,-1,unlabeled,c6942443-0497-4e2c-898b-13a956249316,unlabeled,-1,1,0.2995257023883754,-1
data\unlabelled\c697f7b8-a805-453b-9f5b-cf0b4f451a33.jpg,-1,unlabeled,c697f7b8-a805-453b-9f5b-cf0b4f451a33,unlabeled,-1,0,0.35978501794147255,-1
data\unlabelled\c6c9465b-6a3f-44d0-ad3a-06d0f7129afd.jpg,-1,unlabeled,c6c9465b-6a3f-44d0-ad3a-06d0f7129afd,unlabeled,-1,1,0.1802476656121732,-1
data\unlabelled\c6fe9750-9be5-4537-abff-cbd0b5c331d2.jpg,-1,unlabeled,c6fe9750-9be5-4537-abff-cbd0b5c331d2,unlabeled,-1,0,0.29414576445460217,-1
data\unlabelled\c7045bd6-b179-4db6-aaf1-c7a494d7ca2c.jpg,-1,unlabeled,c7045bd6-b179-4db6-aaf1-c7a494d7ca2c,unlabeled,-1,1,0.16163619774279536,-1
data\unlabelled\c7050e6d-4a2a-4089-9777-a16c76406873.jpg,-1,unlabeled,c7050e6d-4a2a-4089-9777-a16c76406873,unlabeled,-1,0,0.2690236390162982,-1
data\unlabelled\c7173cc9-2971-4803-9490-9d43481b70e4.jpg,-1,unlabeled,c7173cc9-2971-4803-9490-9d43481b70e4,unlabeled,-1,0,0.16027527001520347,-1
data\unlabelled\c74a8b21-5af5-42c7-bfed-aa96645fab2d.jpg,-1,unlabeled,c74a8b21-5af5-42c7-bfed-aa96645fab2d,unlabeled,-1,0,0.1489525818691052,-1
data\unlabelled\c74fcab6-8da1-4f76-b150-4c0ecfa45b3f.jpg,-1,unlabeled,c74fcab6-8da1-4f76-b150-4c0ecfa45b3f,unlabeled,-1,0,0.19355707746604567,-1
data\unlabelled\c75f863f-2106-4c73-bc21-1730b4399373.jpg,-1,unlabeled,c75f863f-2106-4c73-bc21-1730b4399373,unlabeled,-1,0,0.07630255439922029,-1
data\unlabelled\c7cad843-f751-49a4-ab34-f812e74fc243.jpg,-1,unlabeled,c7cad843-f751-49a4-ab34-f812e74fc243,unlabeled,-1,1,0.18345342338249448,-1
data\unlabelled\c803aed7-757d-42f7-92ee-363b9dc79499.jpg,-1,unlabeled,c803aed7-757d-42f7-92ee-363b9dc79499,unlabeled,-1,0,0.2735440733746869,-1
data\unlabelled\c81630dc-6dd9-4faa-b19c-8f8bfad1d734.jpg,-1,unlabeled,c81630dc-6dd9-4faa-b19c-8f8bfad1d734,unlabeled,-1,1,0.2778804190036718,-1
data\unlabelled\c849d1d1-4c2e-4724-a671-3f6d42f77bfa.jpg,-1,unlabeled,c849d1d1-4c2e-4724-a671-3f6d42f77bfa,unlabeled,-1,0,0.1979168579678553,-1
data\unlabelled\c856da77-71b1-4e2f-9ddb-93d279822202.jpg,-1,unlabeled,c856da77-71b1-4e2f-9ddb-93d279822202,unlabeled,-1,0,0.2495565522440274,-1
data\unlabelled\c85ad2ea-7d0a-4667-9705-8e94ada4e5ce.jpg,-1,unlabeled,c85ad2ea-7d0a-4667-9705-8e94ada4e5ce,unlabeled,-1,1,0.13602552100173904,-1
data\unlabelled\c8955ada-d314-4ef4-9bdf-b8159669a58a.jpg,-1,unlabeled,c8955ada-d314-4ef4-9bdf-b8159669a58a,unlabeled,-1,1,0.3027606582243403,-1
data\unlabelled\c8ebc7e1-3459-48bc-a223-2b990f2c8bc1.jpg,-1,unlabeled,c8ebc7e1-3459-48bc-a223-2b990f2c8bc1,unlabeled,-1,0,0.22695511555364623,-1
data\unlabelled\c916fc23-28a8-46cd-baae-ba91c6413489.jpg,-1,unlabeled,c916fc23-28a8-46cd-baae-ba91c6413489,unlabeled,-1,0,0.12173666875327394,-1
data\unlabelled\c951c107-0e25-416a-9a84-6f6958ff1a8f.jpg,-1,unlabeled,c951c107-0e25-416a-9a84-6f6958ff1a8f,unlabeled,-1,1,0.2532268016743421,-1
data\unlabelled\c96bf301-62e2-424e-8ac4-e6b80f60388a.jpg,-1,unlabeled,c96bf301-62e2-424e-8ac4-e6b80f60388a,unlabeled,-1,1,0.2230982469281022,-1
data\unlabelled\c985dd7a-d3de-4c84-9266-953a930bd722.jpg,-1,unlabeled,c985dd7a-d3de-4c84-9266-953a930bd722,unlabeled,-1,0,0.07819821055026899,-1
data\unlabelled\c9c47489-cccf-4acd-88ce-1d2943e5bb6e.jpg,-1,unlabeled,c9c47489-cccf-4acd-88ce-1d2943e5bb6e,unlabeled,-1,0,0.3011142820021183,-1
data\unlabelled\ca1f5dd4-ad42-49c5-825e-403288d98532.jpg,-1,unlabeled,ca1f5dd4-ad42-49c5-825e-403288d98532,unlabeled,-1,0,0.08214699165351969,-1
data\unlabelled\ca23f926-8c7a-4b3d-bc38-4df80d9ef7c7.jpg,-1,unlabeled,ca23f926-8c7a-4b3d-bc38-4df80d9ef7c7,unlabeled,-1,1,0.16150336286695588,-1
data\unlabelled\ca2e8fcd-c573-4d34-b92c-3ea6c0e3e8f5.jpg,-1,unlabeled,ca2e8fcd-c573-4d34-b92c-3ea6c0e3e8f5,unlabeled,-1,1,0.18852966198502563,-1
data\unlabelled\ca46237d-f96c-4c3f-ae44-e96a6765dbba.jpg,-1,unlabeled,ca46237d-f96c-4c3f-ae44-e96a6765dbba,unlabeled,-1,0,0.1980221183651124,-1
data\unlabelled\ca4af252-283a-4391-9c9b-3355c9e4f63d.jpg,-1,unlabeled,ca4af252-283a-4391-9c9b-3355c9e4f63d,unlabeled,-1,0,0.16791193125082537,-1
data\unlabelled\ca4c389b-8e9b-40d0-b149-1c81934ea251.jpg,-1,unlabeled,ca4c389b-8e9b-40d0-b149-1c81934ea251,unlabeled,-1,0,0.003876635554606267,-1
data\unlabelled\caa89233-f38a-4c94-a06b-31be427c469f.jpg,-1,unlabeled,caa89233-f38a-4c94-a06b-31be427c469f,unlabeled,-1,1,0.20434435722687272,-1
data\unlabelled\caccba4d-45cf-4224-a100-1fba0556a251.jpg,-1,unlabeled,caccba4d-45cf-4224-a100-1fba0556a251,unlabeled,-1,0,0.20039226093303042,-1
data\unlabelled\cae04dd3-0b80-44f6-b7cf-e063e6ee3b41.jpg,-1,unlabeled,cae04dd3-0b80-44f6-b7cf-e063e6ee3b41,unlabeled,-1,0,0.24842658698221276,-1
data\unlabelled\cb52c430-69e8-4b42-af50-d061c9416841.jpg,-1,unlabeled,cb52c430-69e8-4b42-af50-d061c9416841,unlabeled,-1,1,0.2758300440204029,-1
data\unlabelled\cb68947d-3c5e-4b0e-a389-5f988ddc32dc.jpg,-1,unlabeled,cb68947d-3c5e-4b0e-a389-5f988ddc32dc,unlabeled,-1,1,0.18330980539919106,-1
data\unlabelled\cb6c7d10-bc8f-4c3c-aa6a-868b8897e4b4.jpg,-1,unlabeled,cb6c7d10-bc8f-4c3c-aa6a-868b8897e4b4,unlabeled,-1,1,0.2469327590061987,-1
data\unlabelled\cb79220e-bebb-4328-87e5-917ca51607ed.jpg,-1,unlabeled,cb79220e-bebb-4328-87e5-917ca51607ed,unlabeled,-1,1,0.19961513896075378,-1
data\unlabelled\cb7e304d-7a40-4092-afe3-a12844b6efed.jpg,-1,unlabeled,cb7e304d-7a40-4092-afe3-a12844b6efed,unlabeled,-1,0,0.09807104466573091,-1
data\unlabelled\cbd10737-c463-46b0-9ddd-13f87c351984.jpg,-1,unlabeled,cbd10737-c463-46b0-9ddd-13f87c351984,unlabeled,-1,1,0.103832056823562,-1
data\unlabelled\cbe4196c-9d73-48aa-9719-4d0f8f3fcd32.jpg,-1,unlabeled,cbe4196c-9d73-48aa-9719-4d0f8f3fcd32,unlabeled,-1,1,0.2631172070126385,-1
data\unlabelled\cc16dfb4-6bd5-45ef-b9b9-53df49f47dc0.jpg,-1,unlabeled,cc16dfb4-6bd5-45ef-b9b9-53df49f47dc0,unlabeled,-1,0,0.2977512295788737,-1
data\unlabelled\cc418ab8-4267-43b1-85ca-00462bc8ff27.jpg,-1,unlabeled,cc418ab8-4267-43b1-85ca-00462bc8ff27,unlabeled,-1,1,0.15296534690932762,-1
data\unlabelled\cca25e7c-12af-4c98-ac09-608461469d78.jpg,-1,unlabeled,cca25e7c-12af-4c98-ac09-608461469d78,unlabeled,-1,0,0.19603043457264258,-1
data\unlabelled\ccb13ab2-6120-447e-8e1d-56fa7971708f.jpg,-1,unlabeled,ccb13ab2-6120-447e-8e1d-56fa7971708f,unlabeled,-1,1,0.2550663102106967,-1
data\unlabelled\ccee99bd-8a46-42d0-a09b-a2b200dd8bc0.jpg,-1,unlabeled,ccee99bd-8a46-42d0-a09b-a2b200dd8bc0,unlabeled,-1,0,0.2530902385308059,-1
data\unlabelled\cd061095-1cd3-495e-b6ba-d1aec5b17381.jpg,-1,unlabeled,cd061095-1cd3-495e-b6ba-d1aec5b17381,unlabeled,-1,0,0.24048008729043324,-1
data\unlabelled\cd33e4c7-bcfd-4228-9976-d480100a74dd.jpg,-1,unlabeled,cd33e4c7-bcfd-4228-9976-d480100a74dd,unlabeled,-1,0,0.29887015569783537,-1
data\unlabelled\cd4ec45d-c01d-438c-9032-0b811159a980.jpg,-1,unlabeled,cd4ec45d-c01d-438c-9032-0b811159a980,unlabeled,-1,1,0.2169667147640656,-1
data\unlabelled\cd80f16b-58b8-46a4-bb62-c5040bf63eeb.jpg,-1,unlabeled,cd80f16b-58b8-46a4-bb62-c5040bf63eeb,unlabeled,-1,0,0.23419883295999688,-1
data\unlabelled\cd986f61-0bd8-4beb-bd9c-6962d00d59c2.jpg,-1,unlabeled,cd986f61-0bd8-4beb-bd9c-6962d00d59c2,unlabeled,-1,1,0.29145275115242564,-1
data\unlabelled\cdab3f1d-500d-42ac-9607-eff2574279ea.jpg,-1,unlabeled,cdab3f1d-500d-42ac-9607-eff2574279ea,unlabeled,-1,0,0.08569775322520723,-1
data\unlabelled\ceb0e444-4277-48af-965e-a0da2c952305.jpg,-1,unlabeled,ceb0e444-4277-48af-965e-a0da2c952305,unlabeled,-1,1,0.08815234727146393,-1
data\unlabelled\cebb51d7-8c39-48fa-bb82-0d76501be768.jpg,-1,unlabeled,cebb51d7-8c39-48fa-bb82-0d76501be768,unlabeled,-1,1,0.21728807858050825,-1
data\unlabelled\cec1206e-7243-4fbc-8075-828f3eaa6f87.jpg,-1,unlabeled,cec1206e-7243-4fbc-8075-828f3eaa6f87,unlabeled,-1,1,0.19761337013331248,-1
data\unlabelled\cec5726d-6905-44fb-bc96-a5d8de605dab.jpg,-1,unlabeled,cec5726d-6905-44fb-bc96-a5d8de605dab,unlabeled,-1,1,0.14234165409973654,-1
data\unlabelled\cf0cf298-45f4-4e43-a388-5a0d5f4b6095.jpg,-1,unlabeled,cf0cf298-45f4-4e43-a388-5a0d5f4b6095,unlabeled,-1,1,0.11426789028546225,-1
data\unlabelled\cf1f019d-a700-43ac-878c-e8107bd89405.jpg,-1,unlabeled,cf1f019d-a700-43ac-878c-e8107bd89405,unlabeled,-1,1,0.03190430603906225,-1
data\unlabelled\cf268860-0c5d-4366-b634-141e2bbac6e8.jpg,-1,unlabeled,cf268860-0c5d-4366-b634-141e2bbac6e8,unlabeled,-1,1,0.15595657776387462,-1
data\unlabelled\cf3c52af-5549-4f92-a57e-46de32e14e82.jpg,-1,unlabeled,cf3c52af-5549-4f92-a57e-46de32e14e82,unlabeled,-1,1,0.2893853668973104,-1
data\unlabelled\cf6797cb-0a80-4fd9-9655-e9a34d71e5ab.jpg,-1,unlabeled,cf6797cb-0a80-4fd9-9655-e9a34d71e5ab,unlabeled,-1,1,0.043666172187310726,-1
data\unlabelled\cf6f969e-47d6-4796-a0c1-cf6b2dbb7a42.jpg,-1,unlabeled,cf6f969e-47d6-4796-a0c1-cf6b2dbb7a42,unlabeled,-1,1,0.2049088518825879,-1
data\unlabelled\cfcf574b-958c-4545-a823-c880dc2b4187.jpg,-1,unlabeled,cfcf574b-958c-4545-a823-c880dc2b4187,unlabeled,-1,1,0.22638478128164363,-1
data\unlabelled\d01ff5af-6826-4ccd-96d0-23ba9c87fece.jpg,-1,unlabeled,d01ff5af-6826-4ccd-96d0-23ba9c87fece,unlabeled,-1,0,0.25345198920923173,-1
data\unlabelled\d079d7c0-4ffd-4f31-92eb-f753c0241b1c.jpg,-1,unlabeled,d079d7c0-4ffd-4f31-92eb-f753c0241b1c,unlabeled,-1,0,0.2697349471936291,-1
data\unlabelled\d0b3497e-5c45-4131-8e33-772abeffdb32.jpg,-1,unlabeled,d0b3497e-5c45-4131-8e33-772abeffdb32,unlabeled,-1,0,0.2792194801748932,-1
data\unlabelled\d1285cba-dad1-4341-98a3-adad89f59293.jpg,-1,unlabeled,d1285cba-dad1-4341-98a3-adad89f59293,unlabeled,-1,1,0.22914713298510758,-1
data\unlabelled\d134e654-ec17-49ae-8f06-386e65e0035f.jpg,-1,unlabeled,d134e654-ec17-49ae-8f06-386e65e0035f,unlabeled,-1,1,0.24663641343653975,-1
data\unlabelled\d13b0b94-56e2-42b4-ba15-118e88182695.jpg,-1,unlabeled,d13b0b94-56e2-42b4-ba15-118e88182695,unlabeled,-1,0,0.08900470080524003,-1
data\unlabelled\d145119d-4e08-491b-8766-fee7340ae353.jpg,-1,unlabeled,d145119d-4e08-491b-8766-fee7340ae353,unlabeled,-1,1,0.18423014797516335,-1
data\unlabelled\d1459a4b-d693-41dd-84b1-743482796c97.jpg,-1,unlabeled,d1459a4b-d693-41dd-84b1-743482796c97,unlabeled,-1,0,0.3115261423394564,-1
data\unlabelled\d1e2f491-54bb-43d0-bc7e-fb7d33bca568.jpg,-1,unlabeled,d1e2f491-54bb-43d0-bc7e-fb7d33bca568,unlabeled,-1,0,0.23063551162605367,-1
data\unlabelled\d21475c8-c0f1-4a42-a38e-f567b088e541.jpg,-1,unlabeled,d21475c8-c0f1-4a42-a38e-f567b088e541,unlabeled,-1,1,0.14220937871109596,-1
data\unlabelled\d2a035b7-4cf5-4a47-8e2c-b37344f54906.jpg,-1,unlabeled,d2a035b7-4cf5-4a47-8e2c-b37344f54906,unlabeled,-1,0,0.21499477030421044,-1
data\unlabelled\d2eb84da-33f7-4c3d-88f4-3bd4d8f4b298.jpg,-1,unlabeled,d2eb84da-33f7-4c3d-88f4-3bd4d8f4b298,unlabeled,-1,1,0.21295844238982764,-1
data\unlabelled\d32eb4d8-659b-4fac-8949-4efbcb8de115.jpg,-1,unlabeled,d32eb4d8-659b-4fac-8949-4efbcb8de115,unlabeled,-1,1,0.2819142670213626,-1
data\unlabelled\d34bebae-f6e3-4909-87c9-005a6a769642.jpg,-1,unlabeled,d34bebae-f6e3-4909-87c9-005a6a769642,unlabeled,-1,1,0.23423136463698968,-1
data\unlabelled\d3a9f98b-e591-4a84-b355-b11baa271060.jpg,-1,unlabeled,d3a9f98b-e591-4a84-b355-b11baa271060,unlabeled,-1,1,0.27459813702170766,-1
data\unlabelled\d3b69f1b-5771-4e81-b15f-08ada54b414b.jpg,-1,unlabeled,d3b69f1b-5771-4e81-b15f-08ada54b414b,unlabeled,-1,1,0.28356682273334544,-1
data\unlabelled\d3c36cd4-2886-4a52-a303-6b0311f4558b.jpg,-1,unlabeled,d3c36cd4-2886-4a52-a303-6b0311f4558b,unlabeled,-1,1,0.140656508662946,-1
data\unlabelled\d3e432bb-88fd-4a3c-9116-45e4e7753244.jpg,-1,unlabeled,d3e432bb-88fd-4a3c-9116-45e4e7753244,unlabeled,-1,1,0.29623554827956244,-1
data\unlabelled\d41b45f0-ff39-43cd-a839-8f4999bf3b02.jpg,-1,unlabeled,d41b45f0-ff39-43cd-a839-8f4999bf3b02,unlabeled,-1,0,0.16272521239347382,-1
data\unlabelled\d4497c4c-7c54-446b-bbaa-9baa85d83cc4.jpg,-1,unlabeled,d4497c4c-7c54-446b-bbaa-9baa85d83cc4,unlabeled,-1,1,0.20469731755625664,-1
data\unlabelled\d47e799f-72ba-44a2-bf5d-7ae07ce44e30.jpg,-1,unlabeled,d47e799f-72ba-44a2-bf5d-7ae07ce44e30,unlabeled,-1,1,0.221635122447427,-1
data\unlabelled\d48d1803-107d-49bf-80d0-01b0809b9747.jpg,-1,unlabeled,d48d1803-107d-49bf-80d0-01b0809b9747,unlabeled,-1,1,0.24616844506011115,-1
data\unlabelled\d49fa95c-5618-4044-a9f8-8951b53159cb.jpg,-1,unlabeled,d49fa95c-5618-4044-a9f8-8951b53159cb,unlabeled,-1,1,0.21861851366105223,-1
data\unlabelled\d4a1159a-7792-4948-a646-e3ca6d4353a1.jpg,-1,unlabeled,d4a1159a-7792-4948-a646-e3ca6d4353a1,unlabeled,-1,1,0.07047240177918168,-1
data\unlabelled\d4a9b08d-0fda-4550-b939-2fb71feb1c16.jpg,-1,unlabeled,d4a9b08d-0fda-4550-b939-2fb71feb1c16,unlabeled,-1,1,0.11563921638542729,-1
data\unlabelled\d4b29b8d-2d7c-4856-8e61-6119104a1486.jpg,-1,unlabeled,d4b29b8d-2d7c-4856-8e61-6119104a1486,unlabeled,-1,0,0.2381252466037902,-1
data\unlabelled\d4e48d7d-a758-48d0-820a-9bfca5247ff3.jpg,-1,unlabeled,d4e48d7d-a758-48d0-820a-9bfca5247ff3,unlabeled,-1,0,0.20784206581492426,-1
data\unlabelled\d4e9afda-0833-4af9-ba63-152e615de954.jpg,-1,unlabeled,d4e9afda-0833-4af9-ba63-152e615de954,unlabeled,-1,0,0.156307745092107,-1
data\unlabelled\d4f8cf82-b040-4ed7-b166-5a13d18de163.jpg,-1,unlabeled,d4f8cf82-b040-4ed7-b166-5a13d18de163,unlabeled,-1,1,0.2089363423762225,-1
data\unlabelled\d51fe3e6-8514-4b2c-aae8-40de18c3a086.jpg,-1,unlabeled,d51fe3e6-8514-4b2c-aae8-40de18c3a086,unlabeled,-1,0,0.31773101753053523,-1
data\unlabelled\d5208b23-e2c4-4d68-ad78-d68a7d13aa0e.jpg,-1,unlabeled,d5208b23-e2c4-4d68-ad78-d68a7d13aa0e,unlabeled,-1,1,0.12801088464484578,-1
data\unlabelled\d52b603e-de7e-4923-9580-75ecf947f3bf.jpg,-1,unlabeled,d52b603e-de7e-4923-9580-75ecf947f3bf,unlabeled,-1,1,0.2682976723399567,-1
data\unlabelled\d566efbb-f76a-4f8c-a9b0-d5073aad669d.jpg,-1,unlabeled,d566efbb-f76a-4f8c-a9b0-d5073aad669d,unlabeled,-1,1,0.19897360297644529,-1
data\unlabelled\d6a73655-128d-4625-ab70-ab7efad2e6a0.jpg,-1,unlabeled,d6a73655-128d-4625-ab70-ab7efad2e6a0,unlabeled,-1,1,0.16747606629921175,-1
data\unlabelled\d6e6492e-d3f2-4799-89fb-9582ad25c7be.jpg,-1,unlabeled,d6e6492e-d3f2-4799-89fb-9582ad25c7be,unlabeled,-1,0,0.16977836789456457,-1
data\unlabelled\d725d761-4d3e-462e-a0e6-8d86aac7930b.jpg,-1,unlabeled,d725d761-4d3e-462e-a0e6-8d86aac7930b,unlabeled,-1,0,0.10737104172757683,-1
data\unlabelled\d72ef72f-db7a-4581-ad4e-b86cd54f8b6c.jpg,-1,unlabeled,d72ef72f-db7a-4581-ad4e-b86cd54f8b6c,unlabeled,-1,0,0.1896239185548103,-1
data\unlabelled\d75b4b2e-f587-4d23-9795-cb74f398a246.jpg,-1,unlabeled,d75b4b2e-f587-4d23-9795-cb74f398a246,unlabeled,-1,1,0.13214177776571656,-1
data\unlabelled\d77c68f7-fc7b-4271-95ef-f9fee3a0a411.jpg,-1,unlabeled,d77c68f7-fc7b-4271-95ef-f9fee3a0a411,unlabeled,-1,0,0.20225046268965297,-1
data\unlabelled\d78d1699-60a9-4e5c-9e62-891e750cbab2.jpg,-1,unlabeled,d78d1699-60a9-4e5c-9e62-891e750cbab2,unlabeled,-1,0,0.005224878543483524,-1
data\unlabelled\d7ba45a9-fa5b-42a8-9115-26f4b02b0d26.jpg,-1,unlabeled,d7ba45a9-fa5b-42a8-9115-26f4b02b0d26,unlabeled,-1,0,0.23781961919829564,-1
data\unlabelled\d80b13b0-2d9f-48c3-8f3b-c153e0592ea4.jpg,-1,unlabeled,d80b13b0-2d9f-48c3-8f3b-c153e0592ea4,unlabeled,-1,1,0.16336663418833763,-1
data\unlabelled\d80f6154-710e-4050-9b42-4e25e0427a67.jpg,-1,unlabeled,d80f6154-710e-4050-9b42-4e25e0427a67,unlabeled,-1,1,0.2410731319833449,-1
data\unlabelled\d85589aa-43da-4a65-92e8-6a045c778104.jpg,-1,unlabeled,d85589aa-43da-4a65-92e8-6a045c778104,unlabeled,-1,1,0.26218645574542176,-1
data\unlabelled\d8841e31-81fe-4aed-aace-477d090ce0a1.jpg,-1,unlabeled,d8841e31-81fe-4aed-aace-477d090ce0a1,unlabeled,-1,1,0.1793743226126866,-1
data\unlabelled\d8a60e0b-1c69-4a5a-9d22-61496a1c0b62.jpg,-1,unlabeled,d8a60e0b-1c69-4a5a-9d22-61496a1c0b62,unlabeled,-1,0,0.2681253559670038,-1
data\unlabelled\d9041cf9-c600-4b70-8d1d-6b51a4bf8bd5.jpg,-1,unlabeled,d9041cf9-c600-4b70-8d1d-6b51a4bf8bd5,unlabeled,-1,0,0.19885911488178032,-1
data\unlabelled\d909a015-9977-49ac-9620-1f8644d5c0a2.jpg,-1,unlabeled,d909a015-9977-49ac-9620-1f8644d5c0a2,unlabeled,-1,0,0.2013329408257868,-1
data\unlabelled\d9cd7529-e1e5-47ec-bea6-e71bc5177b08.jpg,-1,unlabeled,d9cd7529-e1e5-47ec-bea6-e71bc5177b08,unlabeled,-1,1,0.17172674016451883,-1
data\unlabelled\d9e61628-22de-403a-af05-a4ec0d7767f2.jpg,-1,unlabeled,d9e61628-22de-403a-af05-a4ec0d7767f2,unlabeled,-1,0,0.31125269046756643,-1
data\unlabelled\da060383-ecfe-4455-96f9-72e4218614fb.jpg,-1,unlabeled,da060383-ecfe-4455-96f9-72e4218614fb,unlabeled,-1,1,0.23985300894010486,-1
data\unlabelled\da3f881a-a4fb-48a7-be65-6c393bcf9a4e.jpg,-1,unlabeled,da3f881a-a4fb-48a7-be65-6c393bcf9a4e,unlabeled,-1,1,0.24010592460076108,-1
data\unlabelled\da45f349-f490-49d7-8fb6-c427c7ccf898.jpg,-1,unlabeled,da45f349-f490-49d7-8fb6-c427c7ccf898,unlabeled,-1,1,0.31316194565681843,-1
data\unlabelled\da5006db-24c8-4cd8-898a-65806cece24e.jpg,-1,unlabeled,da5006db-24c8-4cd8-898a-65806cece24e,unlabeled,-1,0,0.2269076987190437,-1
data\unlabelled\da727f23-e44e-421e-b026-025b135696c4.jpg,-1,unlabeled,da727f23-e44e-421e-b026-025b135696c4,unlabeled,-1,0,0.07743301239609646,-1
data\unlabelled\da97d7fe-ecc6-4288-a4bd-e2adbfd5b6af.jpg,-1,unlabeled,da97d7fe-ecc6-4288-a4bd-e2adbfd5b6af,unlabeled,-1,0,0.12417723942532322,-1
data\unlabelled\da98b432-dd9d-434f-a2dc-b1871c574a6d.jpg,-1,unlabeled,da98b432-dd9d-434f-a2dc-b1871c574a6d,unlabeled,-1,1,0.23404963897350795,-1
data\unlabelled\dab3f580-9417-4c84-9aa7-66b7d25e68fb.jpg,-1,unlabeled,dab3f580-9417-4c84-9aa7-66b7d25e68fb,unlabeled,-1,0,0.1922342660780233,-1
data\unlabelled\db048b60-4059-403e-9325-5cf2c459d169.jpg,-1,unlabeled,db048b60-4059-403e-9325-5cf2c459d169,unlabeled,-1,1,0.33801206825890806,-1
data\unlabelled\db184476-333b-40f2-94af-1e4816bd7e58.jpg,-1,unlabeled,db184476-333b-40f2-94af-1e4816bd7e58,unlabeled,-1,1,0.24931633086518779,-1
data\unlabelled\db6624a9-ef0a-45b1-934f-5f9d85458d40.jpg,-1,unlabeled,db6624a9-ef0a-45b1-934f-5f9d85458d40,unlabeled,-1,1,0.31471482410569906,-1
data\unlabelled\db87f1fa-f718-4bf4-821f-689d5d6e72a1.jpg,-1,unlabeled,db87f1fa-f718-4bf4-821f-689d5d6e72a1,unlabeled,-1,1,0.23162269548633574,-1
data\unlabelled\dba564f3-2f3a-416a-ae6b-f9716549c9ef.jpg,-1,unlabeled,dba564f3-2f3a-416a-ae6b-f9716549c9ef,unlabeled,-1,1,0.10000411542446774,-1
data\unlabelled\dbd318e1-ffe0-406d-ab3d-2c5ab0ab2f2e.jpg,-1,unlabeled,dbd318e1-ffe0-406d-ab3d-2c5ab0ab2f2e,unlabeled,-1,1,0.22606229498926034,-1
data\unlabelled\dc02d801-1fa9-40a5-8555-1e9d00475723.jpg,-1,unlabeled,dc02d801-1fa9-40a5-8555-1e9d00475723,unlabeled,-1,0,0.31945832592591195,-1
data\unlabelled\dc1bf07f-df38-49bf-8310-af79d9ccf51c.jpg,-1,unlabeled,dc1bf07f-df38-49bf-8310-af79d9ccf51c,unlabeled,-1,1,0.35084513234219095,-1
data\unlabelled\dc69e5ea-da2b-4060-b2ee-b2f29f2f914c.jpg,-1,unlabeled,dc69e5ea-da2b-4060-b2ee-b2f29f2f914c,unlabeled,-1,1,0.15263334032542897,-1
data\unlabelled\dc7d9dff-d4c3-40a9-b395-241a0b78ac0a.jpg,-1,unlabeled,dc7d9dff-d4c3-40a9-b395-241a0b78ac0a,unlabeled,-1,1,0.02124880644210847,-1
data\unlabelled\dd1afec0-2697-45b5-a0f2-e4e26acfce72.jpg,-1,unlabeled,dd1afec0-2697-45b5-a0f2-e4e26acfce72,unlabeled,-1,0,0.12246117962245606,-1
data\unlabelled\dd2eb4e7-90a3-4801-ab47-b94dee64eab2.jpg,-1,unlabeled,dd2eb4e7-90a3-4801-ab47-b94dee64eab2,unlabeled,-1,0,0.2567661568395945,-1
data\unlabelled\dd53a762-0288-48a7-b130-4547e5a41004.jpg,-1,unlabeled,dd53a762-0288-48a7-b130-4547e5a41004,unlabeled,-1,1,0.2512635906913746,-1
data\unlabelled\dd5f74ca-1881-4834-9908-477097ed8e20.jpg,-1,unlabeled,dd5f74ca-1881-4834-9908-477097ed8e20,unlabeled,-1,1,0.11902562447778253,-1
data\unlabelled\dda4e1f7-3614-4903-a53f-45a9b838d785.jpg,-1,unlabeled,dda4e1f7-3614-4903-a53f-45a9b838d785,unlabeled,-1,0,0.1775717379083147,-1
data\unlabelled\ddee2693-8c67-46ff-aaaa-6258cefa88d0.jpg,-1,unlabeled,ddee2693-8c67-46ff-aaaa-6258cefa88d0,unlabeled,-1,1,0.11591583769833669,-1
data\unlabelled\ddf0c26b-3f44-422a-b2b4-b20ad5730424.jpg,-1,unlabeled,ddf0c26b-3f44-422a-b2b4-b20ad5730424,unlabeled,-1,1,0.19254715851057924,-1
data\unlabelled\de106e37-d0be-4d89-b3c9-a6018a602838.jpg,-1,unlabeled,de106e37-d0be-4d89-b3c9-a6018a602838,unlabeled,-1,1,0.11667534642843014,-1
data\unlabelled\de13eaea-429f-4c54-b2f4-b7cf1300f44c.jpg,-1,unlabeled,de13eaea-429f-4c54-b2f4-b7cf1300f44c,unlabeled,-1,0,0.2698073521333578,-1
data\unlabelled\de19d8fc-0059-4bbe-b6df-d10b68613494.jpg,-1,unlabeled,de19d8fc-0059-4bbe-b6df-d10b68613494,unlabeled,-1,0,0.21348276760130913,-1
data\unlabelled\de1c68e5-fbc2-48a4-a19f-c5c8905b9b24.jpg,-1,unlabeled,de1c68e5-fbc2-48a4-a19f-c5c8905b9b24,unlabeled,-1,0,0.368276244818728,-1
data\unlabelled\de4a58ef-0572-499a-8b39-437d6605102e.jpg,-1,unlabeled,de4a58ef-0572-499a-8b39-437d6605102e,unlabeled,-1,1,0.17104420327546999,-1
data\unlabelled\de57e8f2-a210-4d05-bd94-bc19109592ac.jpg,-1,unlabeled,de57e8f2-a210-4d05-bd94-bc19109592ac,unlabeled,-1,1,0.015436365897529614,-1
data\unlabelled\de98c91a-04b8-49b4-a7ab-084cd6bbda35.jpg,-1,unlabeled,de98c91a-04b8-49b4-a7ab-084cd6bbda35,unlabeled,-1,1,0.2553262223949486,-1
data\unlabelled\df1daf0e-8da4-4cb2-b0d9-b539980d292b.jpg,-1,unlabeled,df1daf0e-8da4-4cb2-b0d9-b539980d292b,unlabeled,-1,0,0.1896773426823719,-1
data\unlabelled\df677e2c-cf70-4a66-8c01-53bf805c8956.jpg,-1,unlabeled,df677e2c-cf70-4a66-8c01-53bf805c8956,unlabeled,-1,1,0.16708007438210892,-1
data\unlabelled\df9ced05-9dc8-4d23-9b5b-ba587bd8d732.jpg,-1,unlabeled,df9ced05-9dc8-4d23-9b5b-ba587bd8d732,unlabeled,-1,0,0.15386941161045253,-1
data\unlabelled\dfd03d67-6c4c-46c7-be16-7eb248e6225b.jpg,-1,unlabeled,dfd03d67-6c4c-46c7-be16-7eb248e6225b,unlabeled,-1,1,0.1127374089661044,-1
data\unlabelled\e01c1cb3-c26c-4426-931e-a51b0f0217dd.jpg,-1,unlabeled,e01c1cb3-c26c-4426-931e-a51b0f0217dd,unlabeled,-1,1,0.24934992168505432,-1
data\unlabelled\e02525d9-b8a5-417c-a68e-ba1647a63b34.jpg,-1,unlabeled,e02525d9-b8a5-417c-a68e-ba1647a63b34,unlabeled,-1,1,0.29180712457192637,-1
data\unlabelled\e04ed68c-5e2b-4a7f-8264-48d99160e937.jpg,-1,unlabeled,e04ed68c-5e2b-4a7f-8264-48d99160e937,unlabeled,-1,1,0.2813503634455343,-1
data\unlabelled\e061d740-3845-4d3b-a801-0e69b5731e41.jpg,-1,unlabeled,e061d740-3845-4d3b-a801-0e69b5731e41,unlabeled,-1,1,0.1274217848989564,-1
data\unlabelled\e0b8c2ee-5521-4b40-8196-5ae4dee04737.jpg,-1,unlabeled,e0b8c2ee-5521-4b40-8196-5ae4dee04737,unlabeled,-1,0,0.16154031796455848,-1
data\unlabelled\e0e5275a-7c43-43ea-8ab8-a174f6468481.jpg,-1,unlabeled,e0e5275a-7c43-43ea-8ab8-a174f6468481,unlabeled,-1,1,0.2690439534264335,-1
data\unlabelled\e0f9dcd2-d272-402f-bf67-835a41703e13.jpg,-1,unlabeled,e0f9dcd2-d272-402f-bf67-835a41703e13,unlabeled,-1,1,0.22457693295386016,-1
data\unlabelled\e1032fbf-6ca4-4df6-bcc8-ae1f48d66f87.jpg,-1,unlabeled,e1032fbf-6ca4-4df6-bcc8-ae1f48d66f87,unlabeled,-1,1,0.14598780467124595,-1
data\unlabelled\e1a64f26-0a88-4168-9512-e9444df90d9c.jpg,-1,unlabeled,e1a64f26-0a88-4168-9512-e9444df90d9c,unlabeled,-1,1,0.13875108472273823,-1
data\unlabelled\e1eb7488-1453-4ba7-b7ba-380a7821d501.jpg,-1,unlabeled,e1eb7488-1453-4ba7-b7ba-380a7821d501,unlabeled,-1,1,0.2483907981470469,-1
data\unlabelled\e1f0b2f9-7016-439b-ae96-b10a4f1b75b1.jpg,-1,unlabeled,e1f0b2f9-7016-439b-ae96-b10a4f1b75b1,unlabeled,-1,0,0.3999020848058874,-1
data\unlabelled\e237e598-a7da-4a94-9427-c3ddf64ca667.jpg,-1,unlabeled,e237e598-a7da-4a94-9427-c3ddf64ca667,unlabeled,-1,1,0.20326418959649362,-1
data\unlabelled\e25854ec-d42e-4d75-b225-3ffbba81bd9e.jpg,-1,unlabeled,e25854ec-d42e-4d75-b225-3ffbba81bd9e,unlabeled,-1,1,0.23059117312753075,-1
data\unlabelled\e2819c3d-f34b-4a6c-b629-e5fa88936e6d.jpg,-1,unlabeled,e2819c3d-f34b-4a6c-b629-e5fa88936e6d,unlabeled,-1,1,0.15102040040316012,-1
data\unlabelled\e29b6621-61bd-41cb-9039-8ba0748c77cc.jpg,-1,unlabeled,e29b6621-61bd-41cb-9039-8ba0748c77cc,unlabeled,-1,1,0.15818242932518178,-1
data\unlabelled\e2e331c7-2658-4a22-afef-59a66e2e36f5.jpg,-1,unlabeled,e2e331c7-2658-4a22-afef-59a66e2e36f5,unlabeled,-1,0,0.20436505168655716,-1
data\unlabelled\e3102899-9a33-4b7b-937e-debb6d16aeb1.jpg,-1,unlabeled,e3102899-9a33-4b7b-937e-debb6d16aeb1,unlabeled,-1,1,0.1779988520201341,-1
data\unlabelled\e31ccf86-45ab-42b1-9cb2-46f7ac5970a1.jpg,-1,unlabeled,e31ccf86-45ab-42b1-9cb2-46f7ac5970a1,unlabeled,-1,0,0.16548560734594864,-1
data\unlabelled\e325c59e-b404-47e3-a101-a4a2487000a4.jpg,-1,unlabeled,e325c59e-b404-47e3-a101-a4a2487000a4,unlabeled,-1,1,0.2002029391153548,-1
data\unlabelled\e3387ccf-a03b-436d-a689-47b2e99cef26.jpg,-1,unlabeled,e3387ccf-a03b-436d-a689-47b2e99cef26,unlabeled,-1,1,0.22655054362960758,-1
data\unlabelled\e33926b9-f786-48d3-8690-6720daea325c.jpg,-1,unlabeled,e33926b9-f786-48d3-8690-6720daea325c,unlabeled,-1,1,0.09894506304961304,-1
data\unlabelled\e37116d4-26f1-4aec-b4fa-f51d00435a33.jpg,-1,unlabeled,e37116d4-26f1-4aec-b4fa-f51d00435a33,unlabeled,-1,0,0.31336916788858393,-1
data\unlabelled\e3740498-dab1-4a62-b093-a667c738b6bb.jpg,-1,unlabeled,e3740498-dab1-4a62-b093-a667c738b6bb,unlabeled,-1,1,0.2400805650512975,-1
data\unlabelled\e37c973d-ce02-47b5-aa9d-726ee50a0495.jpg,-1,unlabeled,e37c973d-ce02-47b5-aa9d-726ee50a0495,unlabeled,-1,1,0.22450905700131518,-1
data\unlabelled\e3821332-345c-4d90-a70f-4d7e459569dd.jpg,-1,unlabeled,e3821332-345c-4d90-a70f-4d7e459569dd,unlabeled,-1,0,0.15165394366892337,-1
data\unlabelled\e3c09bf9-708c-4934-87ca-1bbe5b21f0d3.jpg,-1,unlabeled,e3c09bf9-708c-4934-87ca-1bbe5b21f0d3,unlabeled,-1,1,0.24160043013357557,-1
data\unlabelled\e435db67-2d1f-472d-950c-079edf57fadd.jpg,-1,unlabeled,e435db67-2d1f-472d-950c-079edf57fadd,unlabeled,-1,0,0.13603189414208483,-1
data\unlabelled\e46a0c90-ec2d-41e3-942d-15e749b5da98.jpg,-1,unlabeled,e46a0c90-ec2d-41e3-942d-15e749b5da98,unlabeled,-1,0,0.18987232489650152,-1
data\unlabelled\e4830e27-67b7-4086-bc6f-d68d8e081f20.jpg,-1,unlabeled,e4830e27-67b7-4086-bc6f-d68d8e081f20,unlabeled,-1,0,0.19535955886739276,-1
data\unlabelled\e4ae580f-2ed4-4203-9b0e-56892b986336.jpg,-1,unlabeled,e4ae580f-2ed4-4203-9b0e-56892b986336,unlabeled,-1,0,0.06969510439468929,-1
data\unlabelled\e4cb8806-6b55-49e7-aec0-f98f96c7f1c1.jpg,-1,unlabeled,e4cb8806-6b55-49e7-aec0-f98f96c7f1c1,unlabeled,-1,0,0.1409891576928911,-1
data\unlabelled\e50940e5-a20a-4eb7-8c06-cb77a0123158.jpg,-1,unlabeled,e50940e5-a20a-4eb7-8c06-cb77a0123158,unlabeled,-1,1,0.19946878625368059,-1
data\unlabelled\e554e606-348a-47c4-a6cc-aa3c2194f631.jpg,-1,unlabeled,e554e606-348a-47c4-a6cc-aa3c2194f631,unlabeled,-1,1,0.27975466785313186,-1
data\unlabelled\e596b9ee-1cc4-4bac-944f-fc380a5b924a.jpg,-1,unlabeled,e596b9ee-1cc4-4bac-944f-fc380a5b924a,unlabeled,-1,0,0.17495768023135538,-1
data\unlabelled\e657f03a-f04a-4493-baa6-ccb7848c8fe7.jpg,-1,unlabeled,e657f03a-f04a-4493-baa6-ccb7848c8fe7,unlabeled,-1,0,0.14525225190133495,-1
data\unlabelled\e676b449-e191-429e-bd03-d5488754a242.jpg,-1,unlabeled,e676b449-e191-429e-bd03-d5488754a242,unlabeled,-1,1,0.1549457646062552,-1
data\unlabelled\e69bc3be-ff42-4189-b00a-bc077cf2a284.jpg,-1,unlabeled,e69bc3be-ff42-4189-b00a-bc077cf2a284,unlabeled,-1,0,0.28473924441483756,-1
data\unlabelled\e69ebe3b-de3e-4873-b19a-845a88bd82f2.jpg,-1,unlabeled,e69ebe3b-de3e-4873-b19a-845a88bd82f2,unlabeled,-1,1,0.1331611790968099,-1
data\unlabelled\e6a1fd23-d912-4365-be9f-94f1d863566d.jpg,-1,unlabeled,e6a1fd23-d912-4365-be9f-94f1d863566d,unlabeled,-1,1,0.1549002366588038,-1
data\unlabelled\e6c71dca-2fbf-4534-8003-b007d6d2f01f.jpg,-1,unlabeled,e6c71dca-2fbf-4534-8003-b007d6d2f01f,unlabeled,-1,0,0.2344636900324708,-1
data\unlabelled\e6f11dd9-7f43-44b2-a92c-0331a75b1479.jpg,-1,unlabeled,e6f11dd9-7f43-44b2-a92c-0331a75b1479,unlabeled,-1,1,0.2162023830159846,-1
data\unlabelled\e70d0fb8-18b5-4d81-9e36-770a43ff8bc0.jpg,-1,unlabeled,e70d0fb8-18b5-4d81-9e36-770a43ff8bc0,unlabeled,-1,0,0.11353958980097623,-1
data\unlabelled\e7105e28-cf5d-4fd4-82ab-e5a70966436c.jpg,-1,unlabeled,e7105e28-cf5d-4fd4-82ab-e5a70966436c,unlabeled,-1,1,0.24125466974246124,-1
data\unlabelled\e71917e5-06af-4d12-855f-1066bff881a6.jpg,-1,unlabeled,e71917e5-06af-4d12-855f-1066bff881a6,unlabeled,-1,0,0.27043308843978564,-1
data\unlabelled\e7b6d77b-bc2b-4eaf-9037-9cf275ce5a48.jpg,-1,unlabeled,e7b6d77b-bc2b-4eaf-9037-9cf275ce5a48,unlabeled,-1,1,0.23832686848944573,-1
data\unlabelled\e7f5be64-b2c8-4a5d-887b-30525048c54f.jpg,-1,unlabeled,e7f5be64-b2c8-4a5d-887b-30525048c54f,unlabeled,-1,0,0.32312126936032004,-1
data\unlabelled\e82984f0-ff5a-412e-9f76-ba6d93d7d2d6.jpg,-1,unlabeled,e82984f0-ff5a-412e-9f76-ba6d93d7d2d6,unlabeled,-1,1,0.24002334304781003,-1
data\unlabelled\e85b1c50-29ad-4392-ac27-7fb2fc6787d7.jpg,-1,unlabeled,e85b1c50-29ad-4392-ac27-7fb2fc6787d7,unlabeled,-1,1,0.1817427548488827,-1
data\unlabelled\e8c5c861-755f-4a34-b15a-292e9fd05a33.jpg,-1,unlabeled,e8c5c861-755f-4a34-b15a-292e9fd05a33,unlabeled,-1,1,0.19238785057689478,-1
data\unlabelled\e8d7f610-23c8-4767-b9c3-05397f2e420c.jpg,-1,unlabeled,e8d7f610-23c8-4767-b9c3-05397f2e420c,unlabeled,-1,1,0.03978600744743244,-1
data\unlabelled\e91ff2a7-3285-4448-bcf3-564247f2e988.jpg,-1,unlabeled,e91ff2a7-3285-4448-bcf3-564247f2e988,unlabeled,-1,1,0.27934610712461705,-1
data\unlabelled\e958d39e-701e-4744-96a1-8916338904d7.jpg,-1,unlabeled,e958d39e-701e-4744-96a1-8916338904d7,unlabeled,-1,1,0.13684828620219291,-1
data\unlabelled\e9721e3a-e3c6-4a09-9b30-3c82b809069e.jpg,-1,unlabeled,e9721e3a-e3c6-4a09-9b30-3c82b809069e,unlabeled,-1,0,0.08944564612810557,-1
data\unlabelled\e974d081-5f30-4a37-ae0c-560a40a3d3b6.jpg,-1,unlabeled,e974d081-5f30-4a37-ae0c-560a40a3d3b6,unlabeled,-1,1,0.22670802114595023,-1
data\unlabelled\e998d78e-42b9-44c4-b7ea-0b4cbe6b250d.jpg,-1,unlabeled,e998d78e-42b9-44c4-b7ea-0b4cbe6b250d,unlabeled,-1,1,0.20279977241055125,-1
data\unlabelled\e9e0a6e5-db85-431a-b015-a86c65f06776.jpg,-1,unlabeled,e9e0a6e5-db85-431a-b015-a86c65f06776,unlabeled,-1,0,0.23220160467665585,-1
data\unlabelled\e9f6d279-0737-4ea3-b13c-59ff52bf016d.jpg,-1,unlabeled,e9f6d279-0737-4ea3-b13c-59ff52bf016d,unlabeled,-1,1,0.2275226753629782,-1
data\unlabelled\ea0f9b11-26a3-4c46-b323-81010860c9b1.jpg,-1,unlabeled,ea0f9b11-26a3-4c46-b323-81010860c9b1,unlabeled,-1,0,0.22695511555364623,-1
data\unlabelled\ea1df053-c052-4e74-a728-af2a197589b8.jpg,-1,unlabeled,ea1df053-c052-4e74-a728-af2a197589b8,unlabeled,-1,0,0.1445052640952521,-1
data\unlabelled\ea40a05f-f03c-4923-aa49-11b27e3e9d57.jpg,-1,unlabeled,ea40a05f-f03c-4923-aa49-11b27e3e9d57,unlabeled,-1,1,0.043590262905732646,-1
data\unlabelled\ea6aaf17-9aec-4254-a5aa-a90e6866751f.jpg,-1,unlabeled,ea6aaf17-9aec-4254-a5aa-a90e6866751f,unlabeled,-1,1,0.18368666258225808,-1
data\unlabelled\ea7cd9df-e4e5-42d8-926b-7fa218c92918.jpg,-1,unlabeled,ea7cd9df-e4e5-42d8-926b-7fa218c92918,unlabeled,-1,1,0.2813262173293606,-1
data\unlabelled\ea862723-cd8a-40d1-bce6-a004996997d8.jpg,-1,unlabeled,ea862723-cd8a-40d1-bce6-a004996997d8,unlabeled,-1,0,0.27948085131113476,-1
data\unlabelled\ea962881-8a48-41a4-ae4a-ec6819d348c3.jpg,-1,unlabeled,ea962881-8a48-41a4-ae4a-ec6819d348c3,unlabeled,-1,0,0.25502456127611617,-1
data\unlabelled\eb516a02-32f0-4bd5-b7d9-fe046df5ffc8.jpg,-1,unlabeled,eb516a02-32f0-4bd5-b7d9-fe046df5ffc8,unlabeled,-1,1,0.27983747629291067,-1
data\unlabelled\eb986a31-64da-4e15-8246-16f8f6668649.jpg,-1,unlabeled,eb986a31-64da-4e15-8246-16f8f6668649,unlabeled,-1,0,0.28234397058589433,-1
data\unlabelled\ebce2527-8c08-42dc-8880-ee8f180b0f9f.jpg,-1,unlabeled,ebce2527-8c08-42dc-8880-ee8f180b0f9f,unlabeled,-1,1,0.20468042135107956,-1
data\unlabelled\ec526767-f086-4dbe-ae3a-412f79a9edd0.jpg,-1,unlabeled,ec526767-f086-4dbe-ae3a-412f79a9edd0,unlabeled,-1,0,0.15589799916452463,-1
data\unlabelled\ec607df6-c21e-47c3-a8bd-bf381690cb7e.jpg,-1,unlabeled,ec607df6-c21e-47c3-a8bd-bf381690cb7e,unlabeled,-1,0,0.2339803077555569,-1
data\unlabelled\eca6422c-b1dd-4d70-a161-cce649119176.jpg,-1,unlabeled,eca6422c-b1dd-4d70-a161-cce649119176,unlabeled,-1,0,0.2192327682018922,-1
data\unlabelled\ecb564c0-9102-4916-82c5-823bf4d7ac33.jpg,-1,unlabeled,ecb564c0-9102-4916-82c5-823bf4d7ac33,unlabeled,-1,1,0.27620460239253086,-1
data\unlabelled\ecd494ef-9aed-48e7-a2a3-99c91b46bfed.jpg,-1,unlabeled,ecd494ef-9aed-48e7-a2a3-99c91b46bfed,unlabeled,-1,1,0.1066444737470571,-1
data\unlabelled\ecdd85a0-adc9-4db5-acb5-23c4b010ead1.jpg,-1,unlabeled,ecdd85a0-adc9-4db5-acb5-23c4b010ead1,unlabeled,-1,0,0.09567982218078996,-1
data\unlabelled\ed07b9e0-d1b3-4a93-bdc7-c77c3b5037d9.jpg,-1,unlabeled,ed07b9e0-d1b3-4a93-bdc7-c77c3b5037d9,unlabeled,-1,0,0.32873996946433126,-1
data\unlabelled\ed19a5b5-cf55-4914-be64-ec18ef8a896d.jpg,-1,unlabeled,ed19a5b5-cf55-4914-be64-ec18ef8a896d,unlabeled,-1,1,0.16358624271406041,-1
data\unlabelled\ed1fea6a-ba35-471e-963e-05ee5d67fd63.jpg,-1,unlabeled,ed1fea6a-ba35-471e-963e-05ee5d67fd63,unlabeled,-1,1,0.12617916218679226,-1
data\unlabelled\ed723d8e-2323-4570-87a3-938e3e1c3a32.jpg,-1,unlabeled,ed723d8e-2323-4570-87a3-938e3e1c3a32,unlabeled,-1,0,0.20229311024404273,-1
data\unlabelled\ed88b3db-1d6c-44c5-9e08-30c4a040910c.jpg,-1,unlabeled,ed88b3db-1d6c-44c5-9e08-30c4a040910c,unlabeled,-1,1,0.28643099888587853,-1
data\unlabelled\ed88b81e-bd84-4048-a38a-a59259f51dc2.jpg,-1,unlabeled,ed88b81e-bd84-4048-a38a-a59259f51dc2,unlabeled,-1,0,0.17468552216479982,-1
data\unlabelled\edb3ee76-6415-4115-b3de-2968b0be5006.jpg,-1,unlabeled,edb3ee76-6415-4115-b3de-2968b0be5006,unlabeled,-1,0,0.19879088694636948,-1
data\unlabelled\ee0737c2-8bbd-4a77-b531-dd8fa5e3dcd9.jpg,-1,unlabeled,ee0737c2-8bbd-4a77-b531-dd8fa5e3dcd9,unlabeled,-1,1,0.18320643392670066,-1
data\unlabelled\ee6a4eb1-2297-45aa-a9d6-706a9dc84004.jpg,-1,unlabeled,ee6a4eb1-2297-45aa-a9d6-706a9dc84004,unlabeled,-1,0,0.11036656796889521,-1
data\unlabelled\ee751cc3-cfee-4744-9f2d-16b177562ec1.jpg,-1,unlabeled,ee751cc3-cfee-4744-9f2d-16b177562ec1,unlabeled,-1,1,0.3017833387957892,-1
data\unlabelled\ee7a051d-5eb9-4d36-9eac-d0f1e6749978.jpg,-1,unlabeled,ee7a051d-5eb9-4d36-9eac-d0f1e6749978,unlabeled,-1,1,0.07047240247861575,-1
data\unlabelled\ee86a462-65df-4c23-88cf-3d92e54de3f5.jpg,-1,unlabeled,ee86a462-65df-4c23-88cf-3d92e54de3f5,unlabeled,-1,0,0.33135516495699824,-1
data\unlabelled\ee966356-43c4-4f71-9de8-6e958eda1667.jpg,-1,unlabeled,ee966356-43c4-4f71-9de8-6e958eda1667,unlabeled,-1,0,0.08384630977827334,-1
data\unlabelled\eeb3d054-1112-4072-af58-8311d03fdba6.jpg,-1,unlabeled,eeb3d054-1112-4072-af58-8311d03fdba6,unlabeled,-1,1,0.1703649942198192,-1
data\unlabelled\eebd905c-ee0f-44aa-a33f-fea3fab843a0.jpg,-1,unlabeled,eebd905c-ee0f-44aa-a33f-fea3fab843a0,unlabeled,-1,0,0.2471281707347479,-1
data\unlabelled\eec0feb3-3b9f-44d7-9ac0-b214a43c45de.jpg,-1,unlabeled,eec0feb3-3b9f-44d7-9ac0-b214a43c45de,unlabeled,-1,1,0.25258546730999654,-1
data\unlabelled\ef7ead73-4d2a-4c20-a056-5ded13f40bfd.jpg,-1,unlabeled,ef7ead73-4d2a-4c20-a056-5ded13f40bfd,unlabeled,-1,0,0.09812879115450224,-1
data\unlabelled\efb81603-c141-472b-98de-fcde557bd1dd.jpg,-1,unlabeled,efb81603-c141-472b-98de-fcde557bd1dd,unlabeled,-1,1,0.22637485795375822,-1
data\unlabelled\f010521c-2129-4b45-8799-2bcc3da4557f.jpg,-1,unlabeled,f010521c-2129-4b45-8799-2bcc3da4557f,unlabeled,-1,1,0.2410331185179393,-1
data\unlabelled\f028075c-66fb-4764-acfb-39b1daeba4e6.jpg,-1,unlabeled,f028075c-66fb-4764-acfb-39b1daeba4e6,unlabeled,-1,0,0.25748580966841805,-1
data\unlabelled\f052ad55-d9ab-446a-a19d-e85ff46f138c.jpg,-1,unlabeled,f052ad55-d9ab-446a-a19d-e85ff46f138c,unlabeled,-1,0,0.23659854271792924,-1
data\unlabelled\f059ae69-f3e0-4c16-8fbb-0b8c94ea31a1.jpg,-1,unlabeled,f059ae69-f3e0-4c16-8fbb-0b8c94ea31a1,unlabeled,-1,1,0.0986920651219656,-1
data\unlabelled\f0a21a25-1da2-41c1-b865-dbd187114858.jpg,-1,unlabeled,f0a21a25-1da2-41c1-b865-dbd187114858,unlabeled,-1,1,0.20465184480149246,-1
data\unlabelled\f0b03911-2262-43b9-9e50-30a1bf93f2e0.jpg,-1,unlabeled,f0b03911-2262-43b9-9e50-30a1bf93f2e0,unlabeled,-1,0,0.10567116452527281,-1
data\unlabelled\f120f5fe-495f-43aa-a88e-5cc023edf594.jpg,-1,unlabeled,f120f5fe-495f-43aa-a88e-5cc023edf594,unlabeled,-1,1,0.19571020699631703,-1
data\unlabelled\f1917d55-39f9-4ed9-9e49-f65c7b15a875.jpg,-1,unlabeled,f1917d55-39f9-4ed9-9e49-f65c7b15a875,unlabeled,-1,0,0.22463188744008744,-1
data\unlabelled\f1984eff-6b19-4ca7-b623-9c757249bf04.jpg,-1,unlabeled,f1984eff-6b19-4ca7-b623-9c757249bf04,unlabeled,-1,1,0.16533366693494533,-1
data\unlabelled\f199a8c8-85b6-49f4-bebc-f5ba26ff7852.jpg,-1,unlabeled,f199a8c8-85b6-49f4-bebc-f5ba26ff7852,unlabeled,-1,0,0.16847293065822577,-1
data\unlabelled\f19d1ab2-b3ec-439b-8b5b-2b455aee74ae.jpg,-1,unlabeled,f19d1ab2-b3ec-439b-8b5b-2b455aee74ae,unlabeled,-1,0,0.25881198468331523,-1
data\unlabelled\f19f8e50-18dd-4979-861e-4fb0062c0a98.jpg,-1,unlabeled,f19f8e50-18dd-4979-861e-4fb0062c0a98,unlabeled,-1,1,0.07006501208230653,-1
data\unlabelled\f1c28168-17e9-41ce-88b8-1f0bcc8c5cc6.jpg,-1,unlabeled,f1c28168-17e9-41ce-88b8-1f0bcc8c5cc6,unlabeled,-1,0,0.16909973857330463,-1
data\unlabelled\f1c3b35d-c786-4675-a685-8801b87bbf20.jpg,-1,unlabeled,f1c3b35d-c786-4675-a685-8801b87bbf20,unlabeled,-1,1,0.2421833073118358,-1
data\unlabelled\f20fb1f7-b654-4f7e-81d9-6ffa24df7d19.jpg,-1,unlabeled,f20fb1f7-b654-4f7e-81d9-6ffa24df7d19,unlabeled,-1,0,0.08350512700286905,-1
data\unlabelled\f210f98e-7d24-48a4-9171-004b6f52de5e.jpg,-1,unlabeled,f210f98e-7d24-48a4-9171-004b6f52de5e,unlabeled,-1,1,0.1602042876275792,-1
data\unlabelled\f21ee0ed-2d90-451b-a280-5c6ce0f1c721.jpg,-1,unlabeled,f21ee0ed-2d90-451b-a280-5c6ce0f1c721,unlabeled,-1,1,0.23910995162627635,-1
data\unlabelled\f2dc984e-3f0f-4d13-9301-f9e0b0e4e51e.jpg,-1,unlabeled,f2dc984e-3f0f-4d13-9301-f9e0b0e4e51e,unlabeled,-1,1,0.08088648209962768,-1
data\unlabelled\f2dd3eb8-320d-4e4a-b6d3-f76642ac654d.jpg,-1,unlabeled,f2dd3eb8-320d-4e4a-b6d3-f76642ac654d,unlabeled,-1,0,0.004997330680658774,-1
data\unlabelled\f2e48e96-9d99-4e4c-a492-618674724d8d.jpg,-1,unlabeled,f2e48e96-9d99-4e4c-a492-618674724d8d,unlabeled,-1,1,0.29100796362646764,-1
data\unlabelled\f2f55cc9-c4ed-4aaf-b6dc-6ea55f213df8.jpg,-1,unlabeled,f2f55cc9-c4ed-4aaf-b6dc-6ea55f213df8,unlabeled,-1,0,0.025541080261676452,-1
data\unlabelled\f2f97064-fd8d-4147-95cd-a180cfcfb913.jpg,-1,unlabeled,f2f97064-fd8d-4147-95cd-a180cfcfb913,unlabeled,-1,0,0.1849737694586172,-1
data\unlabelled\f324adf2-d0b4-4a5f-a648-6ac586eabd9a.jpg,-1,unlabeled,f324adf2-d0b4-4a5f-a648-6ac586eabd9a,unlabeled,-1,1,0.21938563703851788,-1
data\unlabelled\f35bfd59-19e6-4ec8-85b6-0fef8699f961.jpg,-1,unlabeled,f35bfd59-19e6-4ec8-85b6-0fef8699f961,unlabeled,-1,0,0.1255268855393984,-1
data\unlabelled\f3bd1d86-a448-4578-a47c-9a4c826403b1.jpg,-1,unlabeled,f3bd1d86-a448-4578-a47c-9a4c826403b1,unlabeled,-1,0,0.26961706708593325,-1
data\unlabelled\f3e24bd0-fc83-4eab-9ef7-23ecbc239db6.jpg,-1,unlabeled,f3e24bd0-fc83-4eab-9ef7-23ecbc239db6,unlabeled,-1,1,0.2133068840350728,-1
data\unlabelled\f4047893-67fd-4a03-b0b6-dd7ecde83e41.jpg,-1,unlabeled,f4047893-67fd-4a03-b0b6-dd7ecde83e41,unlabeled,-1,0,0.22369768913076926,-1
data\unlabelled\f4067a4d-8d5b-4823-9a3f-741fafc822c2.jpg,-1,unlabeled,f4067a4d-8d5b-4823-9a3f-741fafc822c2,unlabeled,-1,0,0.053682063008819614,-1
data\unlabelled\f416fc93-9b7d-4211-88be-e09539b1f9b1.jpg,-1,unlabeled,f416fc93-9b7d-4211-88be-e09539b1f9b1,unlabeled,-1,1,0.2840424016548081,-1
data\unlabelled\f44bf673-7385-48e9-90c1-7a154bbf27f7.jpg,-1,unlabeled,f44bf673-7385-48e9-90c1-7a154bbf27f7,unlabeled,-1,1,0.1894317865660653,-1
data\unlabelled\f496cf0b-abc1-4714-9efc-f521e53d98a9.jpg,-1,unlabeled,f496cf0b-abc1-4714-9efc-f521e53d98a9,unlabeled,-1,1,0.279569353886024,-1
data\unlabelled\f4a379d3-af24-4114-a7c7-2765cd83f7d5.jpg,-1,unlabeled,f4a379d3-af24-4114-a7c7-2765cd83f7d5,unlabeled,-1,1,0.2237575665730942,-1
data\unlabelled\f4f16fea-acba-43fb-b742-3b6b9c9243b0.jpg,-1,unlabeled,f4f16fea-acba-43fb-b742-3b6b9c9243b0,unlabeled,-1,0,0.09622578443796448,-1
data\unlabelled\f4f5d644-5d18-477f-b048-0e2cc5c3abe2.jpg,-1,unlabeled,f4f5d644-5d18-477f-b048-0e2cc5c3abe2,unlabeled,-1,1,0.28799427273297284,-1
data\unlabelled\f5013582-f682-4d08-8b7e-a6bc599f2137.jpg,-1,unlabeled,f5013582-f682-4d08-8b7e-a6bc599f2137,unlabeled,-1,0,0.045564919080518185,-1
data\unlabelled\f5034c6f-a2da-4bb6-b3e2-c0159e7c05e7.jpg,-1,unlabeled,f5034c6f-a2da-4bb6-b3e2-c0159e7c05e7,unlabeled,-1,0,0.14522180553446362,-1
data\unlabelled\f51373fb-e15b-4855-b0c8-4191252e5af8.jpg,-1,unlabeled,f51373fb-e15b-4855-b0c8-4191252e5af8,unlabeled,-1,1,0.17263089375928675,-1
data\unlabelled\f525c3c4-ade2-4726-916e-25b8e7a78ed3.jpg,-1,unlabeled,f525c3c4-ade2-4726-916e-25b8e7a78ed3,unlabeled,-1,0,0.1988207428534713,-1
data\unlabelled\f52abe7f-be3d-4428-8c75-a9e08f981f0b.jpg,-1,unlabeled,f52abe7f-be3d-4428-8c75-a9e08f981f0b,unlabeled,-1,0,0.2662563443838015,-1
data\unlabelled\f54be614-be07-4c7c-b361-0a2eef1ed4d7.jpg,-1,unlabeled,f54be614-be07-4c7c-b361-0a2eef1ed4d7,unlabeled,-1,0,0.21963593099452516,-1
data\unlabelled\f583ab0b-992e-49ec-bc2b-ef9672e6789d.jpg,-1,unlabeled,f583ab0b-992e-49ec-bc2b-ef9672e6789d,unlabeled,-1,0,0.142108184223942,-1
data\unlabelled\f586d603-9443-482c-9953-929dbccb173a.jpg,-1,unlabeled,f586d603-9443-482c-9953-929dbccb173a,unlabeled,-1,1,0.09601174704859505,-1
data\unlabelled\f58c647d-4a84-49d9-8ad7-c98981da914d.jpg,-1,unlabeled,f58c647d-4a84-49d9-8ad7-c98981da914d,unlabeled,-1,1,0.20695995293956337,-1
data\unlabelled\f58f4241-dafe-44ef-bf60-83929ed64b06.jpg,-1,unlabeled,f58f4241-dafe-44ef-bf60-83929ed64b06,unlabeled,-1,0,0.2146815568708943,-1
data\unlabelled\f5b50212-f975-4a37-afa5-032b2a003298.jpg,-1,unlabeled,f5b50212-f975-4a37-afa5-032b2a003298,unlabeled,-1,0,0.2975243754962741,-1
data\unlabelled\f5ded837-56e3-4590-b567-fbd1b71f3da8.jpg,-1,unlabeled,f5ded837-56e3-4590-b567-fbd1b71f3da8,unlabeled,-1,0,0.25337836017626514,-1
data\unlabelled\f5e0d8e5-d8be-4308-9584-808d88d6ae98.jpg,-1,unlabeled,f5e0d8e5-d8be-4308-9584-808d88d6ae98,unlabeled,-1,0,0.1507411620417326,-1
data\unlabelled\f6a21abe-1f7c-4bba-8f41-46db83b082e7.jpg,-1,unlabeled,f6a21abe-1f7c-4bba-8f41-46db83b082e7,unlabeled,-1,0,0.3140609726393281,-1
data\unlabelled\f6e10c2b-4aa7-49c4-bad2-dbd47dd30a78.jpg,-1,unlabeled,f6e10c2b-4aa7-49c4-bad2-dbd47dd30a78,unlabeled,-1,0,0.12529461637710504,-1
data\unlabelled\f6e3df92-dfef-4c23-af5c-26994759f219.jpg,-1,unlabeled,f6e3df92-dfef-4c23-af5c-26994759f219,unlabeled,-1,0,0.3017493711777909,-1
data\unlabelled\f7227dc6-cfd1-486b-a85f-9a9ec21766f3.jpg,-1,unlabeled,f7227dc6-cfd1-486b-a85f-9a9ec21766f3,unlabeled,-1,0,0.18693320920943524,-1
data\unlabelled\f7ae44c4-0045-4695-902e-2077b250d949.jpg,-1,unlabeled,f7ae44c4-0045-4695-902e-2077b250d949,unlabeled,-1,1,0.22935902653957674,-1
data\unlabelled\f7bd52a1-eeaf-4480-a85c-53bdaf755cff.jpg,-1,unlabeled,f7bd52a1-eeaf-4480-a85c-53bdaf755cff,unlabeled,-1,0,0.11307439222971549,-1
data\unlabelled\f7ef8c54-df83-47af-8cd1-a6bf96731e35.jpg,-1,unlabeled,f7ef8c54-df83-47af-8cd1-a6bf96731e35,unlabeled,-1,0,0.13044898044436093,-1
data\unlabelled\f825d461-7eb0-4bed-b0e3-f0c0ebde2cd5.jpg,-1,unlabeled,f825d461-7eb0-4bed-b0e3-f0c0ebde2cd5,unlabeled,-1,0,0.3072690856732305,-1
data\unlabelled\f844fccf-c118-43d6-bc9d-551403ff443e.jpg,-1,unlabeled,f844fccf-c118-43d6-bc9d-551403ff443e,unlabeled,-1,1,0.2137228652923352,-1
data\unlabelled\f84cb0d1-9d94-49e5-ad29-eed9d2e0ed13.jpg,-1,unlabeled,f84cb0d1-9d94-49e5-ad29-eed9d2e0ed13,unlabeled,-1,0,0.10710496593890662,-1
data\unlabelled\f87f69f7-91a0-45b8-a790-911e3879f174.jpg,-1,unlabeled,f87f69f7-91a0-45b8-a790-911e3879f174,unlabeled,-1,1,0.23718150685507544,-1
data\unlabelled\f8916dcf-ff6c-4b15-97d0-639b4964c443.jpg,-1,unlabeled,f8916dcf-ff6c-4b15-97d0-639b4964c443,unlabeled,-1,1,0.1582467809355005,-1
data\unlabelled\f8dda423-2779-4a01-a985-b8f09bcb0c01.jpg,-1,unlabeled,f8dda423-2779-4a01-a985-b8f09bcb0c01,unlabeled,-1,0,0.20713457314114836,-1
data\unlabelled\f8febf3a-54c6-443a-bb03-ae6282256f5b.jpg,-1,unlabeled,f8febf3a-54c6-443a-bb03-ae6282256f5b,unlabeled,-1,1,0.19535436842127762,-1
data\unlabelled\f944ba3b-78eb-4392-a365-9d079e327900.jpg,-1,unlabeled,f944ba3b-78eb-4392-a365-9d079e327900,unlabeled,-1,1,0.26147305944233445,-1
data\unlabelled\f9466180-1e6b-4152-9176-6b4e2dc186ed.jpg,-1,unlabeled,f9466180-1e6b-4152-9176-6b4e2dc186ed,unlabeled,-1,0,0.044848052625802604,-1
data\unlabelled\f947fcc8-74e2-4b6c-b7aa-157a67641ac1.jpg,-1,unlabeled,f947fcc8-74e2-4b6c-b7aa-157a67641ac1,unlabeled,-1,1,0.3025370622552044,-1
data\unlabelled\f97a64aa-6894-493b-978d-d5a133986272.jpg,-1,unlabeled,f97a64aa-6894-493b-978d-d5a133986272,unlabeled,-1,1,0.18935678427142089,-1
data\unlabelled\f9aed2f0-899f-4bc9-b915-85401fa29062.jpg,-1,unlabeled,f9aed2f0-899f-4bc9-b915-85401fa29062,unlabeled,-1,0,0.20367761546608265,-1
data\unlabelled\f9d0f331-0474-44b7-b06d-adebdf1b0d5b.jpg,-1,unlabeled,f9d0f331-0474-44b7-b06d-adebdf1b0d5b,unlabeled,-1,0,0.21863110709336808,-1
data\unlabelled\f9d60d23-9fd7-4c00-b06e-c262559c15ad.jpg,-1,unlabeled,f9d60d23-9fd7-4c00-b06e-c262559c15ad,unlabeled,-1,0,0.24096246876596117,-1
data\unlabelled\fa19fe6b-0859-4a56-94dd-62c88812fd23.jpg,-1,unlabeled,fa19fe6b-0859-4a56-94dd-62c88812fd23,unlabeled,-1,0,0.10209402488831198,-1
data\unlabelled\fa4bdb08-8c03-4f58-a309-52ca88173417.jpg,-1,unlabeled,fa4bdb08-8c03-4f58-a309-52ca88173417,unlabeled,-1,1,0.18161702972947746,-1
data\unlabelled\fa8ec37f-abf5-4028-8899-6416e8d8ffb1.jpg,-1,unlabeled,fa8ec37f-abf5-4028-8899-6416e8d8ffb1,unlabeled,-1,1,0.21403512021306936,-1
data\unlabelled\fa9d7caf-6d7b-4a43-8d9f-00f2fc2d5944.jpg,-1,unlabeled,fa9d7caf-6d7b-4a43-8d9f-00f2fc2d5944,unlabeled,-1,0,0.24644460232688503,-1
data\unlabelled\fac0dc4c-bba4-4200-b4f1-c59850226986.jpg,-1,unlabeled,fac0dc4c-bba4-4200-b4f1-c59850226986,unlabeled,-1,1,0.21490119803448415,-1
data\unlabelled\fac74fac-c0ed-45d1-853a-482ac8bf14f9.jpg,-1,unlabeled,fac74fac-c0ed-45d1-853a-482ac8bf14f9,unlabeled,-1,0,0.24239042396735888,-1
data\unlabelled\fb0c6496-779b-4e6c-8d5f-684924504ab0.jpg,-1,unlabeled,fb0c6496-779b-4e6c-8d5f-684924504ab0,unlabeled,-1,1,0.17651268308263413,-1
data\unlabelled\fb486ecf-2ace-4ce5-9d65-2702e4b64181.jpg,-1,unlabeled,fb486ecf-2ace-4ce5-9d65-2702e4b64181,unlabeled,-1,1,0.18967998964547395,-1
data\unlabelled\fb656613-7355-4508-ba32-7a633b9f3397.jpg,-1,unlabeled,fb656613-7355-4508-ba32-7a633b9f3397,unlabeled,-1,0,0.143527098174293,-1
data\unlabelled\fb6a7301-59d7-4e59-a351-093cf585b713.jpg,-1,unlabeled,fb6a7301-59d7-4e59-a351-093cf585b713,unlabeled,-1,1,0.29325702381659613,-1
data\unlabelled\fb81733b-ea25-4003-80c7-7e162a731331.jpg,-1,unlabeled,fb81733b-ea25-4003-80c7-7e162a731331,unlabeled,-1,1,0.12663442828750837,-1
data\unlabelled\fb9d36e6-f30c-4943-8f6a-adfdcaac2356.jpg,-1,unlabeled,fb9d36e6-f30c-4943-8f6a-adfdcaac2356,unlabeled,-1,0,0.21253675352884904,-1
data\unlabelled\fbe0b07a-b152-45f3-8a65-61e7e4ef554a.jpg,-1,unlabeled,fbe0b07a-b152-45f3-8a65-61e7e4ef554a,unlabeled,-1,0,0.19523221564215942,-1
data\unlabelled\fc0ab4c3-7285-4e86-99d7-959f54ec8da7.jpg,-1,unlabeled,fc0ab4c3-7285-4e86-99d7-959f54ec8da7,unlabeled,-1,1,0.24075421248162543,-1
data\unlabelled\fc0c3deb-0017-42f3-9d08-d89405c58b8f.jpg,-1,unlabeled,fc0c3deb-0017-42f3-9d08-d89405c58b8f,unlabeled,-1,1,0.19190151180159631,-1
data\unlabelled\fc82dbe0-6824-4ac8-a4a0-612f5ea53a98.jpg,-1,unlabeled,fc82dbe0-6824-4ac8-a4a0-612f5ea53a98,unlabeled,-1,0,0.1705279924101133,-1
data\unlabelled\fcc19978-f859-462a-b392-eb31378af641.jpg,-1,unlabeled,fcc19978-f859-462a-b392-eb31378af641,unlabeled,-1,0,0.1850734184477938,-1
data\unlabelled\fce8f202-27e3-403f-986d-a6944abf85a8.jpg,-1,unlabeled,fce8f202-27e3-403f-986d-a6944abf85a8,unlabeled,-1,1,0.22450190284580163,-1
data\unlabelled\fced49dd-3752-42a0-a55c-03bc4e627614.jpg,-1,unlabeled,fced49dd-3752-42a0-a55c-03bc4e627614,unlabeled,-1,1,0.35324036579034135,-1
data\unlabelled\fcf1c2ea-fe58-495e-b7b9-c30ee111b9cc.jpg,-1,unlabeled,fcf1c2ea-fe58-495e-b7b9-c30ee111b9cc,unlabeled,-1,0,0.24096246238489238,-1
data\unlabelled\fd6cada9-1b71-4020-acdf-8dbdffc05216.jpg,-1,unlabeled,fd6cada9-1b71-4020-acdf-8dbdffc05216,unlabeled,-1,1,0.06028959046621252,-1
data\unlabelled\fdb0e481-28f5-44c5-bda7-21651af175cf.jpg,-1,unlabeled,fdb0e481-28f5-44c5-bda7-21651af175cf,unlabeled,-1,0,0.213687130852949,-1
data\unlabelled\fe4454fb-f164-40a8-b7ec-dca240430694.jpg,-1,unlabeled,fe4454fb-f164-40a8-b7ec-dca240430694,unlabeled,-1,0,0.1452522461902448,-1
data\unlabelled\fe4fdff6-284e-41f9-a55d-81725888b3df.jpg,-1,unlabeled,fe4fdff6-284e-41f9-a55d-81725888b3df,unlabeled,-1,1,0.23694244407037546,-1
data\unlabelled\fe83bb10-600a-40fa-b7a9-13e79ecf1bca.jpg,-1,unlabeled,fe83bb10-600a-40fa-b7a9-13e79ecf1bca,unlabeled,-1,1,0.17585833236011694,-1
data\unlabelled\fecdc9e4-c3cf-490d-b5b4-b489a6d455bf.jpg,-1,unlabeled,fecdc9e4-c3cf-490d-b5b4-b489a6d455bf,unlabeled,-1,1,0.02101468692440933,-1
data\unlabelled\ff3d5248-a7a7-47f6-8fe4-a44a45af64f5.jpg,-1,unlabeled,ff3d5248-a7a7-47f6-8fe4-a44a45af64f5,unlabeled,-1,1,0.28567505575857144,-1
data\unlabelled\ff93375a-a8ea-4c44-9679-8b62ff51b9ef.jpg,-1,unlabeled,ff93375a-a8ea-4c44-9679-8b62ff51b9ef,unlabeled,-1,1,0.17232579960109307,-1
data\unlabelled\ffab85a5-cdb8-4c32-aa75-926199136003.jpg,-1,unlabeled,ffab85a5-cdb8-4c32-aa75-926199136003,unlabeled,-1,0,0.23779567410386626,-1
data\unlabelled\ffae953a-1429-4a56-a258-7c4c0160a117.jpg,-1,unlabeled,ffae953a-1429-4a56-a258-7c4c0160a117,unlabeled,-1,1,0.23007029999824136,-1
data\unlabelled\ffe6c966-3830-4e88-b02d-bb47fdf4da18.jpg,-1,unlabeled,ffe6c966-3830-4e88-b02d-bb47fdf4da18,unlabeled,-1,1,0.2430633281535053,-1
